date,VOO,QQQ,VEA,IEMG,SGOV,IEF,SCHP,DBMF,SGOL,BITB,CAOS,VXUS,BND
2013-01-02,,,,,,,,,,,,,
2013-01-03,-0.089839,-0.52085,-1.005313,-0.638385,0.0,-0.514067,-0.619113,0.246688,-1.196197,,0.0,-0.837032,-0.297934
2013-01-04,0.419536,-0.329066,0.564219,0.056714,0.021784,0.046988,0.069255,-0.024622,-0.480626,,0.021784,0.316516,0.155337
2013-01-07,-0.268598,0.029999,-0.504969,-0.566567,-0.043652,0.056363,0.224762,-0.098433,-0.629665,,-0.043652,-0.42066,-0.071524
2013-01-08,-0.299211,-0.195011,-0.535627,-0.702766,0.0,0.243954,0.15529,-0.073917,0.707485,,0.0,-0.59147,0.095518
2013-01-09,0.300109,0.375807,0.481839,0.497324,0.0,0.056194,0.24121,0.073972,-0.061089,,0.0,0.573721,-0.035808
2013-01-10,0.733137,0.599112,1.382241,0.723238,0.0,-0.29008,-0.240629,0.197079,0.941316,,0.0,1.246607,0.0
2013-01-11,0.044516,0.133915,0.166943,-0.812527,0.0,0.319107,0.206723,-0.098356,-0.593433,,0.0,-0.020887,0.071648
2013-01-14,-0.089064,-0.445985,0.13888,0.400067,0.0,-0.037377,-0.05153,-0.369176,0.322853,,0.0,0.06259,0.0
2013-01-15,0.044607,-0.492846,-0.138687,-0.550311,0.0,0.243236,0.223545,-0.543486,0.63149,,0.0,-0.312861,0.131147
2013-01-16,0.0,0.405212,-0.611122,-0.019048,0.0,0.130689,-0.051497,-0.099357,0.036207,,0.0,-0.460382,-0.011869
2013-01-17,0.623754,0.478327,0.838482,0.687016,0.021882,-0.456824,-0.22318,0.397818,0.434276,,0.021882,0.88296,-0.166817
2013-01-18,0.280455,-0.223144,-0.055416,0.018952,-0.021878,0.280931,0.223679,0.0,-0.168157,,-0.021878,0.041665,0.155172
2013-01-22,0.48572,0.164019,0.055447,-0.132648,0.0,0.084019,0.017224,-0.074302,0.379003,,0.0,-0.020848,-0.095351
2013-01-23,0.146483,0.610266,-0.194004,-0.512344,0.0,0.046663,-0.034387,0.049585,-0.287668,,0.0,-0.291666,0.155086
2013-01-24,0.05852,-1.375892,0.583182,-0.286078,0.021882,-0.167857,-0.085801,0.81742,-1.099895,,0.021882,0.376099,-0.142934
2013-01-25,0.555456,0.510015,1.104329,-0.286919,-0.021878,-0.663267,-0.429709,0.024573,-0.443634,,-0.021878,0.520366,-0.322023
2013-01-28,-0.116311,0.223896,-0.573436,-0.786489,0.0,-0.20693,-0.17264,0.098246,-0.299107,,0.0,-0.786871,-0.119606
2013-01-29,0.407536,0.014887,0.741548,1.160092,0.0,-0.150818,-0.2075,0.417193,0.465317,,0.0,0.980965,-0.107794
2013-01-30,-0.391368,-0.208465,0.109019,-0.554288,0.0,0.056646,0.051978,0.073315,0.749584,,0.0,-0.144652,-0.107972
2013-01-31,-0.232846,-0.223784,-0.381221,0.096078,0.021882,0.084887,0.207805,0.170938,-0.623026,,0.021882,-0.227687,0.180052
2013-02-01,0.962683,1.181362,0.792752,0.710468,-0.021878,-0.339745,-0.397476,0.19502,0.200858,,-0.021878,0.97511,-0.28094
2013-02-04,-1.097962,-1.743975,-1.817203,-1.277423,0.0,0.577676,0.641983,-0.413614,0.303725,,0.0,-1.684832,0.349124
2013-02-05,1.022497,1.474125,0.442025,0.482826,0.021882,-0.357747,-0.327568,0.415332,-0.024223,,0.021882,0.376178,-0.167969
2013-02-06,0.086767,-0.326097,0.0,-0.192209,0.0,0.302328,0.190276,0.12166,0.278661,,0.0,0.228991,0.240471
2013-02-07,-0.130041,0.089194,-0.770086,-0.750998,0.0,0.047146,-0.034508,-0.097215,-0.338297,,0.0,-0.851667,0.011942
2013-02-08,0.549699,1.025254,0.692899,0.756681,0.0,0.075338,-0.103606,0.170285,-0.206076,,0.0,0.481907,-0.023983
2013-02-11,-0.043155,0.029393,-0.082584,-0.192558,0.0,-0.103532,-0.051908,0.412824,-1.123672,,0.0,-0.041739,-0.119857
2013-02-12,0.158302,-0.41172,0.413235,0.135033,0.0,-0.103601,-0.086462,0.459499,0.098291,,0.0,0.354605,0.023963
2013-02-13,0.086224,0.354379,0.356666,0.520252,-0.021878,-0.348878,-0.225072,-0.144467,-0.521638,,-0.021878,0.374133,-0.132083
2013-02-14,0.143587,-0.029439,-0.574103,0.057519,0.021882,0.425771,0.190861,0.265208,-0.444162,,0.021882,-0.455504,0.14433
2013-02-15,-0.129032,-0.294291,-0.357426,-0.287369,-0.021878,-0.094214,-0.225178,0.0,-1.586321,,-0.021878,-0.208061,-0.084035
2013-02-19,0.689021,0.723189,1.241703,-0.057652,0.0,-0.160329,-0.121512,-0.048093,-0.302231,,0.0,0.875532,-0.036034
2013-02-20,-1.240339,-1.538636,-0.926691,-0.730498,0.021882,0.217229,-0.017368,-0.408938,-2.488317,,0.021882,-0.640623,0.072073
2013-02-21,-0.476408,-1.071604,-1.540557,-0.948814,-0.021878,0.198025,0.17386,-0.434787,0.751296,,-0.021878,-1.705519,0.096076
2013-02-22,0.870354,1.00801,1.480864,0.547386,0.021882,0.122199,0.156142,0.09705,0.224993,,0.021882,1.14267,0.048002
2013-02-25,-1.883811,-1.236275,-2.340351,-1.438873,-0.021878,0.770433,0.519758,-0.654387,0.930027,,-0.021878,-1.987473,0.323714
2013-02-26,0.674188,0.377004,0.733064,0.749654,0.0,-0.186431,-0.258484,-0.073203,1.201068,,0.0,0.811105,0.047763
2013-02-27,1.251999,1.021711,1.259403,0.939888,0.021882,-0.046794,-0.034622,0.195326,-1.023549,,0.021882,1.122137,-0.023918
2013-02-28,-0.115047,-0.208249,-0.055271,-0.523763,0.0,0.140215,0.121008,-0.243689,-1.027786,,0.0,-0.230291,0.047901
2013-03-01,0.259104,0.41731,-0.221213,0.253495,0.0,0.249448,0.310757,0.171013,-0.333334,,0.0,-0.083949,0.054957
2013-03-04,0.559937,0.445209,0.443463,-0.680776,-0.021878,-0.233004,-0.206489,-0.219474,-0.128637,,-0.021878,0.105006,-0.023845
2013-03-05,0.856636,1.477535,0.965783,0.979269,0.021882,-0.102753,0.155227,0.195497,0.173882,,0.021882,0.965164,-0.059808
2013-03-06,0.184053,-0.247535,0.245967,0.446058,-0.021878,-0.31791,-0.292764,0.243901,0.430726,,-0.021878,0.27015,-0.1676
2013-03-07,0.183687,0.262747,0.299888,0.270306,0.021882,-0.38469,-0.259066,-0.097314,-0.364871,,0.021882,0.290178,-0.143834
2013-03-08,0.394948,0.116486,0.217433,0.751029,-0.021878,-0.508465,-0.484897,0.316602,0.019276,,-0.021878,0.268631,-0.276154
2013-03-11,0.365259,0.290807,0.271221,-0.458742,0.021882,0.047313,0.069679,-0.242789,0.179855,,0.021882,0.123712,-0.048181
2013-03-12,-0.223953,-0.362495,-0.432787,-1.017657,-0.021878,0.274378,0.086922,-0.146009,0.782256,,-0.021878,-0.51464,0.192714
2013-03-13,0.140256,-0.130938,-0.217323,-0.795307,0.021882,-0.084933,0.034705,0.268097,-0.330831,,0.021882,-0.331081,-0.120159
2013-03-14,0.532386,0.335135,1.089019,0.449711,0.0,0.028348,0.138969,-0.243057,0.044683,,0.0,0.78889,0.036054
2013-03-15,-0.139332,-0.278043,0.080812,-0.856509,0.0,0.34931,0.156089,0.024356,0.17865,,0.0,-0.123565,0.120383
2013-03-18,-0.544225,-0.218965,-1.103358,-1.119209,-0.021878,0.329244,0.294349,0.292323,0.878922,,-0.021878,-0.907437,0.192267
2013-03-19,-0.238558,-0.190111,-0.299325,-0.7744,0.0,0.309423,0.051799,-0.291471,0.448261,,0.0,-0.437043,0.05998
2013-03-20,0.689211,0.703456,0.682332,0.720393,0.0,-0.383285,-0.310625,-0.048726,-0.408545,,0.0,0.794285,-0.095973
2013-03-21,-0.810195,-1.135186,-0.840306,-1.033142,0.0,0.26277,0.155792,-0.414346,0.511198,,0.0,-0.912424,0.024047
2013-03-22,0.728658,0.971625,0.908831,0.321221,0.021882,0.03741,0.051872,0.048966,-0.433249,,0.021882,0.723959,0.096015
2013-03-25,-0.280936,-0.364531,-1.306116,-0.120082,-0.021878,0.074898,0.051807,0.171237,-0.189195,,-0.021878,-0.875019,-0.012029
2013-03-26,0.746594,0.5414,0.578995,1.322399,0.021882,0.1028,0.069044,0.244198,-0.315911,,0.021882,0.609514,0.03595
2013-03-27,-0.055913,0.13102,-0.493443,0.197705,-0.021878,0.429617,0.258826,0.0,0.36128,,-0.021878,-0.208906,0.203683
2013-03-28,0.223818,0.247078,0.358128,0.177623,0.021882,-0.186089,-0.13772,0.609002,-0.555762,,0.021882,0.418662,0.012009
2013-04-01,-0.279172,-0.681454,-1.180334,-0.925929,-0.021878,0.265982,0.344667,0.266351,0.146067,,-0.021878,-0.917235,0.091178
2013-04-02,0.489946,0.788327,1.055569,0.079531,0.021882,-0.195437,-0.188894,0.096598,-1.445873,,0.021882,0.441773,0.011983
2013-04-03,-1.00294,-0.9125,-0.467276,-1.072887,-0.021878,0.419559,0.240873,-0.554882,-1.14536,,-0.021878,-0.670245,0.059947
2013-04-04,0.393972,0.029182,0.883714,-0.261092,0.0,0.399172,0.429128,0.31538,-0.2864,,0.0,0.611541,0.287468
2013-04-05,-0.392426,-0.832919,-0.438002,-0.241641,0.021882,0.314328,0.410205,0.314368,1.69724,,0.021882,-0.503027,0.274744
2013-04-08,0.619115,0.530483,0.329962,0.040367,0.0,-0.322674,-0.340471,0.096442,-0.391558,,0.0,0.105345,-0.047602
2013-04-09,0.363581,0.674289,0.411065,0.887811,0.0,0.037018,-0.222026,-0.457592,0.760407,,0.0,0.61026,-0.107242
2013-04-10,1.22614,1.951109,1.419209,0.979988,0.0,-0.415944,-0.44505,0.387121,-1.688411,,0.0,1.401369,-0.191004
2013-04-11,0.330354,-0.042877,0.780408,0.0,-0.021878,0.111392,0.257974,-0.36153,0.156129,,-0.021878,0.433157,0.047861
2013-04-12,-0.219522,-0.071461,-0.133479,-1.188364,0.021882,0.55635,0.291531,0.048371,-4.734997,,0.021882,-0.492914,0.239015
2013-04-15,-2.282408,-1.973127,-2.08558,-2.545584,0.0,0.221381,0.136765,0.483562,-8.713438,,0.0,-2.41487,0.107248
2013-04-16,1.407059,1.327338,1.447257,2.241874,0.0,-0.285325,-0.153746,-0.384979,1.1502,,0.0,1.861278,-0.023776
2013-04-17,-1.470786,-1.957653,-2.045726,-1.508763,0.0,0.184549,-0.068311,0.048314,0.00738,,0.0,-2.221758,0.04761
2013-04-18,-0.816801,-1.380111,-0.247351,0.081746,-0.021878,0.055203,-0.718821,0.289712,1.114885,,-0.021878,-0.063688,0.0595
2013-04-19,1.064908,1.369589,0.68875,1.448944,0.021882,-0.055173,0.413722,0.216641,0.861629,,0.021882,1.062452,-0.083268
2013-04-22,0.44953,1.028094,0.492451,0.46267,0.0,0.055203,0.257491,0.168172,1.737499,,0.0,0.231275,0.13099
2013-04-23,1.062964,0.959422,1.388509,0.44056,0.0,-0.064349,0.051401,0.215816,-0.704476,,0.0,1.132807,-0.023745
2013-04-24,0.027637,-0.043179,0.859302,0.358827,0.0,0.046016,0.18822,0.0,1.08212,,0.0,0.725937,-0.023851
2013-04-25,0.442762,0.53299,0.559101,0.734982,-0.021878,-0.110498,0.0,-0.33499,2.353781,,-0.021878,0.535465,-0.059464
2013-04-26,-0.220385,-0.315233,0.05293,-0.709902,0.0,0.359493,0.307513,0.120041,-0.512574,,0.0,0.061472,0.131005
2013-04-29,0.648832,0.919957,1.164397,0.993067,0.0,-0.036688,-0.15328,-0.335746,0.967764,,0.0,1.064468,0.083161
2013-04-30,0.315415,0.726402,0.261556,1.219246,0.0,-0.018384,-0.119416,-0.384979,0.324093,,0.0,0.567155,0.0
2013-05-01,-0.902364,-0.466667,-0.756616,-1.01028,0.0,0.32661,-0.011949,0.628017,-1.127222,,0.0,-0.785501,0.169017
2013-05-02,0.896771,1.264377,0.315432,0.804725,0.021882,0.0,-0.153866,-0.744122,0.52833,,0.021882,0.487187,0.023766
2013-05-03,0.943548,1.178482,1.205482,0.837217,-0.021878,-0.852844,-0.719021,-0.362754,0.159047,,-0.021878,0.949528,-0.475173
2013-05-06,0.311565,0.38821,-0.077655,0.019286,0.0,-0.129489,-0.0345,0.291259,0.013807,,0.0,-0.100103,-0.011974
2013-05-07,0.51317,-0.055195,0.259101,0.772228,0.0,-0.138936,-0.068978,-0.169413,-1.214964,,0.0,0.380622,-0.095468
2013-05-08,0.523998,0.483656,1.033865,0.670462,0.021882,0.120566,-0.20717,0.072721,1.481481,,0.021882,1.137492,0.095559
2013-05-09,-0.294068,-0.137529,-0.946579,-0.780183,0.0,-0.018474,0.01729,-0.363363,-1.122436,,0.0,-1.065505,-0.155083
2013-05-10,0.348553,0.605969,0.051713,-0.709619,-0.021878,-0.565182,-0.294055,0.170196,-0.877501,,-0.021878,0.159549,-0.251148
2013-05-13,-0.013371,0.123184,0.0,-0.656748,0.021882,-0.177038,-0.294819,-0.315546,-0.878241,,0.021882,-0.238954,-0.107834
2013-05-14,1.055443,0.519576,0.361359,0.408281,-0.021878,-0.401277,-0.400167,0.316545,-0.396936,,-0.021878,0.239526,-0.191968
2013-05-15,0.568496,0.204009,0.334341,0.077493,0.0,0.262353,0.0,0.461165,-2.298605,,0.0,0.179218,0.120137
2013-05-16,-0.460101,-0.10858,-0.820277,-0.328946,0.0,0.476694,0.279438,-0.265778,-0.429747,,0.0,-0.715546,0.144159
2013-05-17,0.95088,0.964773,0.827061,0.310609,0.021882,-0.539556,-0.505107,0.024227,-2.253106,,0.021882,0.560535,-0.215859
2013-05-20,0.0,-0.147992,0.51274,0.309658,-0.021878,-0.074837,-0.01748,-0.242188,3.105822,,-0.021878,0.776432,-0.023994
2013-05-21,0.130799,0.107808,0.153031,0.038584,0.021882,0.262062,0.262622,0.315616,-1.647675,,0.021882,0.059286,0.096081
2013-05-22,-0.666322,-0.875208,-0.891288,-1.118604,0.0,-0.793514,-0.925591,-0.484036,-0.708485,,0.0,-1.046426,-0.336191
2013-05-23,-0.355105,-0.230861,-1.515909,-0.78019,0.0,0.103567,-0.017648,0.048643,2.01427,,0.0,-1.057458,-0.011978
2013-05-24,-0.132068,-0.054534,-0.782702,-0.648711,0.0,0.037594,0.070555,0.121535,-0.641168,,0.0,-0.887276,0.01198
2013-05-28,0.713811,0.653906,0.184071,0.415503,-0.021878,-1.174655,-0.880934,-0.509825,-0.212659,,-0.021878,0.122084,-0.554204
2013-05-29,-0.761162,-0.473699,-0.866149,-0.886685,0.021882,0.408911,-0.017757,-0.073207,0.999417,,0.021882,-0.731529,0.084764
2013-05-30,0.436398,0.530375,0.47659,-0.198809,-0.021878,0.009487,-0.355522,0.048838,1.367868,,-0.021878,0.409418,-0.084692
2013-05-31,-1.46153,-0.919802,-2.002661,-1.952179,0.021882,-0.27463,0.0,-0.390536,-2.074365,,0.021882,-2.120289,-0.169609
2013-06-03,0.521108,0.177484,0.672221,1.422164,0.0,0.144542,0.10721,-0.857633,1.942391,,0.0,0.978938,-0.091257
2013-06-04,-0.305688,-0.517876,0.21367,-1.06169,0.0,-0.256332,-0.249933,0.271887,-0.905956,,0.0,-0.330048,-0.036489
2013-06-05,-1.533323,-1.301395,-2.238805,-1.660231,0.0,0.485402,0.035794,-0.197197,0.275723,,0.0,-1.82117,-0.036529
2013-06-06,0.785338,0.485785,0.572507,0.741157,-0.021878,0.123156,-0.089473,-0.568045,0.680173,,-0.021878,0.611247,0.134016
2013-06-07,1.397313,1.367411,1.165662,-0.694856,0.021882,-0.77579,-0.644594,0.596104,-2.350149,,0.021882,0.607629,-0.255503
2013-06-10,-0.039775,0.040856,0.053545,-1.25541,-0.021878,-0.247981,-0.540638,0.246945,0.471039,,-0.021878,-0.08332,-0.255979
2013-06-11,-1.020653,-0.994256,-1.258679,-1.729872,0.021882,0.248597,-0.199221,-0.394108,-0.505459,,0.021882,-1.39638,0.048867
2013-06-12,-0.776752,-1.155616,-0.054222,-0.636307,-0.021878,-0.448116,-0.689968,0.173107,0.699457,,-0.021878,-0.169111,-0.195563
2013-06-13,1.444202,1.266536,1.546781,1.643564,0.021882,0.756647,0.639862,-0.246851,-0.350957,,0.021882,1.524458,0.440791
2013-06-14,-0.612072,-0.659665,-1.17585,-1.532964,-0.021878,0.133011,0.036334,0.0,0.513615,,-0.021878,-1.230459,0.10981
2013-06-17,0.8032,0.968431,1.433238,0.91704,0.0,-0.237302,-0.381348,-0.247468,-0.430688,,0.0,1.330245,-0.073101
2013-06-18,0.770266,0.822145,0.613166,0.190198,0.0,-0.057006,0.255228,0.322493,-1.217011,,0.0,0.520964,-0.085382
2013-06-19,-1.331013,-1.114449,-1.828296,-2.763139,0.0,-1.371133,-1.218193,0.395668,-1.165204,,0.0,-1.948594,-0.585395
2013-06-20,-2.537735,-2.377668,-3.724698,-4.360102,0.0,-0.453667,-1.141187,1.330036,-5.39912,,0.0,-3.29808,-0.907864
2013-06-21,0.315162,-0.531027,0.336414,1.451609,0.021882,-1.057095,-1.191531,0.388909,1.198603,,0.021882,0.218615,-0.408593
2013-06-24,-1.264565,-0.993888,-1.716556,-1.766169,0.0,-0.24492,-0.452263,0.411631,-0.894183,,0.0,-1.991578,-0.484772
2013-06-25,1.001287,0.731399,1.443416,1.570351,0.0,-0.117861,0.302824,0.0,-0.435301,,0.0,1.30804,0.237383
2013-06-26,0.936205,0.896917,0.455311,1.523643,0.0,0.403219,0.434042,0.482286,-4.173288,,0.0,0.6456,0.348864
2013-06-27,0.668433,0.423319,1.076468,1.661658,-0.021878,0.538851,0.864374,0.167984,-1.974284,,-0.021878,1.150207,0.397442
2013-06-28,-0.623344,0.140498,-0.224198,0.920274,0.0,-0.116936,0.242177,0.311444,2.758731,,0.0,-0.109333,0.049434
2013-07-01,0.749952,0.617417,1.011282,0.043412,0.021882,0.038073,0.241562,0.023886,1.647046,,0.021882,0.788042,0.169744
2013-07-02,-0.148857,0.041776,-0.50059,-1.432314,-0.021878,0.0391,0.315123,0.382044,-0.818284,,-0.021878,-0.564718,0.024777
2013-07-03,0.094874,0.40425,-0.027928,-0.682528,0.021882,-0.195271,-0.166293,0.071374,0.514627,,0.021882,-0.240254,-0.074265
2013-07-05,1.110365,0.763584,0.419333,-0.798012,0.0,-1.6823,-1.44389,1.449949,-2.129216,,0.0,0.394154,-1.113633
2013-07-08,0.52228,0.096464,0.528943,-0.02233,-0.043692,0.586983,0.61984,-0.632609,1.129284,,-0.043692,0.436181,0.45052
2013-07-09,0.759436,0.605654,0.609264,1.117535,0.0,0.168164,0.0,0.094308,0.977095,,0.0,0.673235,0.112132
2013-07-10,0.026455,0.574606,0.192674,-0.70732,0.0,-0.355474,-0.223986,-0.070672,0.219544,,0.0,0.043107,-0.248864
2013-07-11,1.414345,1.986088,2.747272,4.341016,0.0,1.00078,0.486399,-1.060806,2.734279,,0.0,3.018574,0.67361
2013-07-12,0.026061,0.440218,-0.561516,-0.981425,0.0,-0.078499,0.260662,0.714784,-0.102666,,0.0,-0.648823,-0.136281
2013-07-15,0.364833,0.225732,0.591571,1.314383,0.0,0.314174,0.334252,0.094633,0.05534,,0.0,0.610902,0.272872
2013-07-16,-0.37648,-0.132476,-0.133697,0.233928,0.0,0.048957,0.333158,-0.567228,0.608404,,0.0,0.041902,0.148605
2013-07-17,0.247646,0.25205,0.374747,0.721393,0.0,0.440186,0.313594,0.404071,-1.256576,,0.0,0.460453,0.222366
2013-07-18,0.571992,-0.251416,0.586643,-0.821545,0.021824,-0.467512,-0.349455,0.0947,0.532891,,0.021824,0.354127,-0.160256
2013-07-19,0.181004,-1.03492,-0.105988,-0.339855,0.0,0.548038,0.682785,-0.189208,0.854429,,0.0,-0.06229,0.259352
2013-07-22,0.180609,0.294962,0.530809,0.767284,0.0,-0.009714,0.05506,-0.616124,3.067146,,0.0,0.581631,0.06159
2013-07-23,-0.206042,-0.735175,0.131942,1.057521,0.0,-0.116821,-0.311391,0.095384,0.753482,,0.0,0.454355,-0.024706
2013-07-24,-0.374324,0.323209,-0.105446,-1.088327,0.021882,-0.672375,-0.826887,0.428774,-1.714762,,0.021882,-0.411167,-0.320105
2013-07-25,0.181396,0.630802,0.105557,0.719431,-0.043692,0.147166,0.074011,-0.118595,0.822384,,-0.043692,0.206432,-0.036987
2013-07-26,0.129357,0.533584,-0.553677,-0.147073,0.0,0.088132,0.018557,0.047499,0.114349,,0.0,-0.473829,0.074106
2013-07-29,-0.297069,-0.185764,-0.874828,-1.199215,0.021824,-0.205507,-0.11108,0.356032,-0.205592,,0.021824,-0.910779,-0.012343
2013-07-30,0.012949,0.531695,-0.026733,-0.276853,-0.02182,-0.029429,0.018604,-0.094611,-0.328096,,-0.02182,-0.20889,-0.061716
2013-07-31,0.025908,0.185136,0.187255,-0.619268,0.021824,0.068566,0.500222,-0.023677,-0.183726,,0.021824,0.041858,0.111169
2013-08-01,1.217139,1.016228,1.388499,1.590051,-0.02182,-0.882523,-0.555457,0.876153,-1.012347,,-0.02182,1.276396,-0.48736
2013-08-02,0.153477,0.561789,0.790088,0.169192,0.021824,0.851863,0.42679,-0.140847,-0.224679,,0.021824,0.495868,0.323188
2013-08-05,-0.063834,0.064975,-0.104472,-0.612315,0.0,-0.314405,0.0,0.0,-0.434856,,0.0,-0.308335,0.03716
2013-08-06,-0.600735,-0.597316,-0.209288,-1.104743,0.0,0.029662,0.332584,-0.070523,-1.403832,,0.0,-0.268167,-0.061923
2013-08-07,-0.347158,-0.182777,-0.576677,-1.052628,-0.02182,0.36446,0.257797,-0.282264,0.079103,,-0.02182,-0.703041,0.148682
2013-08-08,0.348368,0.497263,0.896374,1.801954,0.0,0.147127,0.091909,-0.58977,2.220986,,0.0,1.33279,0.049478
2013-08-09,-0.282867,-0.403716,0.052295,0.277277,0.021824,0.068632,0.091775,0.142384,-0.015463,,0.021824,0.184953,0.123775
2013-08-12,-0.12899,0.235334,-0.156685,0.659269,0.0,-0.195863,-0.330063,-0.308049,1.809606,,0.0,-0.020463,-0.185385
2013-08-13,0.387377,0.560848,0.758525,0.549366,0.0,-0.902648,-0.772637,0.522926,-1.07102,,0.0,0.635986,-0.346389
2013-08-14,-0.565892,-0.376124,0.026007,0.294151,0.0,0.089052,-0.240983,-0.094601,0.921375,,0.0,-0.040766,-0.049677
2013-08-15,-1.461655,-1.692481,-0.856517,-1.194201,0.0,-0.553914,-0.743376,-0.473356,2.145462,,0.0,-0.673053,-0.360347
2013-08-16,-0.288809,-0.039718,0.183235,-0.614946,0.0,-0.387976,-0.505549,0.261594,0.685238,,0.0,-0.082153,-0.261839
2013-08-19,-0.631927,-0.172271,-0.705503,-1.856161,-0.02182,-0.429292,-0.564496,-0.426943,-0.480837,,-0.02182,-0.88367,-0.287567
2013-08-20,0.397488,0.437953,-0.157903,-0.021758,0.021824,0.541545,0.586682,0.19056,0.39396,,0.021824,-0.186625,0.288396
2013-08-21,-0.514706,-0.343485,-1.186083,-2.348306,0.0,-0.628469,-0.56444,-0.237747,-0.27395,,0.0,-1.43331,-0.387578
2013-08-22,0.875506,0.981167,1.040344,1.469558,-0.02182,-0.040156,-0.018927,0.309798,0.504862,,-0.02182,1.327742,0.1004
2013-08-23,0.328732,0.669592,0.871125,1.0753,0.021824,0.562323,0.548811,-0.166295,1.595631,,0.021824,0.60314,0.288396
2013-08-26,-0.314553,0.052223,-0.654234,-0.911882,-0.02182,0.199767,0.432875,-0.809143,0.450806,,-0.02182,-0.599524,0.175008
2013-08-27,-1.643481,-2.046714,-1.686034,-2.300621,0.0,0.568038,0.524748,0.263923,0.926531,,0.0,-1.747141,0.249562
2013-08-28,0.334206,0.385947,-0.107169,0.20188,0.0,-0.406311,-0.298275,0.358928,-0.014343,,0.0,-0.063504,-0.174212
2013-08-29,0.159849,0.702647,0.0,0.828116,0.021824,0.099576,-0.037397,-0.071532,-0.588192,,0.021824,0.021166,0.099761
2013-08-30,-0.438903,-0.64509,-1.153436,0.732519,0.0,-0.188884,-0.467654,0.190892,-0.959668,,0.0,-0.762378,-0.136981
2013-09-03,0.58783,0.569777,1.872475,0.837338,0.0,-0.567551,-0.374566,0.4763,1.296812,,0.0,1.621877,-0.223896
2013-09-04,0.836752,1.06723,0.905723,1.486005,0.0,-0.331084,-0.434473,-0.355532,-1.287399,,0.0,0.966013,-0.125276
2013-09-05,-0.026323,0.169453,-0.026439,0.904409,0.0,-0.764853,-0.872881,0.14271,-1.836071,,0.0,0.18716,-0.689964
2013-09-06,0.171264,0.117081,0.580926,1.387137,0.0,0.608501,0.459412,0.023768,1.514143,,0.0,0.622768,0.37899
2013-09-09,0.986461,1.169941,1.417719,2.399495,-0.043671,0.201676,0.171485,-0.213728,-0.168164,,-0.043671,1.774338,0.251697
2013-09-10,0.755381,0.488232,1.087244,0.945517,0.021861,-0.462748,-0.133174,-0.118984,-1.655191,,0.021861,0.912225,-0.213379
2013-09-11,0.310261,-0.191801,0.281668,-0.081465,0.0,0.505271,0.571445,-0.047664,-0.029793,,0.0,0.241055,0.27669
2013-09-12,-0.244863,-0.064013,-0.485158,-1.018956,0.0,0.010039,-0.132594,0.047687,-3.05423,,0.0,-0.681388,-0.025096
2013-09-13,0.206691,0.064054,0.359207,0.555925,0.021824,0.130777,0.113768,-0.095322,0.099896,,0.021824,0.443938,0.163212
2013-09-16,0.605875,-0.269032,0.894944,0.962331,-0.02182,0.220956,0.284158,-0.620066,-1.051663,,-0.02182,0.92403,0.125225
2013-09-17,0.410112,0.667975,0.050661,-0.020308,0.0,0.20032,0.434431,-0.311974,0.077574,,0.0,0.0,0.087554
2013-09-18,1.199575,1.199457,2.634238,3.874258,0.021824,1.24007,1.222521,0.770348,4.317831,,0.021824,2.866277,0.800111
2013-09-19,-0.163981,0.239528,-0.444228,-0.175752,0.0,-0.345737,-0.20438,0.071642,-0.104035,,0.0,-0.735324,-0.111565
2013-09-20,-0.783081,-0.34321,-0.818059,-2.171385,-0.02182,0.099133,0.27927,-0.59679,-2.916017,,-0.02182,-0.95514,-0.012436
2013-09-23,-0.367191,-0.202514,0.060254,0.239955,0.0,0.376198,0.352837,-0.264176,-0.406095,,0.0,0.079061,0.074453
2013-09-24,-0.218343,0.0,-0.200664,-0.678243,0.0,0.365041,-0.092521,0.072244,0.184645,,0.0,-0.098759,0.210979
2013-09-25,-0.321772,-0.342491,0.050281,-0.642682,0.0,0.275251,0.148143,0.120307,0.806324,,0.0,-0.098879,0.210487
2013-09-26,0.400225,0.77647,0.376759,0.283016,0.0,-0.215662,-0.055454,0.168226,-0.78464,,0.0,0.415662,-0.14826
2013-09-27,-0.424274,-0.126323,-0.200177,-1.088508,0.0,0.137514,-0.092521,-0.143955,1.028868,,0.0,-0.35481,0.024727
2013-09-30,-0.555367,-0.240297,-0.752216,-0.855892,0.0,0.166745,0.111092,-0.384424,-0.653598,,0.0,-0.791266,0.061854
2013-10-01,0.7662,1.014196,0.581068,1.849932,0.021824,-0.222627,-0.035148,0.048218,-2.861074,,0.021824,0.697881,-0.121388
2013-10-02,-0.128915,-0.037654,-0.100469,0.282548,0.0,0.16714,0.185133,0.144676,2.023941,,0.0,0.13862,0.111638
2013-10-03,-0.890418,-1.167569,-0.628662,-0.342146,0.0,0.137383,0.036964,0.024049,0.046318,,0.0,-0.474625,0.049533
2013-10-04,0.729167,0.863802,0.278346,1.110666,0.0,-0.2744,-0.184773,0.0,-0.516938,,0.0,0.258313,-0.111424
2013-10-07,-0.853138,-0.831277,-1.009318,-0.858777,0.0,0.088413,0.16659,-0.385058,0.938423,,0.0,-0.87197,0.074357
2013-10-08,-1.160342,-1.930378,-0.662718,-0.785653,0.0,-0.049126,-0.295689,0.072489,-0.238188,,0.0,-0.819659,-0.037123
2013-10-09,0.0,-0.310767,0.33357,0.913708,-0.02182,-0.176736,0.0,-0.265586,-0.985831,,-0.02182,0.725663,-0.06201
2013-10-10,2.255599,2.117387,1.866998,2.072406,-0.021856,-0.216558,-0.074184,0.411505,-1.431238,,-0.021856,1.681004,0.024833
2013-10-11,0.593407,0.788731,0.552366,0.532254,-0.021808,0.147972,-0.037064,-0.048195,-1.388886,,-0.021808,0.373916,0.037206
2013-10-14,0.435991,0.70678,0.29958,0.372544,0.0,-0.334801,-0.352544,0.192963,0.232069,,0.0,0.411794,-0.198327
2013-10-15,-0.740538,-0.388496,-0.522777,-0.87908,0.0,0.019708,0.03724,-0.312963,0.68663,,0.0,-0.585825,-0.024846
2013-10-16,1.363551,1.132349,0.850859,0.808039,0.021813,0.48408,0.26058,0.482978,-0.095156,,0.021813,0.864241,0.422422
2013-10-17,0.685263,0.57232,1.215907,0.527852,0.0,0.570256,0.519916,-0.288389,3.103419,,0.0,1.032175,0.346312
2013-10-18,0.668015,1.620452,0.588386,0.194498,0.021861,0.009694,0.147698,0.024098,-0.408002,,0.021861,0.520385,0.110943
2013-10-21,0.050065,0.219134,0.146223,-0.097091,0.0,-0.068421,-0.129084,-0.120481,0.061834,,0.0,0.134255,-0.123128
2013-10-22,0.538137,0.145708,0.949154,0.83547,0.0,0.694433,0.517102,0.530768,1.869452,,0.0,1.014925,0.320487
2013-10-23,-0.460557,-0.606409,-1.084866,-2.177268,0.0,0.174891,-0.091845,-1.00793,-0.53841,,0.0,-1.289073,0.049208
2013-10-24,0.32513,0.439317,0.682419,-0.019714,-0.021856,-0.203672,-0.036774,-0.096966,0.991157,,-0.021856,0.499298,0.0
2013-10-25,0.461165,0.716753,-0.266298,0.47284,0.021861,0.174932,0.257602,0.266926,0.400117,,0.021861,-0.114657,0.110528
2013-10-28,0.124059,0.024159,-0.145612,0.352919,0.0,-0.096992,0.054985,0.605029,0.097755,,0.0,-0.038242,-0.085851
2013-10-29,0.613387,0.168824,0.17015,0.234469,-0.021856,0.135887,-0.073365,-0.120285,-0.615991,,-0.021856,0.24881,0.073685
2013-10-30,-0.560388,-0.096346,-0.218396,-0.428864,0.0,-0.261799,-0.055045,-0.024081,-0.136052,,0.0,-0.343655,-0.110487
2013-10-31,-0.37152,-0.228933,-0.656636,-0.861359,0.0,-0.116589,-0.293819,-0.168638,-1.430519,,0.0,-0.402306,0.0
2013-11-01,0.285874,0.024191,-0.48957,-0.098747,0.0,-0.55465,-0.573121,-0.120642,-0.591259,,0.0,-0.615505,-0.26961
2013-11-04,0.452473,0.144894,0.442803,0.553437,0.0,0.196079,-0.018505,0.024163,-0.146764,,0.0,0.464488,0.061661
2013-11-05,-0.302328,0.108536,-0.857225,-1.788844,0.0,-0.450069,-0.296648,-0.048307,-0.2166,,0.0,-1.020997,-0.296073
2013-11-06,0.464207,-0.024103,0.963443,0.360298,0.021861,0.304626,0.427627,0.241634,0.503912,,0.021861,0.934219,0.173257
2013-11-07,-1.281407,-1.879518,-1.688286,-1.854842,-0.021856,0.264558,0.148167,-0.313383,-0.809932,,-0.021856,-1.71616,0.197692
2013-11-08,1.372882,1.35065,0.597298,-0.121922,0.0,-1.123684,-0.942879,-0.556237,-1.446457,,0.0,0.549345,-0.65347
2013-11-11,-0.018474,-0.157475,0.123746,-0.65104,0.021861,-0.04944,0.093336,-0.170224,-0.355086,,0.021861,-0.058542,-0.086817
2013-11-12,-0.178549,0.157723,-0.222417,-0.675814,0.0,-0.088977,-0.111935,-0.170521,-1.148246,,0.0,-0.468602,-0.049746
2013-11-13,0.770936,1.211536,0.272418,0.350519,0.0,0.415581,0.242677,-0.024405,0.368505,,0.0,0.392334,0.273414
2013-11-14,0.557027,0.311291,0.469241,1.37658,-0.021856,0.482942,0.37245,0.195265,1.141349,,-0.021856,0.566657,0.285035
2013-11-15,0.43217,0.19089,0.909533,1.803831,0.0,-0.07844,0.111324,0.438488,-0.007895,,0.0,1.049116,0.037068
2013-11-18,-0.369726,-0.976645,0.073103,0.836148,0.0,0.353302,0.222371,-0.16979,-1.10488,,0.0,0.192304,0.185304
2013-11-19,-0.194597,-0.28871,-0.29211,-0.513314,0.0,-0.371656,-0.406835,0.194383,0.0,,0.0,-0.364631,-0.197313
2013-11-20,-0.316934,-0.241208,-0.683613,-1.210568,0.0,-0.549738,-0.631201,-0.82444,-2.258399,,0.0,-0.770387,-0.271745
2013-11-21,0.782627,1.015681,0.589977,-0.020084,0.021861,0.088806,0.186821,0.366739,-0.269432,,0.021861,0.485212,0.0
2013-11-22,0.509584,0.538689,0.293279,0.562577,-0.021856,0.286025,0.298419,-0.02435,0.081868,,-0.021856,0.28975,0.223033
2013-11-25,-0.060339,0.238128,-0.292421,-1.058942,0.0,0.078686,0.092949,-0.097482,0.441717,,0.0,-0.308135,0.074106
2013-11-26,-0.048337,0.522661,-0.02445,0.262551,0.0,0.216191,0.037143,0.097577,-0.439774,,0.0,-0.231862,0.012379
2013-11-27,0.271923,0.697104,0.342214,0.664609,0.021861,-0.225484,-0.222806,0.024356,-0.368099,,0.021861,0.484117,-0.03712
2013-11-29,-0.144618,0.598483,0.170544,0.740333,-0.043659,-0.059049,-0.074475,0.0,1.018059,,-0.043659,0.327601,0.049468
2013-12-02,-0.156891,-0.291653,-0.680946,-1.866941,0.021813,-0.429405,-0.446969,0.365412,-2.47074,,0.021813,-0.902781,-0.377481
2013-12-03,-0.386895,-0.081899,-0.808013,-0.242869,0.021861,0.178026,0.056095,-0.145639,0.200001,,0.021861,-0.659045,0.099373
2013-12-04,-0.115256,0.093685,-0.567763,0.081146,0.0,-0.454201,-0.542316,-0.121549,1.696603,,0.0,-0.526869,-0.148891
2013-12-05,-0.382768,-0.128673,-0.54616,-0.587884,0.0,-0.248012,-0.18798,0.121696,-1.324826,,0.0,-0.470742,-0.174033
2013-12-06,1.134323,0.726171,1.223156,1.977975,0.0,0.089457,-0.056486,0.510457,0.132602,,0.0,1.399313,0.149414
2013-12-09,0.2291,0.407009,0.024617,0.219963,0.0,0.119307,0.113117,-0.120931,1.009772,,0.0,0.0,0.099488
2013-12-10,-0.342893,-0.069472,-0.320494,0.019948,-0.021856,0.4168,0.376435,-0.363187,1.704353,,-0.021856,-0.213817,0.211123
2013-12-11,-1.134919,-1.286394,-0.816208,-2.074585,0.021861,-0.38542,-0.187492,0.170113,-0.612305,,0.021861,-0.915464,-0.173503
2013-12-12,-0.329743,-0.258273,-0.748138,-0.407416,0.0,-0.287699,-0.33822,0.412423,-2.237354,,0.0,-0.825637,-0.260727
2013-12-13,-0.030655,-0.129436,-0.100522,0.184081,0.0,0.149192,0.282737,-0.144957,0.903808,,0.0,0.079287,0.112039
2013-12-16,0.637326,0.553846,0.729415,0.428743,-0.021856,-0.049559,0.112871,-0.169366,0.197224,,-0.021856,0.693182,0.037295
2013-12-17,-0.353138,-0.199261,-0.37455,-0.813165,0.0,0.318003,0.300462,-0.024252,-0.820138,,0.0,-0.43271,0.186408
2013-12-18,1.741646,1.162705,1.478695,1.884995,0.021861,-0.376498,-0.411968,0.096966,-0.860002,,0.021861,1.442107,-0.037226
2013-12-19,-0.090119,-0.278635,-0.04937,-1.70593,0.0,-0.417733,-0.35713,0.508603,-2.368841,,0.0,-0.350548,-0.186117
2013-12-20,0.504981,1.018401,0.529095,-0.041305,-0.021856,0.309644,0.22642,-0.144586,0.99957,,-0.021856,0.35104,0.186464
2013-12-23,1.058744,1.051991,0.988366,0.7234,0.0,-0.318642,-0.169484,0.144796,-0.304511,,0.0,0.805667,-0.124075
2013-12-24,-0.229737,0.045795,0.171272,0.430949,0.0,-0.389539,-0.282831,-0.240955,0.407258,,0.0,0.233872,-0.210637
2013-12-26,0.465306,0.331558,0.586239,-0.776457,0.0,-0.086367,-0.075621,0.120765,0.549269,,0.0,0.350086,-0.149824
2013-12-27,0.005907,-0.250694,0.509982,1.482694,0.021861,-0.060312,-0.03788,-0.12062,0.319355,,0.021861,0.581409,0.0
2013-12-30,-0.041573,-0.148565,0.531453,0.243536,0.0,0.271553,0.246143,0.362296,-1.449278,,0.0,0.500921,0.162603
2013-12-31,0.463272,0.652259,0.168286,0.829936,-0.043659,-0.451322,-0.339986,-0.144386,0.612041,,-0.043659,0.421798,-0.037443
2014-01-02,-0.898574,-0.784491,-1.679497,-3.493268,0.0,0.39293,-0.075789,-0.747171,1.605268,,0.0,-1.756401,0.087507
2014-01-03,-0.089506,-0.721853,0.024421,-0.083222,0.021813,-0.060211,0.606922,-0.242841,1.214035,,0.021813,-0.038861,0.012376
2014-01-06,-0.250757,-0.369353,-0.195159,-0.936922,-0.021808,0.281178,0.245005,-0.146051,0.008219,,-0.021808,-0.291577,0.08731
2014-01-07,0.622524,0.926771,0.586621,0.54648,0.021813,0.160243,0.206809,0.0,-0.468251,,0.021813,0.487411,0.124751
2014-01-08,0.041635,0.218081,-0.024286,-0.271744,0.0,-0.48994,-0.112548,0.170633,-0.586003,,0.0,-0.058185,-0.323782
2014-01-09,0.059468,-0.332138,-0.121516,-0.419194,-0.021808,0.26119,0.413331,-0.267686,0.265667,,-0.021808,-0.291191,0.187342
2014-01-10,0.231751,0.321798,0.900474,1.494428,0.021813,0.841963,0.355423,-0.244026,1.482155,,0.021813,1.031871,0.486363
2014-01-13,-1.268812,-1.477651,-0.844214,-0.974701,0.0,0.288174,0.093222,-0.415853,0.685383,,0.0,-0.770834,0.136536
2014-01-14,1.038901,1.906742,0.754067,1.005223,0.0,-0.376567,-0.29806,0.442136,-0.948141,,0.0,0.796278,-0.148707
2014-01-15,0.564617,0.821426,0.482859,-0.02072,0.0,-0.089518,-0.093343,0.220125,-0.196345,,0.0,0.211961,-0.062123
2014-01-16,-0.153629,0.011291,-0.168186,-0.456231,0.0,0.278753,0.130867,-0.073207,0.090169,,0.0,0.019198,0.223545
2014-01-17,-0.432082,-0.565696,-0.240667,-0.437503,-0.021808,0.238298,0.112092,-0.29303,0.974615,,-0.021808,-0.365264,0.11152
2014-01-21,0.315083,0.762421,0.410124,-0.167419,0.021813,-0.10894,-0.111967,0.587782,-0.981428,,0.021813,0.366603,0.0
2014-01-22,0.0592,0.259659,0.096089,1.152808,0.0,-0.27772,-0.205431,0.486963,-0.442332,,0.0,0.307595,-0.173172
2014-01-23,-0.805466,-0.337868,-0.744112,-2.320799,0.0,0.676173,0.393015,-0.145366,2.147438,,0.0,-1.054075,0.272685
2014-01-24,-2.149482,-1.966551,-2.756903,-2.672873,-0.021808,0.405037,0.279543,0.072805,0.410791,,-0.021808,-2.595396,0.259771
2014-01-27,-0.488187,-0.968413,-0.472535,-0.610292,0.0,-0.304962,-0.29738,-0.290996,-1.074922,,0.0,-0.61642,-0.185041
2014-01-28,0.619332,-0.058196,0.999473,0.986873,0.0,0.147963,0.205086,0.291845,-0.056763,,0.0,1.020428,0.086494
2014-01-29,-1.04209,-1.071628,-1.187555,-1.433224,0.021813,0.472864,0.35353,0.533457,1.290064,,0.021813,-1.20817,0.222193
2014-01-30,1.120815,1.848603,0.525816,0.903268,0.0,-0.098023,-0.092733,-0.410042,-2.154758,,0.0,0.581384,0.0
2014-01-31,-0.621259,-0.26593,-1.593997,0.065493,-0.021808,0.392615,0.22265,-0.532818,0.196481,,-0.021808,-1.23579,0.135534
2014-02-03,-2.187694,-2.295114,-1.923563,-2.552912,0.0,0.543555,0.573983,0.1461,1.078519,,0.0,-1.836531,0.321718
2014-02-04,0.676611,0.735525,1.032215,1.813701,0.021813,-0.301939,-0.423386,-0.243136,-0.266753,,0.021813,0.904635,-0.159748
2014-02-05,-0.168004,-0.25906,0.102187,-0.175915,-0.021808,-0.361552,-0.369775,-0.414346,0.251257,,-0.021808,0.224095,-0.209204
2014-02-06,1.340245,1.275189,1.9648,1.982808,0.0,-0.186307,-0.055718,-0.122355,-0.064681,,0.0,1.809306,-0.037052
2014-02-07,1.291733,1.783897,1.10111,0.345608,0.021813,0.265245,0.278523,0.122505,0.784727,,0.021813,1.058278,0.123434
2014-02-10,0.15789,0.572733,-0.445527,-0.79652,-0.021808,0.049023,0.111128,-0.073389,0.585968,,-0.021808,-0.355613,0.061536
2014-02-11,1.103486,1.138943,1.64096,1.996525,0.0,-0.440675,-0.314429,-0.024508,1.212988,,0.0,1.526867,-0.209279
2014-02-12,0.089945,0.191444,0.244584,-0.127686,0.021813,-0.23614,-0.204087,-0.0245,0.015776,,0.021813,0.078192,-0.172771
2014-02-13,0.491311,0.741837,0.170812,0.362191,0.0,0.473297,0.278916,0.024506,0.91446,,0.0,0.253622,0.247274
2014-02-14,0.530683,0.200804,0.438486,0.976443,0.0,-0.068736,-0.148399,-0.318464,1.226471,,0.0,0.64239,-0.037014
2014-02-18,0.148254,0.489945,0.824665,-0.735773,-0.021808,0.24559,0.204328,0.024565,0.223802,,-0.021808,0.425562,0.13568
2014-02-19,-0.686942,-0.68698,-0.769804,-0.677682,0.021813,-0.195965,-0.240948,0.270271,-0.877803,,0.021813,-0.635627,-0.086254
2014-02-20,0.56648,0.468589,0.363643,0.405104,0.0,-0.10798,-0.315743,-0.19603,1.033166,,0.0,0.329513,-0.012275
2014-02-21,-0.047477,-0.133263,0.241553,0.637098,-0.021808,0.127748,0.242205,0.07365,0.053821,,-0.021808,0.347776,0.07396
2014-02-24,0.474605,0.533765,0.843361,0.02111,0.021813,-0.098111,-0.018567,-0.269853,0.975953,,0.021813,0.673885,-0.024637
2014-02-25,-0.035437,-0.110679,-0.191162,-1.054867,0.0,0.3438,0.353277,-0.098404,0.273967,,0.0,-0.133881,0.197195
2014-02-26,0.0,-0.088537,-0.311198,-0.106606,0.0,0.293702,0.277864,0.369351,-0.903153,,0.0,-0.497873,0.209101
2014-02-27,0.555206,0.648794,0.408245,1.792956,-0.021808,0.117085,0.055401,-0.024536,0.199127,,-0.021808,0.481094,0.122799
2014-02-28,0.223189,-0.110575,0.119595,-0.650037,0.021813,-0.09748,0.129214,-0.049071,-0.557976,,0.021813,0.210692,-0.073601
2014-03-03,-0.685648,-0.741646,-2.030579,-1.414117,0.0,0.494612,0.405709,0.638368,2.159878,,0.0,-1.949505,0.211581
2014-03-04,1.42808,1.271325,1.975128,1.520012,-0.021808,-0.768402,-0.679535,-0.243993,-1.301635,,-0.021808,1.793356,-0.343586
2014-03-05,0.017399,0.27534,-0.215203,0.274184,0.021813,0.107766,0.221888,-0.048903,0.182956,,0.021813,0.0,0.135397
2014-03-06,0.319987,-0.087888,1.126279,1.303869,0.0,-0.430888,-0.221397,0.391492,0.973979,,0.0,1.110696,-0.245931
2014-03-07,-0.023242,-0.494572,-0.521325,-1.162513,-0.021808,-0.432594,-0.258819,0.146223,-0.768653,,-0.021808,-0.776491,-0.295855
2014-03-10,0.017411,0.088328,-0.666987,-0.735166,0.0,0.108616,0.074155,-0.36505,-0.022784,,0.0,-0.706278,0.061929
2014-03-11,-0.550877,-0.430385,-0.695472,-0.952176,0.0,0.098664,-0.018515,0.146564,0.562099,,0.0,-0.519056,-0.012396
2014-03-12,0.06995,0.376823,-0.434667,0.192261,0.0,0.394245,0.129608,-0.048772,1.495581,,0.0,-0.251187,0.209981
2014-03-13,-1.107104,-1.413409,-1.770539,-1.876354,0.0,0.589056,0.444154,0.463635,0.334897,,0.0,-1.627255,0.295958
2014-03-14,-0.288674,-0.68324,-0.246893,0.6519,0.0,0.009768,0.07369,0.097161,0.674971,,0.0,-0.078774,-0.061431
2014-03-17,0.898183,0.87966,1.212839,1.122645,0.0,-0.400107,-0.312933,-0.315463,-1.083035,,0.0,1.143071,-0.135321
2014-03-18,0.708629,1.207406,0.635851,1.323655,0.0,0.244977,0.166211,0.170403,-0.789513,,0.0,0.701472,0.110901
2014-03-19,-0.546617,-0.541259,-1.239348,-1.854181,0.021813,-0.92861,-0.866547,-0.413118,-1.944443,,0.021813,-1.296448,-0.467676
2014-03-20,0.567174,0.277601,-0.393713,0.236141,-0.021808,0.019799,-0.20453,-0.366023,-0.176095,,-0.021808,-0.196041,-0.086485
2014-03-21,-0.331441,-1.203296,-0.172936,0.621096,0.021813,0.187426,0.24221,-0.097977,0.475535,,0.021813,-0.019635,0.284617
2014-03-24,-0.422516,-0.876397,0.173236,0.532154,0.0,0.039386,0.223054,0.220638,-1.725197,,0.0,0.314341,0.012277
2014-03-25,0.48846,0.328736,1.146032,1.185717,0.0,-0.05904,-0.074186,-0.073386,0.108746,,0.0,0.960707,-0.02466
2014-03-26,-0.737912,-1.288014,0.024701,0.083676,-0.021808,0.423373,0.352712,0.46513,-0.744877,,-0.021808,0.01953,0.271457
2014-03-27,-0.200617,-0.560823,0.567658,1.25446,0.0,0.098093,0.07404,0.121805,-0.664478,,0.0,0.722805,0.098452
2014-03-28,0.443395,0.195657,0.711619,0.681384,0.0,-0.352701,-0.351272,-0.048665,-0.031476,,0.0,0.601246,-0.184341
2014-03-31,0.853418,0.71221,0.560412,0.656278,0.0,0.009889,0.074256,0.0,-0.755725,,0.0,0.636204,0.0
2014-04-01,0.671208,1.756634,0.726959,1.039088,0.0,-0.206846,-0.278078,-0.365221,-0.230033,,0.0,0.68966,-0.111111
2014-04-02,0.342044,0.257808,0.168373,0.423475,0.0,-0.434256,-0.24162,-0.317692,0.723482,,0.0,0.190239,-0.197793
2014-04-03,-0.155998,-0.7938,-0.336225,-0.602397,0.021813,0.069383,0.074518,0.367721,-0.260478,,0.021813,-0.284837,0.08669
2014-04-04,-1.203595,-2.659753,-0.265018,-0.161614,-0.021808,0.614157,0.391019,-0.073259,1.321627,,-0.021808,-0.228523,0.296919
2014-04-07,-1.07767,-0.949443,-0.459109,0.303541,0.0,0.236228,0.185475,-0.048913,-0.507698,,0.0,-0.343627,0.185113
2014-04-08,0.414453,0.923436,-0.072789,1.149882,0.0,0.137558,0.036962,0.366868,0.918509,,0.0,0.268168,0.07388
2014-04-09,1.078996,1.714139,1.384534,0.877521,0.0,-0.029503,0.092592,0.194912,0.163367,,0.0,1.165241,-0.024599
2014-04-10,-2.134977,-3.09721,-1.796866,-1.04784,0.0,0.421949,0.388212,0.097273,0.559176,,0.0,-1.699383,0.307721
2014-04-11,-0.900011,-1.163362,-0.561129,-0.019956,0.0,0.20509,0.25782,-0.048583,-0.015445,,0.0,-0.364952,0.061355
2014-04-14,0.805962,0.784681,0.564296,-0.199864,0.0,-0.156011,-0.146967,0.218767,0.656574,,0.0,0.424112,-0.012328
2014-04-15,0.692101,0.330311,-0.487927,-1.161395,0.0,0.117147,0.183974,0.21829,-1.780373,,0.0,-0.652707,0.049056
2014-04-16,1.054765,1.328658,1.323891,1.093995,0.0,-0.156023,0.055095,-0.096815,-0.078133,,0.0,1.024144,-0.061268
2014-04-17,0.117268,0.023202,0.362872,0.761551,0.021813,-0.566575,-0.055065,0.436058,-0.539521,,0.021813,0.535607,-0.257548
2014-04-21,0.368961,0.742439,0.168771,-0.33811,-0.021808,-0.019619,0.0,-0.458293,-0.41667,,-0.021808,0.26634,0.024504
2014-04-22,0.43764,0.794551,0.409176,-0.259455,-0.021855,-0.039245,0.0,0.290791,-0.323671,,-0.021855,0.0759,0.0
2014-04-23,-0.238171,-0.879674,-0.263686,-0.660243,0.02186,0.25549,0.275425,-0.048326,-0.102966,,0.02186,-0.303378,0.159823
2014-04-24,0.221315,0.956689,-0.024015,0.140988,0.0,-0.029336,0.036613,-0.096678,0.673908,,0.0,0.076094,0.024593
2014-04-25,-0.801909,-1.598371,-0.480819,-1.307334,0.0,0.13722,0.054943,0.0,0.700896,,0.0,-0.608151,0.036769
2014-04-28,0.304588,0.324898,0.289881,0.529854,0.0,-0.146777,-0.292711,-0.145201,-0.437943,,0.0,0.305952,-0.110335
2014-04-29,0.478873,0.797921,0.650261,0.527051,0.0,0.08814,-0.018358,0.557322,-0.031417,,0.0,0.400288,0.049055
2014-04-30,0.313893,0.2639,0.31112,-0.060466,0.0,0.264643,0.348679,-0.096382,-0.463581,,0.0,0.360736,0.221
2014-05-01,0.005815,0.297517,0.333973,0.121069,-0.021855,0.287886,0.373758,-1.085368,-0.371013,,-0.021855,0.15134,0.242958
2014-05-02,-0.162266,-0.182561,-0.142679,0.322425,0.02186,0.146469,0.182492,0.316975,0.990413,,0.02186,0.132199,0.110274
2014-05-05,0.208883,0.525781,-0.119032,-0.401752,0.0,-0.05846,-0.163983,-0.097232,0.972851,,0.0,-0.094302,-0.110152
2014-05-06,-0.868608,-1.296234,-0.143073,0.36305,-0.021855,0.117058,-0.09121,0.437954,-0.20202,,-0.021855,-0.075558,0.098011
2014-05-07,0.590024,-0.28794,0.09553,0.442101,0.0,0.077928,0.182615,-0.121117,-1.440357,,0.0,0.26457,0.048944
2014-05-08,-0.121973,-0.09243,-0.023838,-0.100026,0.0,0.107082,0.036439,0.14552,-0.007903,,0.0,0.018849,0.04888
2014-05-09,0.174479,0.370022,-0.143129,-0.080111,0.02186,-0.077735,-0.091044,-0.290624,-0.007903,,0.02186,-0.207266,-0.122217
2014-05-12,0.946083,1.647483,0.764436,1.363013,-0.021855,-0.262838,-0.237149,-0.558669,0.537258,,-0.021855,0.868565,-0.097832
2014-05-13,0.09201,0.067979,0.142293,0.336171,0.02186,0.390366,0.201088,0.073292,-0.149313,,0.02186,0.093619,0.183676
2014-05-14,-0.482559,-0.520998,-0.142091,0.630648,0.0,0.45693,0.675215,0.195265,0.912948,,0.0,0.056102,0.2567
2014-05-15,-0.900568,-0.785614,-0.450393,-0.802964,0.0,0.358062,0.453146,0.073076,-0.608323,,0.0,-0.616831,0.18293
2014-05-16,0.390282,0.654147,0.166669,1.184575,0.0,-0.21207,-0.162434,-0.170377,-0.447271,,0.0,0.319735,0.0
2014-05-19,0.342384,0.695442,-0.166391,0.058549,0.0,-0.125722,-0.289138,0.121907,0.126112,,0.0,-0.056249,-0.03655
2014-05-20,-0.659228,-0.362323,-0.666911,-0.897019,0.0,0.290331,0.217482,0.17048,0.070848,,0.0,-0.67527,0.048737
2014-05-21,0.867332,0.95457,0.815173,0.767407,-0.021855,-0.154336,-0.054233,0.024309,-0.235995,,-0.021855,0.736524,-0.085153
2014-05-22,0.27123,0.438969,0.237788,0.66394,0.0,-0.106284,0.162856,-0.121549,0.189246,,0.0,0.299966,-0.060907
2014-05-23,0.414425,0.728423,0.237269,0.019406,0.02186,0.203091,0.090313,0.048679,-0.110184,,0.02186,0.280375,0.097437
2014-05-27,0.590316,1.246163,0.615375,-0.833992,-0.021855,0.028935,0.19858,-0.243221,-2.087932,,-0.021855,0.372788,0.097442
2014-05-28,-0.102571,-0.307697,-0.305793,0.528072,0.02186,0.550136,0.504398,0.146281,-0.58743,,0.02186,-0.204274,0.328421
2014-05-29,0.570377,0.639307,0.660735,0.23346,-0.021855,-0.124787,0.017932,0.170445,-0.19427,,-0.021855,0.539625,-0.084832
2014-05-30,0.13049,0.011015,0.0,-1.106381,0.02186,-0.076908,-0.286731,-0.145845,-0.429842,,0.02186,-0.277604,-0.097137
2014-06-02,0.135919,-0.098617,0.164077,0.294416,-0.021855,-0.457593,-0.447031,-0.097354,-0.562029,,-0.021855,0.445434,-0.244609
2014-06-03,-0.062222,-0.04384,-0.210611,0.391395,0.0,-0.503227,-0.470721,-0.146207,0.221162,,0.0,-0.166316,-0.244077
2014-06-04,0.181135,0.372879,0.046902,-0.42887,0.0,-0.07779,-0.236518,-0.048809,-0.212505,,0.0,-0.01848,0.012191
2014-06-05,0.677994,0.84135,0.679745,0.900573,0.0,0.145972,0.164115,0.195326,0.745356,,0.0,0.666425,0.110093
2014-06-06,0.476986,0.574266,0.512269,0.989502,0.0,-0.077747,0.0,-0.462977,-0.016259,,0.0,0.606819,-0.012203
2014-06-09,0.100463,-0.075434,-0.11587,0.326613,0.02186,-0.145873,0.054596,0.391696,0.05692,,0.02186,0.073111,-0.085557
2014-06-10,0.022367,0.172531,-0.185513,0.459588,0.0,-0.175442,-0.163777,0.195041,0.609507,,0.0,-0.073058,-0.195656
2014-06-11,-0.32356,-0.021503,-0.464681,-0.32405,-0.021855,0.136707,0.091181,0.194708,-0.024235,,-0.021855,-0.365576,0.036749
2014-06-12,-0.744271,-0.904309,0.023325,-0.363366,0.02186,0.389767,0.291319,0.291471,0.969539,,0.02186,-0.036644,0.257232
2014-06-13,0.315706,0.293317,-0.02332,0.019211,-0.021855,-0.194127,-0.145251,0.024215,0.304074,,-0.021855,0.128438,-0.024386
2014-06-16,0.084295,0.08669,0.070021,-0.460589,0.02186,0.0,0.127267,0.096869,-0.502591,,0.02186,-0.091663,-0.024532
2014-06-17,0.263966,0.054046,-0.116642,-0.077084,-0.021855,-0.418173,-0.163449,0.0,0.016035,,-0.021855,-0.128391,-0.23218
2014-06-18,0.744959,0.562486,0.864083,1.080421,0.02186,0.527401,0.454728,0.048371,0.280582,,0.02186,0.936797,0.257315
2014-06-19,0.122261,-0.064532,0.486204,-0.438982,0.0,-0.25265,-0.090577,-0.16925,3.4775,,0.0,0.236586,-0.085607
2014-06-20,0.199965,0.117645,-0.207341,-0.230079,0.0,0.116846,0.308102,0.145322,-0.363102,,0.0,-0.07261,0.061128
2014-06-23,-0.045129,0.021559,-0.253974,-0.249792,0.0,-0.068069,-0.054172,0.19347,0.23261,,0.0,-0.199867,-0.03662
2014-06-24,-0.590288,-0.097,-0.578634,-0.038543,0.0,0.408977,0.451914,0.048273,0.14698,,0.0,-0.581667,0.183399
2014-06-25,0.425728,0.636446,0.094256,0.279896,-0.021855,0.096863,0.036017,0.072357,0.0,,-0.021855,0.037009,0.134313
2014-06-26,-0.050235,0.053611,-0.047083,0.096928,0.0,0.261651,0.215791,0.096442,-0.23173,,0.0,0.111076,0.134053
2014-06-27,0.173034,0.439252,0.18841,0.30983,0.02186,0.0,-0.017925,0.024087,0.170326,,0.02186,0.2588,0.0
2014-06-30,-0.027844,0.170644,0.117546,-0.19304,-0.021855,0.077301,0.0,0.577902,0.819292,,-0.021855,0.110666,0.085181
2014-07-01,0.702258,1.096808,0.89223,0.831721,0.02186,-0.327018,-0.408564,0.071823,-0.160993,,0.02186,0.865724,-0.192515
2014-07-02,0.071914,0.168505,0.116389,0.556296,0.0,-0.407515,-0.433892,0.071771,0.0,,0.0,0.146058,-0.268693
2014-07-03,0.503231,0.63093,0.16267,0.572299,-0.021855,-0.204635,-0.036344,-0.143439,-0.552865,,-0.021855,0.38293,-0.122414
2014-07-07,-0.324627,-0.303016,-0.765832,-0.056916,0.02186,0.244075,0.290569,0.406986,-0.038608,,0.02186,-0.672135,0.122564
2014-07-08,-0.645925,-1.205305,-1.00563,-0.436526,0.0,0.457811,0.362203,0.166909,0.030895,,0.0,-0.804627,0.183721
2014-07-09,0.416751,0.7426,0.378009,0.552837,-0.021855,0.019354,0.198518,0.047613,0.656371,,-0.021855,0.36872,0.097727
2014-07-10,-0.381788,-0.31593,-1.176732,-0.511865,0.0,0.213323,0.180037,0.499635,0.56003,,0.0,-1.047031,0.024426
2014-07-11,0.133307,0.644432,0.119072,-0.057166,0.0,0.164396,0.107898,0.023664,0.160207,,0.0,0.129928,0.146527
2014-07-14,0.493692,0.598318,0.713592,0.72451,0.0,-0.222066,-0.143612,-0.355027,-2.384033,,0.0,0.667438,-0.146313
2014-07-15,-0.171143,-0.344354,-0.307019,-0.113556,0.0,-0.0872,-0.269778,0.0,-0.920724,,0.0,-0.313096,-0.073234
2014-07-16,0.381504,0.397891,0.734374,0.284212,0.0,0.145395,0.018004,0.023768,0.291382,,0.0,0.609644,0.036667
2014-07-17,-1.173276,-1.324444,-1.317001,-1.795119,0.0,0.580386,0.558842,0.284958,1.743228,,0.0,-1.358763,0.268653
2014-07-18,1.053489,1.585256,0.83411,1.520079,-0.021839,-0.202017,-0.161301,0.118405,-0.748631,,-0.021839,0.986566,0.0
2014-07-21,-0.215149,-0.124856,-0.401763,0.322221,0.021844,0.028937,0.179549,0.354781,0.171076,,0.021844,-0.165893,0.0
2014-07-22,0.447774,0.635428,0.522051,0.982435,-0.021839,0.12522,-0.071716,0.282828,-0.489052,,-0.021839,0.590833,0.133904
2014-07-23,0.236624,0.641797,0.21246,-0.018703,0.021844,-0.00957,-0.017891,-0.258533,-0.101416,,0.021844,0.201893,-0.04853
2014-07-24,0.0,-0.113141,0.16488,0.37425,0.0,-0.404171,-0.179407,-0.212086,-1.007338,,0.0,0.128244,-0.194762
2014-07-25,-0.477636,-0.391295,-0.352707,-0.410168,0.0,0.386495,0.35943,0.188928,1.199025,,0.0,-0.347602,0.182898
2014-07-28,0.044143,0.031033,0.04718,0.711364,0.0,-0.115527,-0.035792,-0.259257,-0.163698,,0.0,0.220288,-0.024366
2014-07-29,-0.424585,-0.175657,-0.094367,-0.687738,0.0,0.134925,0.143297,0.0,-0.374761,,0.0,-0.384634,0.085168
2014-07-30,0.0,0.393358,-0.094482,-0.43048,0.0,-0.702523,-0.661882,-0.236293,-0.274293,,0.0,-0.073564,-0.376988
2014-07-31,-2.010067,-2.021058,-1.725332,-1.842103,-0.021839,-0.029081,-0.035992,-0.426336,-1.139493,,-0.021839,-1.821865,-0.109847
2014-08-01,-0.242999,-0.368331,-0.553209,0.785162,0.021844,0.588578,0.437103,0.214091,0.834662,,0.021844,-0.337425,0.333091
2014-08-04,0.702475,0.68659,0.338611,0.873998,0.0,0.057915,-0.143855,-0.308574,-0.35475,,0.0,0.620662,0.13431
2014-08-05,-1.012541,-0.765847,-1.229221,-1.544522,-0.021839,0.048273,0.072041,-0.071423,-0.023736,,-0.021839,-1.420577,-0.13413
2014-08-06,0.062487,-0.074001,-0.219641,-0.49742,0.0,0.086809,0.0,-0.285941,1.408558,,0.0,-0.113752,0.109868
2014-08-07,-0.539538,-0.317392,-0.831457,-0.422992,0.021844,0.452909,0.431933,-0.095563,0.444793,,0.021844,-0.835216,0.219469
2014-08-08,1.159137,0.721688,0.641197,0.926819,-0.021839,-0.086333,-0.107485,-0.143495,-0.023301,,-0.021839,0.593417,-0.072985
2014-08-11,0.282202,0.590136,0.245044,1.186164,0.0,-0.047994,0.035883,0.191604,-0.217584,,0.0,0.608914,0.048719
2014-08-12,-0.118204,-0.041886,0.0,0.037783,0.0,-0.144156,-0.251052,-0.07172,0.007791,,0.0,-0.094548,-0.085206
2014-08-13,0.704421,1.058456,0.684378,0.604817,0.021844,0.327092,0.251684,0.2153,0.202461,,0.021844,0.662607,0.182693
2014-08-14,0.436497,0.518523,0.461305,0.131483,-0.021839,0.201419,0.089637,-0.167095,0.093255,,-0.021839,0.376181,0.097269
2014-08-15,-0.027844,0.484859,-0.048335,-0.243874,0.021844,0.401922,0.250837,0.143474,-0.659938,,0.021844,-0.093713,0.182189
2014-08-18,0.830401,0.770026,0.556079,0.84632,-0.021839,-0.314568,-0.393203,0.023867,-0.437669,,-0.021839,0.712686,-0.206094
2014-08-19,0.530647,0.560393,0.240488,0.540818,0.021844,-0.105209,-0.197315,-0.238706,-0.22765,,0.021844,0.204835,-0.012163
2014-08-20,0.27493,0.0,-0.335849,-0.259678,-0.021839,-0.296679,-0.305702,0.454655,-0.361924,,-0.021839,-0.148687,-0.145716
2014-08-21,0.285071,0.202622,0.385046,-0.278956,0.021844,0.211248,0.252514,-0.04764,-1.089699,,0.021844,0.167499,0.109388
2014-08-22,-0.15858,0.151668,-0.431528,-0.093239,0.0,0.009577,-0.053979,0.095326,0.2395,,0.0,-0.390147,0.0
2014-08-25,0.520245,0.353378,0.674214,0.67202,0.0,0.076548,0.089998,0.214268,-0.342468,,0.0,0.764789,0.0365
2014-08-26,0.081706,0.100589,-0.023903,0.556256,0.0,-0.019079,-0.054008,0.0,0.503482,,0.0,0.092515,0.048592
2014-08-27,-0.016285,0.020076,0.28709,0.295062,-0.021839,0.277586,0.197953,-0.023729,0.039759,,-0.021839,0.351405,0.157883
2014-08-28,-0.076223,-0.110521,-0.477105,-0.772226,0.021844,0.133651,0.089807,0.023734,0.500753,,0.021844,-0.571335,0.133441
2014-08-29,0.245185,0.372218,-0.071882,-0.018523,0.0,0.009521,-0.035902,0.166327,-0.110724,,0.0,0.03709,0.0
2014-09-02,-0.027172,0.290634,0.095925,-0.037033,-0.021839,-0.638777,-0.505114,0.355785,-1.733966,,-0.021839,0.0,-0.340936
2014-09-03,-0.043545,-0.589581,0.647001,1.260649,0.021844,0.144092,0.162621,0.307255,0.362582,,0.021844,0.889385,0.170417
2014-09-04,-0.163155,-0.09051,-0.428587,-0.329541,-0.021839,-0.355044,-0.414898,0.424126,-0.561983,,-0.021839,-0.606042,-0.170127
2014-09-05,0.47941,0.503106,-0.023904,0.826605,0.021844,0.028845,-0.018075,-0.445794,0.435975,,0.021844,0.221733,-0.036633
2014-09-08,-0.254843,0.19021,-1.004493,-1.056686,-0.021839,-0.105872,-0.271708,0.306373,-0.98874,,-0.021839,-0.995594,-0.073133
2014-09-09,-0.64679,-0.829336,-0.386607,-1.178433,0.0,-0.231351,-0.363377,0.070496,0.032473,,0.0,-0.521429,-0.170558
2014-09-10,0.393905,0.826191,0.582105,-0.20494,0.021844,-0.2512,-0.382838,-0.093903,-0.486977,,0.021844,0.336972,-0.183214
2014-09-11,0.092632,-0.079954,-0.554617,-0.653461,-0.021839,-0.12579,0.054918,0.564016,-0.628005,,-0.021839,-0.503736,-0.073427
2014-09-12,-0.593459,-0.510034,-0.193983,-1.01486,0.0,-0.378282,-0.384137,-0.046738,-0.927445,,0.0,-0.506286,-0.159165
2014-09-15,-0.065718,-0.965041,-0.145787,-0.455662,0.0,0.184978,0.11013,-0.140274,0.240248,,0.0,-0.18846,0.048999
2014-09-16,0.745354,0.872923,0.41363,1.068082,0.0,-0.029207,-0.036598,-0.140471,0.099174,,0.0,0.641994,-0.036691
2014-09-17,0.14145,0.150961,-0.726925,-0.962447,0.0,-0.252674,-0.642222,0.281337,-1.089836,,0.0,-0.731745,-0.122635
2014-09-18,0.521528,0.753497,0.683416,0.209617,0.021844,-0.068176,-0.240118,0.42086,0.275459,-7.192558,0.021844,0.585964,0.012257
2014-09-19,-0.097301,-0.061936,-0.363626,-0.55143,0.0,0.380231,0.277702,0.46566,-0.615994,-6.984265,0.0,-0.582551,0.208702
2014-09-20,,,,,,,,,,3.573492,,,
2014-09-21,,,,,,,,,,-2.465854,,,
2014-09-22,,,,,,,,,,0.83521,,,
2014-09-23,-0.564219,-0.272585,-0.903338,-0.601553,0.0,0.213208,0.406615,0.092327,0.671591,8.364742,0.0,-0.684821,0.048845
2014-09-24,0.804298,1.073097,0.549805,1.44472,0.0,-0.280468,-0.147248,0.046124,-0.500329,-2.888081,0.0,0.566115,-0.061096
2014-09-25,-1.606681,-2.103381,-1.403953,-2.213205,0.0,0.484931,0.368696,0.046128,0.377138,-2.748309,0.0,-1.627444,0.244726
2014-09-26,0.805356,1.064058,0.374733,0.570717,0.0,-0.212324,-0.440828,0.299513,-0.350671,-1.736994,0.0,0.564426,-0.097675
2014-09-27,,,,,,,,,,-1.212833,,,
2014-09-28,,,,,,,,,,-5.591457,,,
2014-09-29,,,,,,,,,,-0.454421,,,
2014-09-30,-0.303642,0.14187,-0.200896,-0.099831,0.021844,-0.086866,-0.092245,0.599799,-0.670698,3.056724,0.021844,-0.215216,-0.024334
2014-10-01,-1.312371,-1.599363,-1.232702,-1.678638,0.0,0.840175,0.859147,0.068767,0.582379,-0.860334,0.0,-1.215713,0.429317
2014-10-02,-0.005611,0.0,-1.095257,0.345504,0.0,-0.297258,-0.403031,-0.183318,-0.151042,-2.226972,0.0,-0.694716,-0.073082
2014-10-03,1.116642,0.98756,0.128773,0.830477,-0.04374,-0.028767,-0.091914,0.505064,-1.815283,-4.148536,-0.04374,0.1399,-0.061005
2014-10-04,,,,,,,,,,-8.524332,,,
2014-10-05,,,,,,,,,,-2.540849,,,
2014-10-06,,,,,,,,,,2.985554,,,
2014-10-07,-1.533461,-1.418923,-1.611255,-1.031537,0.021911,0.585834,0.460005,-0.230572,0.329675,1.850467,0.021911,-1.426294,0.255465
2014-10-08,1.749251,1.946711,1.53366,1.503314,0.0,0.353284,0.549455,0.023113,0.918352,4.983236,0.0,1.406788,0.266971
2014-10-09,-2.018635,-1.614965,-2.688207,-1.540282,0.0,-0.17122,-0.12748,-0.184862,0.158625,3.424378,0.0,-2.378166,-0.157314
2014-10-10,-1.120694,-2.498474,-1.499583,-2.166082,0.0,0.390704,0.291766,0.648157,-0.025,-0.948971,0.0,-1.664636,0.084791
2014-10-11,,,,,,,,,,0.203838,,,
2014-10-12,,,,,,,,,,4.485245,,,
2014-10-13,,,,,,,,,,3.134334,,,
2014-10-14,0.162935,0.010728,0.160388,0.324768,-0.021906,0.198332,-0.199197,0.09281,0.08277,2.678181,-0.021906,0.185511,0.132821
2014-10-15,-0.743695,-0.645343,-0.560287,-1.011734,0.0,0.565473,0.054385,-0.115907,0.314258,-1.520938,0.0,-0.864333,0.229108
2014-10-16,-0.064422,-0.627916,-0.804944,-0.81767,0.021911,-0.27175,-0.090689,-0.162448,0.189611,-3.094692,0.021911,-0.560536,-0.168363
2014-10-17,1.235975,1.318207,1.622923,0.927483,0.0,-0.291335,-0.036299,0.278943,-0.148109,0.314201,0.0,1.377853,-0.072398
2014-10-18,,,,,,,,,,2.002301,,,
2014-10-19,,,,,,,,,,-0.484362,,,
2014-10-20,,,,,,,,,,-1.720205,,,
2014-10-21,1.942377,2.627378,1.082076,0.345947,-0.021906,-0.272938,-0.199732,-0.323408,0.155509,0.948166,-0.021906,1.022494,-0.144655
2014-10-22,-0.680078,-0.516132,-0.704981,-0.588057,0.021911,-0.028327,-0.036388,0.417135,-0.572041,-0.858275,0.021911,-0.749,-0.024084
2014-10-23,1.148756,1.504585,1.051816,0.101945,-0.021906,-0.415285,-0.418562,-0.207673,-0.731485,-6.457127,-0.021906,0.795437,-0.301802
2014-10-24,0.749708,0.817844,0.416344,0.611359,0.0,0.085254,-0.036554,0.185007,-0.107638,-0.020086,0.0,0.566563,0.084751
2014-10-25,,,,,,,,,,-3.090319,,,
2014-10-26,,,,,,,,,,2.140407,,,
2014-10-27,,,,,,,,,,-0.483501,,,
2014-10-28,1.150909,1.509762,1.221723,1.86057,0.0,-0.246004,-0.091343,-0.556309,-0.074694,1.311372,0.0,1.599506,-0.060526
2014-10-29,-0.11536,-0.36933,-0.590675,-0.100382,0.021911,-0.331999,-0.073208,0.0,-1.387042,-6.159368,0.021911,-0.657646,-0.169535
2014-10-30,0.632865,0.210395,0.697493,1.004608,-0.021906,0.10468,-0.109823,0.349648,-1.069653,2.894592,-0.021906,0.641904,0.072811
2014-10-31,1.132015,1.379704,1.616216,0.318326,0.021911,-0.161667,0.128294,0.37166,-2.230547,-2.022554,0.021911,1.574671,-0.169725
2014-11-01,,,,,,,,,,-3.716004,,,
2014-11-02,,,,,,,,,,0.0439,,,
2014-11-03,,,,,,,,,,0.509981,,,
2014-11-04,-0.356687,-0.334286,-0.635661,0.05987,0.021911,-0.009556,0.036632,0.092273,0.061242,0.896957,0.021911,-0.514869,-0.024393
2014-11-05,0.65622,0.009863,0.025598,-0.777837,-0.021906,0.02867,0.0,0.299513,-2.089712,2.721394,-0.021906,0.099523,0.121782
2014-11-06,0.404163,0.315675,-0.409301,-1.206017,0.021911,-0.305303,-0.091648,-0.229737,0.062511,2.8879,0.021911,-0.695949,-0.23107
2014-11-07,0.085852,-0.088506,0.025676,0.610364,-0.021906,0.641178,0.550239,-0.06904,2.730922,-1.968278,-0.021906,0.200253,0.341341
2014-11-08,,,,,,,,,,0.897448,,,
2014-11-09,,,,,,,,,,5.145186,,,
2014-11-10,,,,,,,,,,1.007533,,,
2014-11-11,0.096292,0.313807,0.587908,0.0,0.0,0.009542,-0.073172,-0.55073,1.465624,0.210124,0.0,0.478398,0.048647
2014-11-12,-0.080198,0.176007,-0.838643,-0.242247,0.0,-0.038212,-0.109883,0.346123,-0.507752,15.19357,0.0,-0.555489,-0.012131
2014-11-13,0.090902,0.429445,0.410084,-0.202347,-0.021906,0.162385,-0.091689,0.114968,0.175983,-0.667205,-0.021906,0.199537,0.073019
2014-11-14,0.03735,0.310989,0.153128,0.72994,0.0,0.20975,0.275251,-0.298594,2.529645,-5.446895,0.0,0.33844,0.0243
2014-11-15,,,,,,,,,,-5.450985,,,
2014-11-16,,,,,,,,,,3.123627,,,
2014-11-17,,,,,,,,,,-0.122202,,,
2014-11-18,0.576205,0.748225,1.075,0.487789,-0.021906,0.114252,0.0,0.114968,0.88579,-3.151714,-0.021906,0.957516,0.14589
2014-11-19,-0.180336,-0.453344,-0.329199,0.02022,0.0,-0.266376,-0.348684,0.137799,-1.133751,1.427778,0.0,-0.197538,-0.254921
2014-11-20,0.180662,0.445714,-0.50811,-0.202224,0.0,0.181294,0.221021,-0.412842,0.965688,-5.968913,0.0,-0.336575,0.121683
2014-11-21,0.562295,0.192901,0.842677,2.776112,0.0,0.199963,0.349231,0.322421,0.435522,-1.953947,0.0,1.211731,0.218793
2014-11-22,,,,,,,,,,0.590575,,,
2014-11-23,,,,,,,,,,4.151928,,,
2014-11-24,,,,,,,,,,2.537728,,,
2014-11-25,-0.031548,0.152799,0.22686,-0.555877,0.0,0.24687,0.073149,-0.389273,0.178936,-0.412047,0.0,0.215923,0.181935
2014-11-26,0.231561,0.648652,0.402255,1.117968,-0.021906,0.170462,0.018264,-0.045982,-0.161606,-1.859074,-0.021906,0.509223,0.145253
2014-11-27,,,,,,,,,,0.352911,,,
2014-11-28,,,,,,,,,,1.833251,,,
2014-11-29,,,,,,,,,,-0.253952,,,
2014-11-30,,,,,,,,,,0.680709,,,
2014-12-01,,,,,,,,,,0.316891,,,
2014-12-02,0.630498,0.400715,0.278125,-0.06125,0.0,-0.44442,-0.567525,-0.228015,-1.219824,0.545823,0.0,0.217988,-0.218056
2014-12-03,0.384369,0.180549,-0.151275,0.347219,0.0,0.037955,0.073611,-0.205657,0.996428,-1.653487,0.0,0.138358,-0.024244
2014-12-04,-0.099665,-0.047385,-0.151518,0.162803,0.0,0.351339,0.183984,-0.022895,-0.345732,-1.441563,0.0,-0.296142,0.169923
2014-12-05,0.178489,0.00944,0.202308,-0.121909,0.021911,-0.558247,-0.569307,0.664228,-1.286169,1.961559,0.021911,0.079207,-0.290775
2014-12-06,,,,,,,,,,-0.549019,,,
2014-12-07,,,,,,,,,,0.082713,,,
2014-12-08,,,,,,,,,,-3.515377,,,
2014-12-09,-0.079163,0.315426,-0.560202,-0.908168,-0.021906,0.369868,0.461229,-0.319496,2.050149,-2.677469,-0.021906,-0.560685,0.036356
2014-12-10,-1.568499,-1.572043,-1.306014,-1.333037,0.0,0.453516,0.110215,-0.343416,-0.141119,-1.662035,0.0,-1.349149,0.266807
2014-12-11,0.466742,0.474273,-0.103828,-0.823344,0.0,-0.169246,-0.128451,0.160812,-0.241086,1.195566,0.0,-0.244944,-0.096799
2014-12-12,-1.623442,-1.088628,-1.844152,-1.51126,0.021911,0.819612,0.147017,0.481631,-0.258334,0.580869,0.021911,-1.821218,0.338951
2014-12-13,,,,,,,,,,-1.465353,,,
2014-12-14,,,,,,,,,,1.22518,,,
2014-12-15,,,,,,,,,,-1.787945,,,
2014-12-16,-0.77074,-1.604178,0.752458,-0.285254,0.0,0.506448,0.515045,-0.205475,0.497211,-5.294123,0.0,0.486544,0.229588
2014-12-17,2.016287,1.820369,1.013605,2.40843,0.0,-0.690576,-0.439269,0.480457,-0.639766,-2.227715,0.0,1.347345,-0.241085
2014-12-18,1.819838,2.406637,1.795669,0.95903,0.02179,-0.563737,-0.624973,0.045523,0.789835,-2.620586,0.02179,1.661825,-0.157158
2014-12-19,0.46143,0.440042,0.207517,0.518125,-0.021786,0.368574,0.332992,-0.045503,-0.272569,2.070351,-0.021786,0.102178,0.217951
2014-12-20,,,,,,,,,,3.811003,,,
2014-12-21,,,,,,,,,,-2.761885,,,
2014-12-22,,,,,,,,,,3.44187,,,
2014-12-23,0.152437,-0.353805,-0.466453,-0.870467,0.0,-0.82856,-0.827497,0.0,0.174257,0.809315,0.0,-0.327627,-0.435777
2014-12-24,-0.010496,0.086348,0.442637,0.278424,0.02179,0.072245,-0.092763,-0.501603,0.008701,-3.598028,0.02179,0.308206,0.036527
2014-12-25,,,,,,,,,,-1.093218,,,
2014-12-26,,,,,,,,,,2.794919,,,
2014-12-27,,,,,,,,,,-3.677988,,,
2014-12-28,,,,,,,,,,0.435634,,,
2014-12-29,,,,,,,,,,-1.440239,,,
2014-12-30,-0.543279,-0.666551,-0.88429,0.063838,0.0,0.113427,-0.03693,-0.523075,1.293881,-0.618228,0.0,-0.818159,0.072991
2014-12-31,-1.040008,-1.02571,-0.603468,0.021236,0.02179,0.113393,0.314413,-0.388681,-1.345482,3.043086,0.02179,-0.309326,0.072918
2015-01-01,,,,,,,,,,-1.85638,,,
2015-01-02,,,,,,,,,,0.249172,,,
2015-01-03,,,,,,,,,,-10.776686,,,
2015-01-04,,,,,,,,,,-6.007853,,,
2015-01-05,,,,,,,,,,3.890684,,,
2015-01-06,-0.983312,-1.340826,-1.112624,-0.523105,-0.021786,0.671771,0.073303,-0.159391,1.092292,4.268163,-0.021786,-0.763462,0.289464
2015-01-07,1.24954,1.289143,1.070276,2.059588,0.0,-0.018494,0.0,0.273657,-0.586311,2.847073,0.0,1.17542,0.060291
2015-01-08,1.756873,1.913975,1.520488,1.781873,0.0,-0.407876,-0.036644,-0.090956,-0.412846,-3.733138,0.0,1.267404,-0.156316
2015-01-09,-0.842101,-0.658309,-0.481409,-0.358584,0.0,0.493306,0.183238,-0.204886,1.133678,2.491271,0.0,-0.417147,0.168512
2015-01-10,,,,,,,,,,-5.375885,,,
2015-01-11,,,,,,,,,,-3.324643,,,
2015-01-12,,,,,,,,,,0.80403,,,
2015-01-13,-0.263638,-0.029548,0.484302,0.810413,0.0,0.092325,-0.2379,-0.227685,-0.26481,-15.659308,0.0,0.525809,0.096013
2015-01-14,-0.588096,-0.551594,-0.26776,-0.423139,0.0,0.461116,0.678584,-0.410794,-0.124464,-21.144862,0.0,-0.418414,0.227865
2015-01-15,-0.933461,-1.297567,0.56374,0.063741,0.0,0.853533,0.801452,-0.504113,2.450777,17.821709,0.0,0.714216,0.44274
2015-01-16,1.238123,1.174107,1.094506,0.700623,0.0,-0.737146,-0.578252,0.13818,1.337982,-0.83252,0.0,0.980408,-0.297771
2015-01-17,,,,,,,,,,-4.24658,,,
2015-01-18,,,,,,,,,,5.560077,,,
2015-01-19,,,,,,,,,,2.149857,,,
2015-01-20,,,,,,,,,,-1.650365,,,
2015-01-21,0.523621,0.511689,0.736065,1.96449,0.02179,-0.475637,-0.489149,-0.342939,0.047371,7.373826,0.02179,0.949045,-0.191382
2015-01-22,1.530332,1.850406,0.365312,1.802362,-0.021786,-0.248221,0.0,0.757062,0.789207,2.868704,-0.021786,0.67441,0.023908
2015-01-23,-0.550003,0.221083,-0.597976,-0.691899,0.02179,0.654199,0.728299,0.478147,-0.76736,-0.22579,0.02179,-0.690214,0.323508
2015-01-24,,,,,,,,,,6.427373,,,
2015-01-25,,,,,,,,,,2.368801,,,
2015-01-26,,,,,,,,,,7.786199,,,
2015-01-27,-1.310994,-2.592628,0.077411,-0.389188,0.0,0.137624,0.289649,-0.407244,1.148051,-3.655932,0.0,-0.101098,0.059725
2015-01-28,-1.317633,-0.512655,-1.315435,-1.089853,-0.021786,0.769638,0.342971,0.113584,-0.7488,-11.219285,-0.021786,-1.295796,0.358462
2015-01-29,0.970077,0.961177,1.359102,0.166303,0.0,-0.354614,-0.071973,0.476507,-2.271285,-0.171854,0.0,0.964074,-0.107139
2015-01-30,-1.230614,-0.775357,-1.624518,-2.407606,0.0,0.876013,0.666056,-0.135503,2.234687,-3.035376,0.0,-1.523743,0.548394
2015-01-31,,,,,,,,,,-3.957601,,,
2015-02-01,,,,,,,,,,4.372216,,,
2015-02-02,,,,,,,,,,4.959644,,,
2015-02-03,1.45876,0.960994,1.423069,1.694206,0.02179,-0.843657,-0.358095,-1.287258,-1.065444,-4.601034,0.02179,1.545001,-0.309203
2015-02-04,-0.340824,-0.087412,-0.714338,-0.431917,-0.021786,0.164653,0.089867,0.411797,0.469632,-0.182608,-0.021786,-0.800797,0.035762
2015-02-05,1.015273,0.865199,1.053462,0.619719,0.0,-0.365357,-0.448865,-0.273407,0.104767,-4.294413,0.0,1.150354,-0.214681
2015-02-06,-0.280398,-0.607201,-1.194986,-1.60134,0.0,-1.118474,-0.64925,-0.159918,-2.600434,2.374368,0.0,-1.356762,-0.645467
2015-02-07,,,,,,,,,,2.46911,,,
2015-02-08,,,,,,,,,,-1.906441,,,
2015-02-09,,,,,,,,,,-1.477988,,,
2015-02-10,1.06577,1.556438,0.853128,-0.229916,0.022004,-0.250457,-0.436237,0.0,-0.575845,-0.123118,0.022004,0.50676,-0.180559
2015-02-11,0.068522,0.36398,-0.53832,-0.649376,-0.021999,-0.037208,-0.036559,0.183246,-1.208016,-0.297494,-0.021999,-0.484068,0.0
2015-02-12,0.927328,1.164359,1.54641,2.024064,0.0,0.037222,-0.273946,-0.708755,0.276382,1.176636,0.0,1.621417,0.048267
2015-02-13,0.438522,0.858491,0.710658,0.991965,0.022004,-0.334731,-0.201478,-0.276297,0.492776,6.161051,0.022004,0.658156,-0.228939
2015-02-14,,,,,,,,,,9.299703,,,
2015-02-15,,,,,,,,,,-8.742394,,,
2015-02-16,,,,,,,,,,-0.418181,,,
2015-02-17,,,,,,,,,,4.176733,,,
2015-02-18,0.020757,0.140199,0.678859,0.041031,0.0,0.479268,0.276582,-0.023125,0.287376,-2.990024,0.0,0.395069,0.278976
2015-02-19,-0.067456,0.494593,0.050008,-0.389517,0.0,-0.252509,-0.018401,-0.023168,-0.303407,1.674382,0.0,-0.11807,-0.084691
2015-02-20,0.607424,0.668561,0.998465,0.555656,-0.021999,-0.05624,0.055174,0.023174,-0.524138,1.454952,-0.021999,0.748492,0.024185
2015-02-21,,,,,,,,,,0.309702,,,
2015-02-22,,,,,,,,,,-3.499305,,,
2015-02-23,,,,,,,,,,1.235287,,,
2015-02-24,0.294233,0.073748,0.595583,1.258288,-0.021999,0.663025,0.532406,0.0,-0.161455,-0.065719,-0.021999,0.628168,0.410436
2015-02-25,-0.108077,-0.248657,0.098636,-0.122235,0.022004,0.092735,0.219055,0.046141,0.417063,-0.529876,0.022004,0.214599,0.096232
2015-02-26,-0.113355,0.507724,-0.271032,-0.081579,-0.021999,-0.593127,-0.072823,0.415338,0.177995,-0.439637,-0.021999,-0.175165,-0.276279
2015-02-27,-0.34558,-0.440818,0.074082,0.020372,0.022004,0.354244,0.601622,-0.160856,0.338438,7.360446,0.022004,-0.019511,0.084285
2015-02-28,,,,,,,,,,0.171375,,,
2015-03-01,,,,,,,,,,2.335769,,,
2015-03-02,,,,,,,,,,5.944619,,,
2015-03-03,-0.426815,-0.466281,-0.567082,-0.653611,0.022004,-0.21556,-0.018261,0.482197,-0.161058,2.188117,0.022004,-0.507131,-0.120975
2015-03-04,-0.418278,-0.385775,-0.446288,-0.88404,0.0,0.075131,0.255811,0.045727,-0.348102,-3.056416,0.0,-0.490091,0.0
2015-03-05,0.108871,0.175167,0.323739,-0.124456,0.0,0.056345,-0.236941,0.228413,-0.051125,1.130022,0.0,0.05909,0.060525
2015-03-06,-1.414204,-1.132165,-1.340588,-1.433021,-0.021999,-1.022714,-0.968188,0.79763,-2.770436,-1.251011,-0.021999,-1.378189,-0.581058
2015-03-07,,,,,,,,,,1.297285,,,
2015-03-08,,,,,,,,,,-0.690283,,,
2015-03-09,,,,,,,,,,5.559602,,,
2015-03-10,-1.642958,-1.856635,-2.087517,-2.178476,0.0,0.424604,0.092454,0.565991,-0.516728,0.743426,0.0,-2.094999,0.389212
2015-03-11,-0.234089,-0.576999,0.256865,0.648639,0.0,0.178501,0.166164,0.067544,-0.589844,1.583146,0.0,0.264978,0.109035
2015-03-12,1.290416,0.656441,1.229843,0.687461,-0.021999,0.093799,-0.3134,-0.022506,-0.02657,-0.683245,-0.021999,1.097585,0.072594
2015-03-13,-0.610663,-0.434776,-0.607437,-1.237465,0.022004,-0.149877,-0.203347,0.405045,0.194883,-3.063318,0.022004,-0.683574,-0.096745
2015-03-14,,,,,,,,,,-1.209796,,,
2015-03-15,,,,,,,,,,1.599232,,,
2015-03-16,,,,,,,,,,1.46651,,,
2015-03-17,-0.339627,0.159354,-0.100705,0.981636,0.0,0.20574,0.148216,0.112284,-0.627867,-1.750896,0.0,-0.040053,0.084577
2015-03-18,1.190113,0.982526,2.067063,2.197801,0.0,1.14794,1.51744,-1.256431,2.037903,-10.229591,0.0,2.124231,0.615663
2015-03-19,-0.461114,0.148239,-1.210216,-1.530198,0.0,-0.470553,0.091122,0.636221,-0.1221,1.806093,0.0,-1.216661,-0.299908
2015-03-20,0.905729,0.647287,2.150019,1.322994,0.0,0.407857,0.218526,-1.1741,1.170108,0.31464,0.0,1.966656,0.264654
2015-03-21,,,,,,,,,,-0.658646,,,
2015-03-22,,,,,,,,,,3.051629,,,
2015-03-23,,,,,,,,,,-0.455292,,,
2015-03-24,-0.581758,-0.360073,-0.09747,0.247741,0.022004,0.30433,0.545836,0.345161,0.257332,-7.927191,0.022004,0.038771,0.167913
2015-03-25,-1.457674,-2.288499,-0.536375,-1.420932,-0.021999,-0.432088,-0.054256,0.091731,0.11978,0.245121,-0.021999,-0.995477,-0.155727
2015-03-26,-0.249185,-0.341388,-0.812618,-0.689364,0.0,-0.563202,-0.525079,0.320703,0.692192,0.948424,0.0,-0.569548,-0.323747
2015-03-27,0.207277,0.399644,0.223446,0.273478,0.0,0.389987,0.0,0.114187,-0.441314,-0.604747,0.0,0.079004,0.096236
2015-03-28,,,,,,,,,,2.335352,,,
2015-03-29,,,,,,,,,,-3.989354,,,
2015-03-30,,,,,,,,,,1.983002,,,
2015-03-31,-0.880149,-1.058764,-1.410907,-0.309402,0.043788,0.258919,0.255626,0.68211,-0.172358,-1.334002,0.043788,-1.041699,0.108015
2015-04-01,-0.322407,-0.520857,0.702929,1.386287,-0.043769,0.475968,0.691868,-0.383904,1.761054,1.248036,-0.043769,0.79444,0.398009
2015-04-02,0.296916,0.066652,0.747957,1.326544,0.021779,-0.285138,-0.23507,-0.884156,-0.246015,2.3185,0.021779,0.90642,-0.131765
2015-04-03,,,,,,,,,,0.520544,,,
2015-04-04,,,,,,,,,,-0.245751,,,
2015-04-05,,,,,,,,,,2.720168,,,
2015-04-06,,,,,,,,,,-1.959335,,,
2015-04-07,-0.267748,-0.169845,0.0,-0.496902,0.022004,0.082969,0.289306,0.504601,-0.478953,-0.904925,0.022004,-0.057954,0.059913
2015-04-08,0.363212,0.793944,0.465718,2.057518,0.0,-0.092044,-0.21633,0.296655,-0.734548,-3.222209,0.0,0.734185,-0.07186
2015-04-09,0.435321,0.628285,0.14639,0.978661,-0.021999,-0.40535,-0.379468,0.682595,-0.501829,-0.549342,-0.021999,0.383588,-0.215639
2015-04-10,0.548345,0.410011,0.194895,0.077551,0.0,-0.027741,-0.072593,0.090405,1.094206,-3.120533,0.0,0.114618,-0.048045
2015-04-11,,,,,,,,,,0.203326,,,
2015-04-12,,,,,,,,,,-0.168674,,,
2015-04-13,,,,,,,,,,-4.89767,,,
2015-04-14,0.1826,-0.288442,0.757747,0.447491,0.021779,0.295507,0.181472,-0.539683,-0.64692,-2.416885,0.021779,0.767608,0.180191
2015-04-15,0.458269,0.62517,0.460921,0.503558,-0.021774,0.055194,0.271652,-0.248713,0.839621,2.132696,-0.021774,0.590354,0.095939
2015-04-16,-0.036247,-0.13907,0.241496,0.94433,0.021779,0.073628,0.180547,-0.498616,-0.280374,2.117653,0.021779,0.37867,-0.024013
2015-04-17,-1.161655,-1.560035,-1.204521,-1.947314,-0.021774,0.202334,0.522807,0.410002,0.400442,-2.489793,-0.021774,-1.339139,0.167716
2015-04-18,,,,,,,,,,0.212668,,,
2015-04-19,,,,,,,,,,-0.338472,,,
2015-04-20,,,,,,,,,,0.910153,,,
2015-04-21,-0.098794,0.427532,0.851997,0.584114,0.021779,-0.211384,-0.394989,-0.13568,0.47012,4.738093,0.021779,0.745086,-0.119754
2015-04-22,0.49446,0.545984,0.217224,0.967873,-0.021774,-0.580428,-0.468614,-0.045311,-1.182576,-0.464576,-0.021774,0.284523,-0.371574
2015-04-23,0.258928,0.377363,0.433545,0.76687,0.0,0.305826,0.2354,-0.498534,0.628497,0.976193,0.0,0.510591,0.192527
2015-04-24,0.201442,1.357037,0.55156,0.247319,0.0,0.351017,0.397439,0.250501,-1.334703,-2.196547,0.0,0.43271,0.156068
2015-04-25,,,,,,,,,,-2.109244,,,
2015-04-26,,,,,,,,,,-3.074344,,,
2015-04-27,,,,,,,,,,4.491639,,,
2015-04-28,0.310538,-0.199536,0.166335,0.321392,0.0,-0.461008,-0.557522,-0.590236,0.798979,-1.496384,0.0,0.111789,-0.31204
2015-04-29,-0.407626,-0.627054,-0.87764,-1.111921,0.0,-0.370538,-0.235112,-0.616573,-0.657729,-0.020809,0.0,-0.76323,-0.312882
2015-04-30,-0.994671,-1.572962,-1.005006,-1.200675,0.0,-0.027929,0.235666,0.252752,-1.757065,4.577785,0.0,-1.012926,0.108688
2015-05-01,1.046526,1.319354,0.846044,0.385777,-0.021774,-0.546661,-0.488332,0.18336,-0.362889,-1.721827,-0.021774,0.77694,-0.303386
2015-05-02,,,,,,,,,,1.22846,,,
2015-05-03,,,,,,,,,,2.310479,,,
2015-05-04,,,,,,,,,,-0.5575,,,
2015-05-05,-1.166739,-1.629602,-1.508573,-0.974768,0.0,-0.168954,-0.091169,0.022872,0.34376,-1.212044,0.0,-1.370087,-0.1578
2015-05-06,-0.402211,-0.688681,0.218783,-1.177394,0.0,-0.488794,-0.620819,0.0,-0.111336,-2.684642,0.0,-0.057095,-0.279703
2015-05-07,0.403835,0.599757,-0.339632,-0.312487,-0.021774,0.425062,0.25725,-0.251711,-0.720223,3.286594,-0.021774,-0.399856,0.207305
2015-05-08,1.311112,1.248252,2.166525,1.371474,0.021779,0.385681,0.238195,-0.183522,0.43181,2.750978,0.021779,1.969015,0.267728
2015-05-09,,,,,,,,,,-0.832847,,,
2015-05-10,,,,,,,,,,-0.63515,,,
2015-05-11,,,,,,,,,,0.774877,,,
2015-05-12,-0.290102,-0.452574,0.0,-0.195244,0.021779,0.075741,0.184533,0.52789,0.802896,-0.431952,0.021779,-0.075589,-0.122035
2015-05-13,0.03117,0.204135,0.721128,0.293433,0.0,-0.132355,-0.092101,-0.022827,1.781434,-1.963818,0.0,0.548521,-0.048785
2015-05-14,1.044014,1.46296,1.193303,1.092253,-0.021774,0.340799,0.147512,-0.525237,0.563787,0.233526,-0.021774,1.185075,0.19549
2015-05-15,0.102867,0.0,0.117945,0.636714,0.0,0.717227,0.625759,-0.068865,0.259394,0.285315,0.0,0.278866,0.402412
2015-05-16,,,,,,,,,,-0.611097,,,
2015-05-17,,,,,,,,,,0.274823,,,
2015-05-18,,,,,,,,,,-1.551505,,,
2015-05-19,-0.051171,-0.109027,-0.378138,0.174063,0.0,-0.44337,-0.47783,-0.160856,-1.401746,-0.506589,0.0,-0.279448,-0.21947
2015-05-20,-0.066608,0.063695,0.189822,0.0,0.0,0.217917,0.258531,0.483319,0.15232,0.892876,0.0,0.130764,0.0
2015-05-21,0.30243,0.518111,0.544625,-0.308868,0.021779,0.59565,0.386787,0.297754,-0.33798,0.566618,0.021779,0.410458,0.317683
2015-05-22,-0.219729,-0.099475,-0.612358,0.271092,0.0,-0.22558,0.128494,0.022832,-0.067829,2.126255,0.0,-0.464479,-0.060879
2015-05-23,,,,,,,,,,-0.614115,,,
2015-05-24,,,,,,,,,,0.871182,,,
2015-05-25,,,,,,,,,,-1.594918,,,
2015-05-26,,,,,,,,,,0.002529,,,
2015-05-27,0.921458,1.611682,0.843578,0.13726,0.0,-0.056187,-0.091509,-0.159918,-0.017219,0.070433,0.0,0.759581,0.048605
2015-05-28,-0.092282,-0.225294,-0.215102,-1.252947,-0.021774,0.09368,-0.036631,0.068669,0.146394,0.05268,-0.021774,-0.471162,0.012157
2015-05-29,-0.652119,-0.596159,-0.958092,-0.971446,0.0,0.056083,0.238195,0.525946,0.0516,-0.131424,0.0,-0.98467,0.036446
2015-05-30,,,,,,,,,,-1.582056,,,
2015-05-31,,,,,,,,,,-1.352075,,,
2015-06-01,,,,,,,,,,-3.155657,,,
2015-06-02,-0.103104,-0.316963,0.339405,0.300898,0.021779,-0.696287,-0.422444,-0.205044,0.335278,1.290562,0.021779,0.556308,-0.280767
2015-06-03,0.273561,0.299839,0.579818,-0.459969,0.0,-0.852775,-0.68253,-0.273876,-0.659752,0.031443,0.0,0.324272,-0.440824
2015-06-04,-0.813321,-0.760908,-1.153034,-1.426554,-0.021774,0.487407,0.334342,-0.66376,-0.759016,-0.686218,-0.021774,-1.178902,0.24599
2015-06-05,-0.202402,-0.237304,-1.093499,-0.570738,0.0,-0.722813,-0.277687,1.059883,-0.521462,0.279948,0.0,-0.865917,-0.392547
2015-06-06,,,,,,,,,,0.296511,,,
2015-06-07,,,,,,,,,,-1.213553,,,
2015-06-08,,,,,,,,,,2.516142,,,
2015-06-09,-0.026213,-0.166383,-0.565661,-0.717056,0.0,-0.325324,-0.222579,0.22966,0.25266,0.244653,0.0,-0.466809,-0.295183
2015-06-10,1.188097,1.370276,2.077632,1.258797,0.021888,-0.3838,-0.409005,0.32082,0.825587,-0.106969,0.021888,1.856552,-0.209789
2015-06-11,0.310345,0.146111,0.290814,-0.224179,0.021779,0.789915,0.522741,-0.045706,-0.37925,0.394229,0.021779,0.134301,0.469867
2015-06-12,-0.732207,-0.8208,-0.797355,-0.081717,-0.021774,-0.057391,0.037125,-0.022836,-0.112472,0.120586,-0.021774,-0.651484,-0.073914
2015-06-13,,,,,,,,,,1.052255,,,
2015-06-14,,,,,,,,,,0.490962,,,
2015-06-15,,,,,,,,,,1.404452,,,
2015-06-16,0.58452,0.545242,-0.024476,-0.061974,-0.043653,0.381726,0.517923,-0.183318,-0.319045,5.941993,-0.043653,0.019451,0.258549
2015-06-17,0.171224,0.27574,-0.269675,0.619975,0.043672,0.056957,0.110409,-0.022959,0.311413,-0.642104,0.043672,-0.077664,0.036868
2015-06-18,0.98926,1.457387,0.958692,1.026901,-0.043653,-0.075955,-0.183776,0.0689,1.379785,-0.111115,-0.043653,0.913129,-0.073664
2015-06-19,-0.579559,-0.494432,-0.219141,-0.752189,0.0,0.532355,0.257758,-0.458929,-0.136099,-1.767421,0.0,-0.462056,0.282559
2015-06-20,,,,,,,,,,0.247746,,,
2015-06-21,,,,,,,,,,-0.517106,,,
2015-06-22,,,,,,,,,,1.248649,,,
2015-06-23,0.072037,0.081309,0.359802,0.992087,-0.021884,-0.305179,-0.147655,0.552231,-0.67282,-1.090732,-0.021884,0.399344,-0.233993
2015-06-24,-0.714944,-0.514478,-0.812603,-0.661605,0.0,0.296479,0.203352,-0.343259,-0.29527,-1.547715,0.0,-0.776508,0.185212
2015-06-25,-0.310869,-0.199608,-0.024115,-0.411373,0.021888,-0.24799,-0.239811,-0.619959,-0.12194,0.949628,0.021888,-0.114509,-0.135514
2015-06-26,0.0,-0.663664,-0.090278,-0.715776,-0.021884,-0.478039,-0.406707,0.069304,0.200574,0.327431,-0.021884,-0.083056,-0.185055
2015-06-27,,,,,,,,,,3.036204,,,
2015-06-28,,,,,,,,,,-0.788479,,,
2015-06-29,,,,,,,,,,3.233991,,,
2015-06-30,0.260126,0.356156,-0.151039,1.371578,0.0,-0.275417,-0.165775,-0.512708,-0.581298,2.33716,0.0,0.039742,-0.098321
2015-07-01,0.757252,0.793872,0.655728,0.145739,0.0,-0.522634,-0.368988,-0.445063,-0.287983,-1.691928,0.0,0.49672,-0.242954
2015-07-02,-0.073561,0.027799,0.25051,0.394914,0.0,0.354729,0.351837,0.094095,-0.245054,-1.240812,0.0,0.237261,0.247186
2015-07-03,,,,,,,,,,0.361767,,,
2015-07-04,,,,,,,,,,1.775009,,,
2015-07-05,,,,,,,,,,4.226754,,,
2015-07-06,,,,,,,,,,-1.060264,,,
2015-07-07,0.617125,0.250692,-0.025504,-1.706483,-0.021884,0.265633,0.312354,-0.095002,-1.111402,-1.049325,-0.021884,-0.302221,0.098355
2015-07-08,-1.698517,-1.741217,-2.424701,-3.559035,0.0,0.397403,0.109903,-0.618162,0.238933,1.719715,0.0,-2.647544,0.28225
2015-07-09,0.181298,-0.056564,1.621749,2.182736,0.0,-0.697403,-0.603694,0.74163,0.22954,-0.574997,0.0,1.556937,-0.330444
2015-07-10,1.272327,1.527864,3.037306,2.532467,0.0,-0.692823,-0.49701,0.617415,0.114511,5.818866,0.0,2.759627,-0.466777
2015-07-11,,,,,,,,,,2.885627,,,
2015-07-12,,,,,,,,,,6.056331,,,
2015-07-13,,,,,,,,,,-6.05179,,,
2015-07-14,0.441896,0.657272,0.696529,0.170526,0.021888,0.316266,0.167035,-0.141967,-0.229763,-1.571626,0.021888,0.673388,0.185557
2015-07-15,-0.04143,0.108842,-0.395241,-1.127671,-0.021884,0.382035,0.240724,-0.213272,-0.487159,-0.56876,-0.021884,-0.590172,0.283945
2015-07-16,0.766296,1.413317,0.843243,1.248113,0.0,-0.038097,0.110877,-0.09498,-0.39163,-2.70792,0.0,0.752013,0.0
2015-07-17,0.118193,1.474021,-0.147562,-0.148806,0.021888,0.009554,-0.018469,-0.309027,-0.991869,0.497321,0.021888,-0.196439,0.012235
2015-07-18,,,,,,,,,,-1.635579,,,
2015-07-19,,,,,,,,,,-0.468164,,,
2015-07-20,,,,,,,,,,1.961513,,,
2015-07-21,-0.394968,-0.061405,-0.270344,0.042803,0.021888,0.276567,0.222022,0.21496,-0.296934,-1.128385,0.021888,-0.176945,0.184949
2015-07-22,-0.195726,-1.132465,-0.83786,-1.305899,-0.021884,0.12365,0.018472,-0.238314,-0.502558,0.503557,-0.021884,-0.886314,0.036864
2015-07-23,-0.572792,-0.372911,-0.323096,-0.867672,0.0,0.408456,0.166122,-0.215018,-0.505097,-0.423117,0.0,-0.35773,0.233691
2015-07-24,-1.043155,-0.980428,-1.072001,-1.422332,0.021888,0.094659,-0.12899,-0.478815,0.97772,4.430012,0.021888,-1.256486,0.0614
2015-07-25,,,,,,,,,,0.145337,,,
2015-07-26,,,,,,,,,,1.38173,,,
2015-07-27,,,,,,,,,,0.320476,,,
2015-07-28,1.213126,0.862223,1.242727,1.065265,0.0,-0.282616,-0.165705,0.120977,0.14961,0.273482,0.0,1.160904,-0.171383
2015-07-29,0.708736,0.37791,0.35069,0.941932,0.021888,-0.141727,-0.018475,-0.024175,0.112026,-1.642854,0.021888,0.382506,-0.085806
2015-07-30,0.015592,0.475131,-0.049966,-0.999755,0.0,0.113546,0.129132,-0.07251,-0.82066,-0.645054,0.0,-0.160433,0.036849
2015-07-31,-0.170791,-0.115987,0.474544,0.74055,0.0,0.585925,0.294723,-0.435431,0.611186,-1.067694,0.0,0.542426,0.343392
2015-08-01,,,,,,,,,,-1.071133,,,
2015-08-02,,,,,,,,,,0.359729,,,
2015-08-03,,,,,,,,,,-0.490784,,,
2015-08-04,-0.197588,-0.188145,0.099788,0.362086,-0.021884,-0.5159,-0.514269,0.121453,0.160122,1.419137,-0.021884,0.060268,-0.342118
2015-08-05,0.349024,0.772044,0.523012,0.180407,0.0,-0.386634,-0.424677,0.0,-0.366744,-1.169631,0.0,0.582198,-0.159468
2015-08-06,-0.763068,-1.603531,-0.445985,-0.765299,0.0,0.350258,0.278101,-0.097043,0.500231,-1.172474,0.0,-0.518955,0.061431
2015-08-07,-0.261546,-0.126781,-0.099555,-0.022652,0.0,0.39614,0.240412,-0.534241,0.272354,0.361837,0.0,-0.080243,0.208741
2015-08-08,,,,,,,,,,-6.648419,,,
2015-08-09,,,,,,,,,,1.565535,,,
2015-08-10,,,,,,,,,,-0.231251,,,
2015-08-11,-0.916682,-1.281717,-1.57514,-2.474878,-0.021884,0.660451,0.480429,0.295061,0.621929,2.236921,-0.021884,-1.704959,0.380559
2015-08-12,0.088868,0.345015,-0.650219,-1.371761,0.0,-0.037513,-0.312611,0.269681,1.309965,-1.483057,0.0,-0.645442,-0.036686
2015-08-13,-0.109696,-0.162853,-0.025151,-0.092722,0.0,-0.262545,-0.239836,0.024446,-0.773994,-0.861947,0.0,-0.263902,-0.207981
2015-08-14,0.386898,0.154104,0.176212,0.255204,-0.021888,-0.103412,-0.036947,-0.048913,0.045885,0.605879,-0.021888,0.101773,-0.036756
2015-08-15,,,,,,,,,,-1.554124,,,
2015-08-16,,,,,,,,,,-1.163829,,,
2015-08-17,,,,,,,,,,-0.205401,,,
2015-08-18,-0.305551,-0.511538,-0.780647,-1.123315,0.021893,-0.159704,-0.203594,0.365481,0.009152,-18.178829,0.021893,-0.774126,-0.183596
2015-08-19,-0.789612,-0.658486,-0.81219,-1.301758,0.021888,0.611636,0.315278,-0.242789,1.318561,7.392972,0.021888,-1.005924,0.355635
2015-08-20,-2.099686,-2.769475,-2.456502,-1.606723,-0.021884,0.271183,0.203378,-0.705747,1.717131,3.822943,-0.021884,-2.239744,0.085482
2015-08-21,-3.17164,-4.37054,-2.518352,-3.24156,0.0,0.401033,-0.018452,0.39215,0.639712,-1.181647,0.0,-2.397161,0.158671
2015-08-22,,,,,,,,,,-0.936927,,,
2015-08-23,,,,,,,,,,-0.964015,,,
2015-08-24,,,,,,,,,,-7.746018,,,
2015-08-25,-1.215023,-0.375789,1.002458,1.58354,0.0,-0.547178,-0.314259,0.441086,-1.259649,5.279935,0.0,0.766823,-0.329143
2015-08-26,3.969666,5.036179,2.591704,3.403486,0.021888,-0.61544,-0.611935,0.585495,-1.446405,1.905157,0.021888,2.618619,-0.428145
2015-08-27,2.444475,2.533266,1.316834,3.969812,-0.021884,-0.056301,0.373147,-0.12127,0.10939,-0.470262,-0.021884,1.875651,0.135173
2015-08-28,0.0,-0.018919,-0.265238,-1.135796,0.021888,0.018731,0.334541,-0.097138,0.901475,2.94836,0.021888,-0.085643,0.049033
2015-08-29,,,,,,,,,,-0.698369,,,
2015-08-30,,,,,,,,,,-0.443466,,,
2015-08-31,,,,,,,,,,0.566092,,,
2015-09-01,-3.053364,-3.12526,-3.269031,-3.44066,0.0,0.449145,0.074267,0.899817,0.396572,-0.841098,0.0,-3.34559,0.24358
2015-09-02,2.016146,2.820361,1.551258,1.705271,-0.021884,-0.271841,-0.370863,-0.072307,-0.538643,0.509815,-0.021884,1.473869,-0.073648
2015-09-03,0.083792,-0.490862,0.136414,0.225226,0.021888,0.244395,-0.093126,-0.19295,-0.785277,-0.91633,0.021888,0.110084,0.073702
2015-09-04,-1.550771,-1.189676,-2.233731,-3.121096,-0.021884,0.309491,0.167671,0.314147,-0.227435,1.371144,-0.021884,-2.418145,0.2455
2015-09-05,,,,,,,,,,2.04995,,,
2015-09-06,,,,,,,,,,2.051323,,,
2015-09-07,,,,,,,,,,0.00292,,,
2015-09-08,,,,,,,,,,1.567664,,,
2015-09-09,-1.347994,-1.123353,-0.379105,-0.374353,0.0,0.037503,0.224211,0.169852,-1.376105,-2.232693,0.0,-0.415791,-0.024549
2015-09-10,0.559972,1.087978,0.652332,1.102217,-0.021888,-0.225228,0.055945,-0.339142,0.231016,0.129743,-0.021888,0.6373,-0.208672
2015-09-11,0.417694,0.552398,-0.027013,0.445982,0.021893,0.263384,0.279488,0.218767,-0.267358,0.6835,0.021893,-0.043653,0.209109
2015-09-12,,,,,,,,,,-2.03159,,,
2015-09-13,,,,,,,,,,-2.005284,,,
2015-09-14,,,,,,,,,,0.057265,,,
2015-09-15,1.302616,1.178135,0.734698,0.890238,-0.021888,-0.787384,-0.72573,-0.38901,-0.406088,-0.147412,-0.021888,0.658692,-0.41732
2015-09-16,0.873704,0.56344,1.431653,2.328393,0.0,-0.02833,-0.037513,-0.048814,1.380773,-0.526694,0.0,1.67975,-0.061575
2015-09-17,-0.261465,0.037334,0.053271,-0.071826,0.0,0.83167,0.825046,0.366291,1.02377,0.313847,0.0,0.085861,0.567286
2015-09-18,-1.616727,-1.422286,-2.39552,-1.797696,0.0,0.468698,0.297598,0.705608,0.714798,1.377228,0.0,-2.336575,0.282117
2015-09-19,,,,,,,,,,-0.636124,,,
2015-09-20,,,,,,,,,,-0.121382,,,
2015-09-21,,,,,,,,,,-1.784941,,,
2015-09-22,-1.304861,-1.495111,-2.345273,-1.877588,0.0,0.497297,0.223845,0.632146,-0.704735,1.5558,0.0,-2.346474,0.184201
2015-09-23,-0.180015,0.076872,-0.474696,-1.441347,-0.021888,-0.112006,-0.018554,0.241602,0.418567,-0.145258,-0.021888,-0.606324,0.0
2015-09-24,-0.30998,-0.364747,-0.336716,-0.403444,0.0,0.149508,-0.093126,-0.144615,2.065963,1.843819,0.0,-0.293721,0.03674
2015-09-25,-0.067812,-0.847818,0.921868,-0.075943,0.0,-0.261322,-0.484438,-0.434472,-0.550429,0.262224,0.0,0.669602,-0.183743
2015-09-26,,,,,,,,,,-0.341919,,,
2015-09-27,,,,,,,,,,-0.675511,,,
2015-09-28,,,,,,,,,,2.743202,,,
2015-09-29,0.052258,-0.520081,-0.20006,0.726353,0.0,0.344278,0.280713,0.048196,-0.361991,-1.026587,0.0,0.20805,0.073445
2015-09-30,1.919943,2.302208,2.032653,2.729829,-0.021888,0.018517,0.167962,-0.168638,-0.971847,-0.264906,-0.021888,2.23762,0.195668
2015-10-01,0.278888,0.452077,0.280563,0.62672,0.021893,0.077985,0.428534,0.289585,-0.146747,0.630771,0.021893,0.225605,0.053807
2015-10-02,1.447194,1.75113,1.650841,2.291971,0.0,0.482427,0.612275,-0.384979,2.121796,-0.107766,0.0,2.003565,0.378912
2015-10-03,,,,,,,,,,0.605579,,,
2015-10-04,,,,,,,,,,-0.197291,,,
2015-10-05,,,,,,,,,,0.891464,,,
2015-10-06,-0.335298,-0.473942,0.107931,-0.214671,0.0,0.204303,0.314579,-0.290751,1.000902,2.362899,0.0,-0.021669,0.134494
2015-10-07,0.838186,0.600013,1.185988,2.318885,0.0,-0.25022,-0.073811,-0.218708,-0.071426,-1.257405,0.0,1.665626,0.0
2015-10-08,0.880389,0.397615,0.825773,1.098149,0.0,-0.260053,-0.092305,0.0,-0.491381,-0.273695,0.0,0.702089,-0.158695
2015-10-09,0.05423,0.452613,0.211363,0.277318,0.0,0.055919,-0.221714,-0.170473,1.634047,0.67147,0.0,0.27469,-0.01222
2015-10-10,,,,,,,,,,0.414049,,,
2015-10-11,,,,,,,,,,0.861027,,,
2015-10-12,,,,,,,,,,-0.705122,,,
2015-10-13,-0.6656,-0.646106,-1.188548,-1.597964,0.0,0.092759,-0.110816,-0.024407,0.493303,1.712132,0.0,-1.400075,0.061015
2015-10-14,-0.468483,-0.160246,0.160361,0.847257,0.0,0.546824,0.351287,0.048785,1.726854,0.994358,0.0,0.55937,0.366045
2015-10-15,1.499669,1.642618,1.841461,2.357084,0.0,-0.341088,-0.294792,-0.048762,-0.465316,0.925044,0.0,1.775806,-0.194484
2015-10-16,0.404407,0.417923,-0.05241,-0.136823,0.0,-0.083181,-0.147827,0.439029,-0.63198,3.361505,0.0,-0.04206,-0.036516
2015-10-17,,,,,,,,,,2.956236,,,
2015-10-18,,,,,,,,,,-3.324346,,,
2015-10-19,,,,,,,,,,0.68567,,,
2015-10-20,-0.128732,-0.514986,-0.342303,-0.023052,-0.021935,-0.342708,-0.111259,-0.460817,0.551758,2.287454,-0.021935,-0.063534,-0.158437
2015-10-21,-0.649908,-0.610071,-0.079283,-1.19928,0.02194,0.343886,0.111383,0.268018,-0.67067,-1.184211,0.02194,-0.466135,0.183048
2015-10-22,1.730018,2.036825,1.189861,1.960795,0.0,0.101865,0.29672,-0.218708,-0.087691,2.910936,0.0,1.49002,0.170553
2015-10-23,1.08943,2.798275,0.914581,0.503689,0.0,-0.564337,-0.16635,0.17048,-0.210639,0.902476,0.0,0.73405,-0.255365
2015-10-24,,,,,,,,,,1.865484,,,
2015-10-25,,,,,,,,,,0.719323,,,
2015-10-26,,,,,,,,,,0.571064,,,
2015-10-27,-0.194962,0.20384,-0.883599,-1.010315,0.0,0.25056,0.129547,0.096869,0.228813,2.975116,0.0,-0.921092,0.024393
2015-10-28,1.161567,0.831238,0.550582,-0.95106,0.0,-0.518416,-0.536136,-0.096775,-0.807797,3.686338,0.0,0.52821,-0.280113
2015-10-29,-0.036542,-0.15787,-0.730068,-0.889946,0.0,-0.61406,-0.204415,0.242149,-0.947157,3.032322,0.0,-0.882696,-0.354066
2015-10-30,-0.506466,-0.447989,-0.078825,0.047259,0.0,0.196535,0.279344,-0.169079,-0.428949,4.511639,0.0,-0.148424,0.220575
2015-10-31,,,,,,,,,,-4.222072,,,
2015-11-01,,,,,,,,,,3.585689,,,
2015-11-02,,,,,,,,,,10.987889,,,
2015-11-03,0.316337,0.349007,0.0,1.205372,0.02194,-0.262821,-0.092987,-0.193383,-1.444833,11.691385,0.02194,0.357134,-0.171897
2015-11-04,-0.28432,0.008715,-0.650869,-0.68712,-0.021935,-0.103457,-0.148945,0.121107,-0.952897,2.01925,-0.021935,-0.586138,0.061582
2015-11-05,-0.124439,-0.269547,-0.131028,-0.023057,0.0,-0.066,-0.186504,0.241881,-0.305273,-6.125183,0.0,-0.400092,-0.184395
2015-11-06,-0.041544,0.069755,-0.472307,-1.176494,0.0,-0.67861,-0.504328,0.0,-1.466085,-3.075936,0.0,-0.591963,-0.394015
2015-11-07,,,,,,,,,,3.207732,,,
2015-11-08,,,,,,,,,,-3.393168,,,
2015-11-09,,,,,,,,,,1.84509,,,
2015-11-10,0.188671,-0.255367,-0.026655,-0.311063,-0.021935,0.190129,0.0,0.264246,-0.206595,-11.423324,-0.021935,-0.257923,0.111327
2015-11-11,-0.381929,-0.123583,0.479748,0.240058,0.02194,-0.047423,-0.075096,-0.26355,-0.357581,-7.640598,0.02194,0.323249,0.012344
2015-11-12,-1.339304,-0.972236,-1.193627,-1.029693,0.0,0.056998,0.056317,0.02403,0.037781,8.701184,0.0,-1.095613,0.012368
2015-11-13,-1.155315,-1.963578,-0.778539,-1.28235,-0.021935,0.379472,0.093955,0.192129,-0.273768,-0.413724,-0.021935,-0.977432,0.185303
2015-11-14,,,,,,,,,,-1.142376,,,
2015-11-15,,,,,,,,,,-3.826912,,,
2015-11-16,,,,,,,,,,3.306104,,,
2015-11-17,-0.122024,0.062827,0.133662,-0.240617,-0.021935,-0.028347,0.112656,-0.166976,-1.323621,1.313068,-0.021935,0.216354,0.111035
2015-11-18,1.609197,1.919474,0.961269,1.013036,0.0,-0.047209,0.168738,0.119486,0.076645,-0.150405,0.0,0.928351,-0.0493
2015-11-19,-0.052233,0.070411,0.528943,0.787939,0.02194,0.217238,0.299421,0.095462,1.148874,-2.522792,0.02194,0.513398,0.135658
2015-11-20,0.371283,0.67714,-0.210453,0.947648,-0.021935,-0.131921,0.149279,0.286126,-0.473254,-1.265368,-0.021935,0.0,-0.024723
2015-11-21,,,,,,,,,,1.523187,,,
2015-11-22,,,,,,,,,,-0.731353,,,
2015-11-23,,,,,,,,,,-0.459123,,,
2015-11-24,0.16173,-0.087621,0.13262,0.402244,-0.021935,0.094295,0.186186,-0.095018,0.680925,-0.92866,-0.021935,0.19331,0.036869
2015-11-25,-0.031247,0.087698,0.158937,-0.565586,0.0,0.056496,-0.018573,-0.095128,-0.476283,2.549635,0.0,0.0,0.01232
2015-11-26,,,,,,,,,,7.45812,,,
2015-11-27,,,,,,,,,,1.519208,,,
2015-11-28,,,,,,,,,,-0.18461,,,
2015-11-29,,,,,,,,,,3.893042,,,
2015-11-30,,,,,,,,,,1.623244,,,
2015-12-01,0.966678,0.999843,1.086081,0.797708,-0.021935,0.531784,0.353397,-0.616429,0.375176,-3.931137,-0.021935,1.032971,0.378401
2015-12-02,-1.055783,-0.616552,-1.048218,-1.103148,0.0,-0.280843,-0.259471,0.620253,-1.581368,-0.910649,0.0,-1.086312,-0.122802
2015-12-03,-1.422741,-1.695055,-0.47665,-0.533459,0.02194,-1.051717,-0.668893,-0.663824,1.051707,0.517552,0.02194,-0.452199,-0.774569
2015-12-04,1.963306,2.337555,0.718428,0.633865,0.0,0.370089,0.205725,-0.334137,2.197164,0.591898,0.0,0.821993,0.396535
2015-12-05,,,,,,,,,,7.094492,,,
2015-12-06,,,,,,,,,,-0.042683,,,
2015-12-07,,,,,,,,,,1.736964,,,
2015-12-08,-0.638908,0.008744,-1.518381,-1.132205,-0.021935,0.056515,0.037338,-0.1426,0.162386,5.06325,-0.021935,-1.495811,0.024658
2015-12-09,-0.748407,-1.517941,-0.216409,-0.896215,-0.021867,0.150681,-0.205181,-0.523561,-0.190735,0.481275,-0.021867,-0.286127,-0.036955
2015-12-10,0.228355,0.451744,-0.027082,-0.728426,0.021871,-0.216209,-0.336374,0.0,-0.085991,-0.499083,0.021871,-0.154438,-0.012366
2015-12-11,-1.992164,-2.301541,-1.789566,-2.65689,0.02194,0.801081,0.412533,-0.191381,0.525966,8.775169,0.02194,-2.099952,0.271112
2015-12-12,,,,,,,,,,-3.748518,,,
2015-12-13,,,,,,,,,,-0.28552,,,
2015-12-14,,,,,,,,,,2.403892,,,
2015-12-15,1.042484,0.609129,0.385682,1.614151,-0.021935,-0.254374,-0.056429,0.69197,-0.471242,4.759087,-0.021935,0.787415,-0.111092
2015-12-16,1.404042,1.486969,2.030738,1.765005,0.02194,-0.264409,-0.395178,0.094777,1.188522,-2.232228,0.02194,2.031278,-0.111274
2015-12-17,-1.458005,-1.45636,-1.156516,-1.164519,-0.021935,0.416599,0.396745,0.35513,-2.129493,0.251468,-0.021935,-1.422057,0.210357
2015-12-18,-1.857489,-1.918263,-1.061214,-0.376049,0.02194,0.358342,0.301116,-0.872858,1.44405,1.652786,0.02194,-0.73234,0.222322
2015-12-19,,,,,,,,,,-0.279112,,,
2015-12-20,,,,,,,,,,-4.247471,,,
2015-12-21,,,,,,,,,,-0.913966,,,
2015-12-22,0.903053,0.657332,0.742374,0.834832,0.0,-0.281797,-0.187835,0.286872,-0.541981,-0.471234,0.0,0.671265,-0.135709
2015-12-23,1.200432,0.742556,1.637557,1.204218,0.0,-0.226014,0.094094,-0.071534,-0.25813,1.335177,0.0,1.689229,0.012409
2015-12-24,-0.174725,-0.017768,-0.268543,-0.421437,0.02194,0.183361,0.112795,-0.286237,0.670954,2.844475,0.02194,-0.174831,0.074337
2015-12-25,,,,,,,,,,0.146825,,,
2015-12-26,,,,,,,,,,-8.422863,,,
2015-12-27,,,,,,,,,,1.329824,,,
2015-12-28,,,,,,,,,,-0.128661,,,
2015-12-29,1.116428,1.572939,1.053151,0.200305,0.0,-0.528395,-0.365284,-0.047839,-0.067146,2.534819,0.0,0.879106,-0.309369
2015-12-30,-0.736068,-0.901147,-0.614594,-1.424268,0.02194,0.037985,0.094495,0.047862,-0.729509,-1.469574,0.02194,-0.806112,0.062042
2015-12-31,-0.990511,-1.244842,-1.263785,-0.152101,-0.021935,0.113772,0.302037,-0.023919,0.067685,0.925177,-0.021935,-0.922509,0.198474
2016-01-01,,,,,,,,,,0.8749,,,
2016-01-02,,,,,,,,,,-0.206299,,,
2016-01-03,,,,,,,,,,-0.790656,,,
2016-01-04,,,,,,,,,,0.716265,,,
2016-01-05,0.179059,-0.173507,-0.110595,0.234425,0.0,-0.028297,-0.037536,-0.309388,0.295521,-0.261149,0.0,-0.180466,0.123914
2016-01-06,-1.267333,-0.960544,-1.826763,-1.793093,-0.043797,0.603729,0.394379,0.047749,1.397209,-0.660936,-0.043797,-1.694892,0.445416
2016-01-07,-2.435548,-3.131351,-1.888875,-3.016681,0.021871,0.215666,-0.112247,0.238611,1.443563,6.744967,0.021871,-2.068965,0.012334
2016-01-08,-1.062631,-0.82006,-1.235654,-0.955019,0.0,0.252607,0.037484,-0.404674,-0.471259,-1.051853,0.0,-1.173717,0.123145
2016-01-09,,,,,,,,,,-1.239772,,,
2016-01-10,,,,,,,,,,0.084896,,,
2016-01-11,,,,,,,,,,0.097549,,,
2016-01-12,0.829599,1.159766,0.405584,0.082734,0.02194,0.449405,0.206988,0.094992,-0.411991,-2.840591,0.02194,0.237078,0.259371
2016-01-13,-2.445754,-3.448955,-1.500301,-1.074663,-0.021935,0.391433,0.206481,-0.474505,0.366684,-0.76178,-0.021935,-1.371517,0.246459
2016-01-14,1.623264,2.129548,1.17164,1.281318,-0.021867,-0.204167,0.037495,0.572109,-1.611241,-0.4776,-0.021867,1.342629,-0.122959
2016-01-15,-2.143051,-3.103661,-3.474201,-4.125399,0.0,0.465054,-0.074903,0.165914,1.037801,-15.332114,0.0,-3.856177,0.172379
2016-01-16,,,,,,,,,,6.369213,,,
2016-01-17,,,,,,,,,,-1.351358,,,
2016-01-18,,,,,,,,,,1.273607,,,
2016-01-19,,,,,,,,,,-1.812911,,,
2016-01-20,-1.172085,-0.306751,-2.289606,-2.116221,0.0,0.491397,0.093809,-0.189708,1.310711,10.543504,0.0,-2.456204,0.110663
2016-01-21,0.487346,0.099251,0.760781,0.46121,0.02194,-0.249093,-0.412133,-0.095018,0.018614,-2.372038,0.02194,0.847635,-0.061454
2016-01-22,2.050797,2.895375,2.89944,3.127674,-0.043797,-0.221996,0.338591,-0.523188,-0.372231,-6.768843,-0.043797,2.991356,-0.036794
2016-01-23,,,,,,,,,,1.306954,,,
2016-01-24,,,,,,,,,,3.994934,,,
2016-01-25,,,,,,,,,,-2.790522,,,
2016-01-26,1.354053,0.899963,1.81657,1.329178,-0.021867,0.073905,0.149986,-0.167242,1.211053,0.109005,-0.021867,1.928713,0.147554
2016-01-27,-1.135291,-2.49157,-0.643437,-0.41865,0.021871,0.073796,0.411794,-0.191472,0.365363,0.718844,0.021871,-0.479028,0.0
2016-01-28,0.54516,1.41182,0.382688,1.485429,0.0,0.12919,0.1119,-0.04798,-1.064795,-3.717475,0.0,0.649815,0.073681
2016-01-29,2.532296,2.088243,1.730214,3.120686,0.02194,0.534434,0.484177,-0.839718,0.33115,-0.214311,0.02194,1.984737,0.294449
2016-01-30,,,,,,,,,,-0.321233,,,
2016-01-31,,,,,,,,,,-2.508362,,,
2016-02-01,,,,,,,,,,1.163065,,,
2016-02-02,-1.813163,-2.164555,-2.252989,-2.998398,0.0,0.708362,0.446237,0.530768,-0.009065,0.373134,0.0,-2.283961,0.344102
2016-02-03,0.585013,-0.479679,0.886495,2.56195,0.021871,-0.109642,0.092611,0.359962,1.097608,-1.2015,0.021871,1.2771,0.073378
2016-02-04,0.125413,-0.009805,0.205064,0.597346,0.02194,0.237818,-0.037049,0.263026,1.166435,5.310188,0.02194,0.475861,0.073497
2016-02-05,-1.879169,-3.472755,-1.490796,-1.079607,0.0,0.127734,-0.222004,0.214652,1.596455,-0.781579,0.0,-1.349769,-0.097862
2016-02-06,,,,,,,,,,-2.593981,,,
2016-02-07,,,,,,,,,,0.026026,,,
2016-02-08,,,,,,,,,,-0.842495,,,
2016-02-09,0.029486,-0.310497,-1.087914,-1.381984,0.02194,0.018039,-0.166825,0.472612,-0.223868,0.691397,0.02194,-1.368537,-0.012208
2016-02-10,-0.064747,0.384149,-0.213899,0.42041,-0.021935,0.298404,0.241349,0.587928,0.742143,1.494564,-0.021935,-0.024789,0.20718
2016-02-11,-1.283214,-0.144815,-1.316602,-1.562931,0.02194,0.459777,0.277728,0.56114,4.051743,-0.52273,0.02194,-1.536554,0.06085
2016-02-12,2.051234,1.522529,1.582413,1.47434,-0.021935,-0.762808,-0.184659,-0.51151,-0.576279,1.214002,-0.021935,1.6612,-0.328225
2016-02-13,,,,,,,,,,1.977027,,,
2016-02-14,,,,,,,,,,3.922326,,,
2016-02-15,,,,,,,,,,-1.729984,,,
2016-02-16,,,,,,,,,,1.824908,,,
2016-02-17,1.637816,2.264804,1.798033,1.971016,0.0,-0.244856,-0.037151,-0.469266,0.726062,2.167913,0.0,1.940322,-0.024456
2016-02-18,-0.424064,-1.141439,-0.471006,-0.61744,0.02194,0.463697,0.279123,0.683645,2.272732,1.453441,0.02194,-0.42826,0.342107
2016-02-19,-0.022706,0.296048,-0.177449,-0.405213,0.0,0.0,0.055681,0.0,-0.613602,-0.375967,0.0,-0.358434,-0.133912
2016-02-20,,,,,,,,,,3.892486,,,
2016-02-21,,,,,,,,,,0.373773,,,
2016-02-22,,,,,,,,,,-0.239294,,,
2016-02-23,-1.254263,-1.645988,-1.668632,-2.039199,-0.021935,0.199371,0.296306,0.399057,1.417423,-3.886253,-0.021935,-1.493932,0.060829
2016-02-24,0.470651,0.954905,-0.297677,-0.162217,0.02194,0.0,0.221543,-0.023371,0.351492,1.002765,0.02194,-0.240756,0.07314
2016-02-25,1.202207,0.984887,1.194372,0.324947,-0.021935,0.298386,0.386837,0.210486,0.283541,-0.096711,-0.021935,1.037644,0.146053
2016-02-26,-0.184093,-0.125527,-0.354083,-0.998657,0.0,-0.486816,-0.1284,-0.420081,-0.673591,1.792041,0.0,-0.286623,-0.097178
2016-02-27,,,,,,,,,,0.084925,,,
2016-02-28,,,,,,,,,,0.227732,,,
2016-02-29,,,,,,,,,,0.967233,,,
2016-03-01,2.463587,3.209755,2.587761,3.569479,0.0,-0.78165,-0.311718,-0.280777,-0.69422,-0.588079,0.0,2.8365,-0.335017
2016-03-02,0.42366,0.037843,0.695884,1.253267,-0.021935,-0.173453,0.275936,-0.023459,1.173434,-2.55881,-0.021935,0.958418,-0.061134
2016-03-03,0.367076,-0.189004,1.065336,0.979929,0.02194,0.118885,0.238403,-0.305098,1.283212,-0.551432,0.02194,1.065044,0.048892
2016-03-04,0.322096,0.037869,0.769227,1.991798,0.0,-0.337898,-0.347688,-0.517892,-0.064967,-2.540491,0.0,1.053845,-0.048868
2016-03-05,,,,,,,,,,-2.523243,,,
2016-03-06,,,,,,,,,,1.781709,,,
2016-03-07,,,,,,,,,,1.622247,,,
2016-03-08,-1.125135,-0.828419,-1.103566,-1.580931,-0.021935,0.578575,0.331554,0.379057,-0.412726,-0.084241,-0.021935,-1.384761,0.330188
2016-03-09,0.549719,0.643309,0.429185,0.535451,0.02194,-0.392577,-0.055117,-0.42482,-0.836988,0.214507,0.02194,0.713648,-0.1707
2016-03-10,0.05468,-0.152671,-0.085475,0.228248,0.0,-0.357514,-0.459197,-0.355532,1.573387,0.54742,0.0,-0.182895,-0.04882
2016-03-11,1.622823,1.74854,2.594801,2.176107,-0.021935,-0.285188,-0.055304,-0.404379,-1.726508,1.09294,-0.021935,2.564691,-0.134455
2016-03-12,,,,,,,,,,-2.387064,,,
2016-03-13,,,,,,,,,,0.593019,,,
2016-03-14,,,,,,,,,,0.573095,,,
2016-03-15,-0.129241,-0.0375,-1.015579,-1.421787,0.0,-0.018387,-0.203148,0.334776,0.074855,0.094131,0.0,-1.096702,-0.097706
2016-03-16,0.598463,0.890931,1.045809,1.973673,0.02194,0.525481,1.017609,-0.047676,2.1526,0.043423,0.02194,1.366132,0.391163
2016-03-17,0.632482,-0.055774,0.923099,2.134008,-0.021935,0.110142,0.201433,-0.309959,-0.30917,0.865688,-0.021935,1.078137,0.219051
2016-03-18,0.372837,0.156699,-0.166316,0.315839,0.0,0.174062,0.475229,0.119601,-0.293808,-2.632536,0.0,-0.155544,0.085095
2016-03-19,,,,,,,,,,0.218777,,,
2016-03-20,,,,,,,,,,0.806689,,,
2016-03-21,,,,,,,,,,-0.108276,,,
2016-03-22,-0.053262,0.30617,-0.111264,-0.241266,0.0,-0.210905,-0.200113,-0.215081,0.321548,1.157005,0.0,-0.200083,-0.024357
2016-03-23,-0.639539,-0.823159,-1.086024,-1.692857,-0.021935,0.459503,0.127635,0.383214,-2.292902,-0.011482,-0.021935,-1.292066,0.218933
2016-03-24,-0.069725,0.027957,-0.647543,-0.196838,0.02194,-0.100567,-0.218545,-0.095439,-0.227096,-0.393974,0.02194,-0.541641,-0.121367
2016-03-25,,,,,,,,,,0.188041,,,
2016-03-26,,,,,,,,,,0.184096,,,
2016-03-27,,,,,,,,,,2.110327,,,
2016-03-28,,,,,,,,,,-0.593776,,,
2016-03-29,0.960088,1.605828,1.182794,1.227927,0.0,0.676751,1.168076,0.095979,1.790821,-1.818584,0.0,1.036935,0.412957
2016-03-30,0.419797,0.487,0.751429,1.11594,0.0,-0.136242,0.054086,-0.023998,-1.338074,-0.408143,0.0,1.003996,-0.036269
2016-03-31,-0.23812,-0.146328,-0.883997,-0.143957,0.0,0.363845,0.126192,0.38362,0.519048,0.461167,0.0,-0.773152,0.193595
2016-04-01,0.641684,1.062322,-1.114828,-0.192196,0.0,-0.029021,0.036075,0.238846,-0.707921,0.295393,0.0,-1.001761,0.112579
2016-04-02,,,,,,,,,,0.696955,,,
2016-04-03,,,,,,,,,,0.007367,,,
2016-04-04,,,,,,,,,,0.128297,,,
2016-04-05,-1.014964,-0.96418,-1.864386,-1.873477,0.021893,0.398961,0.090002,0.549421,1.32601,0.613604,0.021893,-1.738931,0.181271
2016-04-06,1.089425,1.64403,1.611914,1.289343,0.0,-0.216743,-0.251728,0.023761,-0.616816,-0.14551,0.0,1.539894,-0.048294
2016-04-07,-1.178071,-1.436693,-1.416419,-1.909402,-0.021888,0.515934,0.324384,-0.142506,1.484526,-0.157765,-0.021888,-1.539149,0.32592
2016-04-08,0.272657,-0.073367,1.896591,1.597192,0.021893,-0.153043,-0.161644,0.214091,-0.082647,-0.566771,0.021893,2.045933,-0.084204
2016-04-09,,,,,,,,,,-0.223145,,,
2016-04-10,,,,,,,,,,0.513335,,,
2016-04-11,,,,,,,,,,0.217999,,,
2016-04-12,0.972846,0.837944,1.521541,1.529147,0.0,-0.396996,-0.360577,0.189657,0.049016,0.640736,0.0,1.664068,-0.156554
2016-04-13,1.000525,1.278425,1.58204,1.649485,0.021893,0.072497,0.0,0.0,-1.077727,-0.342434,0.021893,1.481985,0.06031
2016-04-14,-0.010476,0.009034,0.109252,-0.423299,0.0,-0.235332,-0.162785,-0.094649,-1.444373,0.129327,0.0,-0.108998,-0.084416
2016-04-15,-0.110104,-0.252421,-0.272921,-0.519621,-0.021888,0.299371,0.271827,0.426343,0.736959,1.280045,-0.021888,-0.239982,0.229312
2016-04-16,,,,,,,,,,0.199896,,,
2016-04-17,,,,,,,,,,-0.736928,,,
2016-04-18,,,,,,,,,,0.2789,,,
2016-04-19,0.302124,-0.611352,1.735831,1.535926,0.0,-0.162911,0.217015,0.329568,1.482843,1.614126,0.0,1.82336,0.060253
2016-04-20,0.083111,0.081426,0.02669,-0.535255,0.0,-0.507875,-0.342809,0.046925,-0.410443,1.350145,0.0,-0.213198,-0.276898
2016-04-21,-0.555295,0.009019,-0.586384,-1.029487,-0.021888,-0.164072,-0.162979,-0.281403,0.403889,1.820612,-0.021888,-0.640872,-0.120604
2016-04-22,0.026078,-1.509272,-0.080396,-0.520089,0.021893,-0.109623,0.0,-1.05833,-1.329938,-0.820602,0.021893,-0.064549,-0.036221
2016-04-23,,,,,,,,,,1.019663,,,
2016-04-24,,,,,,,,,,1.837289,,,
2016-04-25,,,,,,,,,,0.626098,,,
2016-04-26,0.146329,-0.486314,0.377257,0.908002,0.021893,-0.210492,-0.018169,0.308002,0.397914,1.010562,0.021893,0.410818,-0.145339
2016-04-27,0.208714,-0.802206,0.16105,0.520975,0.0,0.550131,0.508543,-0.165339,0.181656,-4.591822,0.0,0.301442,0.303066
2016-04-28,-0.900894,-1.208425,-1.286515,-0.895204,0.0,0.346553,0.506018,1.088249,1.895653,0.972364,0.0,-1.159293,0.181287
2016-04-29,-0.56751,-0.526899,-0.325801,-0.404053,0.021888,-0.036322,0.07189,0.514849,1.925098,1.355423,0.021888,-0.325801,0.072267
2016-04-30,,,,,,,,,,-1.489571,,,
2016-05-01,,,,,,,,,,0.793412,,,
2016-05-02,,,,,,,,,,-1.594687,,,
2016-05-03,-0.8546,-0.927649,-1.674774,-2.58375,0.021888,0.593451,0.216624,-0.631585,-0.325839,1.26723,0.021888,-2.013397,0.278247
2016-05-04,-0.586985,-0.643146,-1.208818,-1.44892,-0.021884,0.181622,0.090106,-0.376647,-0.534201,-0.795463,-0.021884,-1.148944,0.03618
2016-05-05,-0.0107,-0.02856,-0.08337,-0.024923,0.0,0.271746,0.233979,-0.40169,-0.216436,0.280718,0.0,-0.134077,0.180886
2016-05-06,0.361757,0.533252,0.222644,0.174471,0.021888,-0.234894,-0.341195,0.189785,0.915812,2.595448,0.021888,0.268572,-0.048144
2016-05-07,,,,,,,,,,-0.232154,,,
2016-05-08,,,,,,,,,,0.002616,,,
2016-05-09,,,,,,,,,,0.421984,,,
2016-05-10,1.239054,1.369463,1.476739,1.993413,0.0,-0.018074,0.288167,0.765733,0.316974,-2.082164,0.0,1.638292,0.0
2016-05-11,-0.936233,-0.90372,-0.71388,-0.222633,-0.043767,0.153742,0.053823,0.8074,0.899296,0.406527,-0.043767,-0.662415,0.024041
2016-05-12,0.058069,-0.441908,-0.082974,-0.297533,0.0,-0.270852,-0.12561,-0.047106,-0.7869,0.450159,0.0,0.0,0.012068
2016-05-13,-0.923448,-0.368323,-1.107143,-1.716003,0.0,0.380163,0.287459,-0.21211,0.420849,0.198788,0.0,-1.355842,0.108253
2016-05-14,,,,,,,,,,0.000214,,,
2016-05-15,,,,,,,,,,0.41631,,,
2016-05-16,,,,,,,,,,-0.744151,,,
2016-05-17,-0.880647,-1.25446,-0.580613,-0.400466,0.0,-0.135765,0.053823,0.399519,0.370277,-0.083671,0.0,-0.755045,-0.072239
2016-05-18,-0.01596,0.360255,-0.08337,-0.779093,0.021893,-0.806597,-0.735685,-0.234087,-1.748332,0.184229,0.021893,-0.156658,-0.47006
2016-05-19,-0.324572,-0.519547,-0.667996,-0.810543,-0.021888,0.100511,-0.090434,-0.516184,-0.22856,-3.498312,-0.021888,-0.762006,0.109024
2016-05-20,0.624592,1.1015,0.924637,0.919288,0.021893,0.063876,-0.054223,0.188673,-0.171807,0.902864,0.021893,0.813018,0.0
2016-05-21,,,,,,,,,,0.115659,,,
2016-05-22,,,,,,,,,,-0.872088,,,
2016-05-23,,,,,,,,,,1.099874,,,
2016-05-24,1.269652,2.003192,1.225669,0.989089,-0.043767,-0.164059,-0.108572,0.0,-1.692412,0.411115,-0.043767,1.348956,-0.048372
2016-05-25,0.681907,0.71916,0.990618,0.979421,0.021893,-0.045626,0.090554,0.517764,-0.292494,0.811248,0.021893,1.042576,-0.03638
2016-05-26,0.046918,0.292918,0.21798,0.571963,0.0,0.310588,0.271512,-0.023422,-0.377169,0.841862,0.0,0.241469,0.169473
2016-05-27,0.390596,0.520248,-0.135944,0.0,0.021888,-0.191264,-0.162431,-0.14051,-0.765603,4.428914,0.021888,-0.218967,-0.036187
2016-05-28,,,,,,,,,,11.949375,,,
2016-05-29,,,,,,,,,,-0.718249,,,
2016-05-30,,,,,,,,,,1.450126,,,
2016-05-31,,,,,,,,,,-0.464168,,,
2016-06-01,0.186985,0.009074,-0.054665,0.024701,0.0,-0.033763,0.0181,0.283063,-0.135164,1.041427,0.0,0.022004,0.034998
2016-06-02,0.300695,0.208428,0.027333,0.765819,-0.021884,0.31039,0.289697,0.23525,-0.236846,0.195933,-0.021884,0.198014,0.193601
2016-06-03,-0.289426,-0.470268,0.792569,1.397406,0.021888,0.928386,0.577711,0.187756,2.747163,5.803645,0.021888,0.900289,0.627884
2016-06-04,,,,,,,,,,0.620706,,,
2016-06-05,,,,,,,,,,0.392857,,,
2016-06-06,,,,,,,,,,1.836595,,,
2016-06-07,0.180557,-0.253473,0.754086,0.935483,0.0,0.144695,0.340898,0.656195,-0.148361,-1.526804,0.0,0.84248,0.012091
2016-06-08,0.329577,0.172447,0.320771,0.712933,0.0,0.117348,0.214504,0.442375,1.477506,0.875488,0.0,0.364184,0.120129
2016-06-09,-0.153984,-0.163109,-1.252332,-1.108995,-0.043653,0.153305,0.053516,-0.139058,0.601923,-1.206065,-0.043653,-1.323367,0.096089
2016-06-10,-0.961235,-1.134402,-2.698304,-2.338356,0.0,0.351145,0.017889,-0.441053,0.412352,0.494225,0.0,-2.68224,0.095917
2016-06-11,,,,,,,,,,5.066414,,,
2016-06-12,,,,,,,,,,10.887435,,,
2016-06-13,,,,,,,,,,4.695709,,,
2016-06-14,-0.219699,0.0,-1.420502,-0.297331,0.0,-0.026812,-0.249747,-0.233069,0.127927,-2.671436,0.0,-1.193739,-0.01195
2016-06-15,-0.146722,-0.286962,0.665521,0.894653,0.0,0.304523,0.411436,-0.25695,0.630843,1.299665,0.0,0.785395,0.227585
2016-06-16,0.325405,0.297051,0.028734,-0.246317,0.021888,0.107151,-0.160404,-0.351266,-0.968106,10.344449,0.021888,-0.091651,0.107544
2016-06-17,-0.371443,-1.172085,0.948257,0.148139,-0.021884,-0.339013,-0.303225,0.94005,1.338147,-2.270495,-0.021884,0.757047,-0.143298
2016-06-18,,,,,,,,,,0.977154,,,
2016-06-19,,,,,,,,,,0.998909,,,
2016-06-20,,,,,,,,,,-3.476781,,,
2016-06-21,0.284733,0.317264,0.778874,0.800398,0.0,-0.224723,-0.197509,-0.768331,-1.816015,-9.572917,0.0,0.667716,-0.13177
2016-06-22,-0.167361,-0.241853,-0.165616,0.099571,0.0,0.198244,0.215921,-0.117315,0.08924,-10.580626,0.0,-0.022122,0.035976
2016-06-23,1.293767,1.426687,2.62649,2.377464,0.0,-0.476603,0.053823,-0.281892,-0.721354,4.673748,0.0,2.631587,-0.179875
2016-06-24,-3.645462,-4.118777,-8.189646,-5.853066,-0.021884,1.382404,0.59216,0.424039,4.873868,6.622363,-0.021884,-7.735411,0.564668
2016-06-25,,,,,,,,,,-0.026458,,,
2016-06-26,,,,,,,,,,-5.375845,,,
2016-06-27,,,,,,,,,,4.11652,,,
2016-06-28,1.846499,2.19132,2.663065,2.953858,0.0,-0.017639,0.266694,-0.09384,-1.060372,-1.262683,0.0,2.496988,0.118862
2016-06-29,1.721795,1.771041,1.807077,2.374508,0.0,-0.406467,-0.141867,0.07044,0.32856,-1.099065,0.0,1.972149,-0.035616
2016-06-30,1.349928,1.156968,1.23102,1.087209,0.0,0.221812,0.28411,-0.258102,0.545814,5.226986,0.0,1.205916,0.130639
2016-07-01,0.208131,0.502172,0.226226,0.740913,0.043672,0.264132,0.566572,0.611619,1.550987,0.43946,0.043672,0.269803,0.278127
2016-07-02,,,,,,,,,,4.052368,,,
2016-07-03,,,,,,,,,,-6.400156,,,
2016-07-04,,,,,,,,,,3.795256,,,
2016-07-05,,,,,,,,,,-1.90664,,,
2016-07-06,0.590833,0.819153,0.028761,-0.386935,-0.021774,0.017515,0.227958,0.258975,0.64394,0.999658,-0.021774,-0.205318,0.177128
2016-07-07,-0.067551,0.295507,-0.431634,-0.145683,0.021779,-0.13184,-0.332402,-0.751519,-0.376366,-5.42851,0.021779,-0.411539,-0.165018
2016-07-08,1.518791,1.546686,1.387303,2.04233,-0.021774,0.19364,0.263296,0.425939,0.559126,4.052847,-0.021774,1.721762,0.259829
2016-07-09,,,,,,,,,,-2.334951,,,
2016-07-10,,,,,,,,,,-0.245796,,,
2016-07-11,,,,,,,,,,-0.261949,,,
2016-07-12,0.704579,0.504821,1.406074,1.465377,-0.043653,-0.591867,-0.334057,-0.047248,-1.63785,2.608167,-0.043653,1.382399,-0.401721
2016-07-13,-0.035466,-0.242161,-0.083195,-0.232957,0.021888,0.257724,0.264606,0.023625,0.878818,-1.517266,0.021888,-0.021971,0.178038
2016-07-14,0.583292,0.68332,0.860366,1.377566,0.021779,-0.416596,-0.228701,-0.6142,-0.718331,0.551591,0.021779,0.857887,-0.153966
2016-07-15,-0.151284,-0.160732,-0.495317,-0.207275,-0.021774,-0.382737,-0.246859,0.142614,-0.515698,0.786685,-0.021774,-0.414412,-0.320229
2016-07-16,,,,,,,,,,-0.375116,,,
2016-07-17,,,,,,,,,,2.828827,,,
2016-07-18,,,,,,,,,,-0.935004,,,
2016-07-19,-0.11081,-0.3643,-0.800233,-0.984621,0.021779,0.268111,0.017668,0.142893,0.123472,-0.035953,0.021779,-0.916614,0.154619
2016-07-20,0.403335,1.168281,0.723239,0.531907,0.0,-0.204997,-0.176728,-0.45183,-1.410409,-1.066934,0.0,0.792926,-0.106893
2016-07-21,-0.376587,-0.229225,-0.248565,-0.230052,0.0,0.223328,0.08853,0.191094,1.547842,-0.101095,0.0,-0.087419,0.11887
2016-07-22,0.463692,0.415297,0.055381,0.691701,0.0,-0.080239,-0.159194,-0.095371,-0.769819,-2.164323,0.0,0.153127,0.011904
2016-07-23,,,,,,,,,,0.758818,,,
2016-07-24,,,,,,,,,,0.873906,,,
2016-07-25,,,,,,,,,,-1.086973,,,
2016-07-26,-0.005028,0.114373,0.471143,0.693518,0.0,0.062504,0.159778,0.167963,0.476785,-0.353615,0.0,0.416273,-0.011959
2016-07-27,-0.065302,0.694241,0.441371,0.32138,0.021779,0.428194,0.31898,-0.023961,1.625831,0.393995,0.021779,0.480045,0.297063
2016-07-28,0.110646,0.349127,0.0,0.022906,-0.021774,0.05328,0.211983,-0.047914,-0.306185,0.104376,-0.021774,-0.021706,-0.05919
2016-07-29,0.175987,0.217442,1.153512,0.594809,0.021779,0.381769,0.282028,0.527313,1.051905,0.298767,0.021779,0.97741,0.319984
2016-07-30,,,,,,,,,,-0.296047,,,
2016-07-31,,,,,,,,,,-4.635693,,,
2016-08-01,,,,,,,,,,-2.946953,,,
2016-08-02,-0.622969,-0.759668,-0.491543,-0.56988,0.021779,-0.239926,-0.494909,0.144109,0.887773,-9.699763,0.021779,-0.389036,-0.095047
2016-08-03,0.288142,0.330552,-0.384211,0.32096,-0.021774,0.053474,0.266439,0.071993,-0.541513,3.45044,-0.021774,-0.173552,0.0
2016-08-04,0.095784,0.286127,0.578507,0.57129,0.0,0.240391,0.407463,0.35953,0.241981,2.107163,0.0,0.543352,0.178338
2016-08-05,0.805752,0.959615,0.356087,1.090668,0.0,-0.621768,-0.352841,-0.21494,-1.833132,-0.561306,0.0,0.453964,-0.332216
2016-08-06,,,,,,,,,,2.214614,,,
2016-08-07,,,,,,,,,,0.835687,,,
2016-08-08,,,,,,,,,,-0.276027,,,
2016-08-09,0.064991,0.231463,0.816114,0.737079,0.0,0.357744,0.194625,-0.143899,0.376834,-0.550371,0.0,0.771867,0.285666
2016-08-10,-0.254766,-0.25657,0.350761,-0.044301,0.0,0.267311,0.070564,-0.096071,0.444373,0.731881,0.0,0.191513,0.130534
2016-08-11,0.490788,0.428733,0.752926,1.19783,0.0,-0.479868,-0.246975,-0.240376,-0.724632,-0.503803,0.0,0.806976,-0.260776
2016-08-12,-0.099664,0.068303,-0.266913,-0.328776,0.0,0.357207,0.282973,0.096395,-0.122941,-0.264967,0.0,-0.358167,0.225831
2016-08-13,,,,,,,,,,-0.335457,,,
2016-08-14,,,,,,,,,,-2.581165,,,
2016-08-15,,,,,,,,,,-0.566728,,,
2016-08-16,-0.517305,-0.552269,-0.239802,-0.54431,0.0,-0.169527,-0.194528,0.072489,0.498241,1.798011,0.0,-0.357231,-0.047529
2016-08-17,0.16503,0.179467,0.0,-0.481604,0.0,0.160937,0.265768,-0.169011,-0.045767,-0.731337,0.0,0.0,0.154495
2016-08-18,0.239589,0.025553,0.507492,0.857918,0.021779,0.178473,0.265017,0.048366,0.503624,0.192247,0.021779,0.527218,0.106779
2016-08-19,-0.139463,-0.025547,-0.744087,-0.567069,-0.021774,-0.338548,-0.229045,-0.410921,-0.933864,0.228447,-0.021774,-0.671295,-0.201526
2016-08-20,,,,,,,,,,1.053979,,,
2016-08-21,,,,,,,,,,-0.06688,,,
2016-08-22,,,,,,,,,,0.936682,,,
2016-08-23,0.184492,0.178966,0.428022,-0.355788,0.0,-0.008935,0.123387,0.242429,0.146008,-0.568896,0.0,0.296055,0.047376
2016-08-24,-0.48287,-0.646469,-0.293058,0.267793,0.021779,-0.035691,-0.105581,-0.169297,-1.097296,-0.554146,0.021779,-0.231926,-0.011788
2016-08-25,-0.080025,-0.162718,-0.320517,0.044513,-0.021774,-0.160607,-0.088096,0.218032,-0.155167,-0.417286,-0.021774,-0.190164,-0.106739
2016-08-26,-0.190208,0.145801,-0.696903,-0.734149,0.0,-0.38436,-0.405458,-0.45927,-0.054394,0.327127,0.0,-0.71993,-0.249204
2016-08-27,,,,,,,,,,-1.674107,,,
2016-08-28,,,,,,,,,,0.695673,,,
2016-08-29,,,,,,,,,,0.033979,,,
2016-08-30,-0.189655,-0.324941,-0.215115,-0.111294,0.0,-0.008934,0.035284,-0.266338,-1.001869,0.591527,0.0,-0.276149,-0.083097
2016-08-31,-0.244983,-0.102974,-0.350302,-1.047222,0.0,-0.116225,-0.01764,-0.339883,-0.078444,-0.351688,0.0,-0.511282,-0.071133
2016-09-01,-0.020062,0.257656,0.838312,0.788099,0.0,0.156798,0.035296,0.462857,0.337593,-0.55068,0.0,0.642387,0.138028
2016-09-02,0.446169,0.325498,1.019039,1.340474,0.022004,-0.259364,-0.052912,0.581932,0.954622,0.565087,0.022004,1.148938,-0.142588
2016-09-03,,,,,,,,,,3.939797,,,
2016-09-04,,,,,,,,,,1.742191,,,
2016-09-05,,,,,,,,,,-0.335825,,,
2016-09-06,,,,,,,,,,0.634027,,,
2016-09-07,-0.004974,0.059379,0.0,-0.151197,-0.021999,0.053578,0.123012,-0.167354,-0.266584,0.672967,-0.021999,0.12492,0.011744
2016-09-08,-0.23384,-0.58513,-0.210316,-0.367822,0.0,-0.490749,-0.315855,-0.095769,-0.603326,1.915562,0.0,-0.14556,-0.379613
2016-09-09,-2.413711,-2.516419,-2.108073,-3.148759,0.022004,-0.475171,-0.704124,-0.143817,-0.622361,-0.551631,0.022004,-2.22825,-0.440578
2016-09-10,,,,,,,,,,0.104028,,,
2016-09-11,,,,,,,,,,-2.692821,,,
2016-09-12,,,,,,,,,,0.251185,,,
2016-09-13,-1.425656,-0.894036,-2.106545,-2.490557,0.021779,-0.369053,-0.46059,-0.120481,-0.673582,0.164087,0.021779,-2.456132,-0.28685
2016-09-14,-0.061571,0.477055,-0.054844,0.38768,0.0,0.225872,0.124581,0.217138,0.350761,0.236851,0.0,0.087129,0.131808
2016-09-15,1.027416,1.553879,0.877669,1.703792,0.0,0.027032,-0.017756,-0.144467,-0.605873,-0.577875,0.0,0.97931,0.083887
2016-09-16,-0.391527,-0.04772,-1.223427,-0.603096,0.0,0.108135,0.231109,-0.096422,-0.320408,-0.029977,0.0,-1.056022,0.083743
2016-09-17,,,,,,,,,,-0.162942,,,
2016-09-18,,,,,,,,,,0.641934,,,
2016-09-19,,,,,,,,,,-0.106093,,,
2016-09-20,0.010205,0.188395,0.43748,0.044653,0.0,0.153294,0.017756,0.432275,0.07826,-0.150187,0.0,0.302922,0.023894
2016-09-21,1.122616,0.9829,1.905793,2.744315,0.0,0.162057,0.408577,0.478243,1.517168,-1.835082,0.0,1.962867,0.28707
2016-09-22,0.600503,0.795587,0.988549,0.54288,0.022004,0.296615,0.530699,0.047595,0.223406,-0.142513,0.022004,0.994334,0.202818
2016-09-23,-0.536754,-0.638152,-0.952367,-1.295899,0.0,0.044842,0.228741,-0.309235,0.038433,1.097439,0.0,-1.047357,-0.023827
2016-09-24,,,,,,,,,,-0.035993,,,
2016-09-25,,,,,,,,,,-0.298529,,,
2016-09-26,,,,,,,,,,1.201187,,,
2016-09-27,0.610048,0.988589,0.485062,1.418408,-0.021999,0.169727,0.070212,0.381965,-0.70742,-0.308698,-0.021999,0.619669,0.118866
2016-09-28,0.54065,0.168746,0.884961,0.874157,0.0,-0.044592,0.08771,-0.190243,-0.278791,-0.237227,0.0,0.870646,0.0
2016-09-29,-0.939783,-0.724504,-1.222775,-1.73312,0.0,0.062426,-0.01756,0.0,-0.108721,0.15957,0.0,-1.13685,0.011885
2016-09-30,0.801564,0.746758,0.672783,0.551149,0.022004,-0.249599,0.035117,0.23827,-0.349841,0.667333,0.022004,0.532366,-0.130594
2016-10-01,,,,,,,,,,0.696694,,,
2016-10-02,,,,,,,,,,-0.503425,,,
2016-10-03,,,,,,,,,,0.20314,,,
2016-10-04,-0.464504,-0.151851,-0.29458,-1.024407,0.022004,-0.457497,-0.509351,-0.285384,-3.379225,-0.31513,0.022004,-0.360327,-0.333788
2016-10-05,0.415955,0.354809,0.537155,1.497456,0.0,-0.225359,-0.070634,-0.310033,-0.218592,0.378071,0.0,0.723272,-0.167419
2016-10-06,0.11618,-0.050487,-0.534285,-0.065067,0.0,-0.207717,-0.035351,-0.119603,-1.022308,0.083265,0.0,-0.422374,-0.03591
2016-10-07,-0.368343,-0.218987,-0.644621,-0.455942,0.0,0.144803,0.035364,0.071851,0.139349,0.668815,0.0,-0.636286,0.083815
2016-10-08,,,,,,,,,,0.321979,,,
2016-10-09,,,,,,,,,,-0.380541,,,
2016-10-10,,,,,,,,,,0.363518,,,
2016-10-11,-1.214903,-1.425944,-1.453954,-2.226535,-0.021999,-0.027132,-0.088441,0.118883,-0.456917,3.566755,-0.021999,-1.572489,-0.155858
2016-10-12,0.127552,-0.08508,-0.136606,-0.088447,0.022004,0.0,-0.035417,0.142466,0.065577,-0.761226,0.022004,-0.12952,0.060026
2016-10-13,-0.32102,-0.357701,-0.273613,-0.863021,-0.021999,0.208443,0.17711,0.047438,0.303078,0.093367,-0.021999,-0.410712,0.120017
2016-10-14,0.025556,0.119636,0.082299,0.089273,0.0,-0.307539,-0.14143,0.355545,-0.563497,0.56408,0.0,0.173653,-0.203744
2016-10-15,,,,,,,,,,-0.270464,,,
2016-10-16,,,,,,,,,,0.467393,,,
2016-10-17,,,,,,,,,,-0.379967,,,
2016-10-18,0.589604,0.890256,1.070842,1.830353,0.0,0.199205,0.070522,0.047152,0.647113,-0.192895,0.0,1.194079,0.131822
2016-10-19,0.275222,-0.008458,0.353216,0.504179,0.022004,0.045185,0.123312,0.259203,0.455772,-1.166218,0.022004,0.34327,0.07184
2016-10-20,-0.162653,-0.118808,0.0,-0.283529,-0.021999,-0.09032,-0.088005,-0.399545,-0.194444,0.053444,-0.021999,-0.042725,-0.059783
2016-10-21,0.025438,0.373785,-0.216583,-0.065616,0.0,0.108437,0.052849,-0.188775,0.040589,0.312433,0.0,-0.128394,0.083716
2016-10-22,,,,,,,,,,3.866138,,,
2016-10-23,,,,,,,,,,-0.03393,,,
2016-10-24,,,,,,,,,,-0.50375,,,
2016-10-25,-0.283893,-0.317792,-0.081515,0.0,0.0,-0.018083,0.15865,-0.213576,0.715267,0.585386,0.0,-0.107062,0.0
2016-10-26,-0.22368,-0.679619,-0.489358,-1.002197,0.022004,-0.217093,-0.01757,-0.095128,-0.548784,3.150301,0.022004,-0.556805,-0.179595
2016-10-27,-0.264954,-0.456131,-0.109294,-0.814238,-0.021999,-0.344361,-0.440088,-0.0238,0.170412,1.475588,-0.021999,-0.236957,-0.27587
2016-10-28,-0.316689,-0.62794,-0.054696,-0.399395,0.022004,0.018162,0.017669,-0.499999,0.45366,0.19439,0.022004,-0.107933,-0.04814
2016-10-29,,,,,,,,,,3.600082,,,
2016-10-30,,,,,,,,,,-1.765621,,,
2016-10-31,,,,,,,,,,-0.127094,,,
2016-11-01,-0.696989,-0.752205,-0.273885,-0.841835,-0.021786,0.003606,0.122067,-0.023963,0.675564,4.111583,-0.021786,-0.38871,-0.032463
2016-11-02,-0.660555,-0.800966,-0.74157,-1.139405,0.02179,0.300267,0.03533,-0.143955,0.718966,1.512203,0.02179,-0.845413,0.09637
2016-11-03,-0.38962,-0.981051,-0.055346,-0.293804,-0.021786,-0.0635,-0.282652,0.0,0.507615,-7.036572,-0.021786,-0.087497,-0.060183
2016-11-04,-0.135644,-0.350761,-0.830547,-0.974612,0.02179,0.308587,0.248036,-0.312342,0.126261,2.110494,0.02179,-0.962788,0.180622
2016-11-05,,,,,,,,,,0.026029,,,
2016-11-06,,,,,,,,,,1.152081,,,
2016-11-07,,,,,,,,,,-1.179302,,,
2016-11-08,0.459935,0.653201,0.247899,0.641999,0.02179,-0.354387,-0.159112,-0.144371,-0.409282,0.955304,0.02179,0.325259,-0.180615
2016-11-09,1.068271,0.461106,-0.164832,-3.057622,-0.04378,-1.522934,-0.655233,-0.361443,-0.056406,1.891248,-0.04378,-0.670009,-0.988872
2016-11-10,0.231518,-1.614938,-0.330221,-2.700233,0.0,-0.601867,-0.249527,-0.362754,-1.483512,-1.069999,0.0,-0.652717,-0.426299
2016-11-11,-0.185792,0.043173,-0.80067,-1.889011,-0.043653,-0.204932,-0.214414,-0.873789,-2.283332,0.122568,-0.043653,-1.029361,-0.183512
2016-11-12,,,,,,,,,,-1.585262,,,
2016-11-13,,,,,,,,,,-0.428763,,,
2016-11-14,,,,,,,,,,0.425906,,,
2016-11-15,0.80987,1.387085,0.615063,2.108763,0.022004,0.0,0.054148,0.684419,0.759487,0.935862,0.022004,0.979736,0.135355
2016-11-16,-0.169643,0.593709,-0.916947,-0.774455,0.0,0.093885,0.216522,-0.267056,-0.251254,4.578149,0.0,-1.036397,0.208762
2016-11-17,0.474816,0.727056,0.673008,0.141897,0.02179,-0.440855,-0.14402,-0.243419,-0.562548,-0.432816,0.02179,0.623922,-0.404534
2016-11-18,-0.179076,-0.373647,-0.891339,-0.377911,-0.021786,-0.442862,-0.216385,0.024411,-0.793725,1.431628,-0.021786,-0.841476,-0.246249
2016-11-19,,,,,,,,,,0.004125,,,
2016-11-20,,,,,,,,,,-2.739434,,,
2016-11-21,,,,,,,,,,1.124719,,,
2016-11-22,0.183079,0.303714,0.306468,1.245868,0.0,0.094614,0.10815,0.097202,-0.008488,1.636663,0.0,0.486946,0.086373
2016-11-23,0.08887,-0.403737,-0.361093,-0.975131,0.0,-0.359024,-0.27027,-0.339883,-2.002546,-0.898785,0.0,-0.462585,-0.258902
2016-11-24,,,,,,,,,,-0.578166,,,
2016-11-25,,,,,,,,,,0.18371,,,
2016-11-26,,,,,,,,,,-0.845005,,,
2016-11-27,,,,,,,,,,-0.455144,,,
2016-11-28,,,,,,,,,,0.516098,,,
2016-11-29,0.158022,0.34592,0.558534,0.162596,0.0,0.103912,0.217109,-0.389667,-0.396513,-0.028402,0.0,0.486765,0.073878
2016-11-30,-0.226801,-1.210687,-0.138886,0.324584,0.0,-0.67003,-0.018078,0.586783,-1.289486,1.371251,0.0,-0.088069,-0.34489
2016-12-01,-0.390312,-1.727691,-0.250248,-1.15553,0.046004,-0.381471,-0.175569,0.291703,-0.245484,1.486274,0.046004,-0.264428,-0.371643
2016-12-02,0.069475,0.199193,0.2788,-0.116903,-0.021837,0.448801,-0.072509,-0.145427,0.474599,2.797398,-0.021837,0.265129,0.360571
2016-12-03,,,,,,,,,,-0.872677,,,
2016-12-04,,,,,,,,,,0.352326,,,
2016-12-05,,,,,,,,,,-1.960531,,,
2016-12-06,0.349911,0.240128,0.68963,0.464569,0.021842,0.038008,0.126667,0.339244,-0.0176,0.728086,0.021842,0.524694,-0.012411
2016-12-07,1.267041,1.266273,1.315075,1.572243,0.0,0.332789,0.180726,-0.434676,0.343276,0.511371,0.0,1.435387,0.235176
2016-12-08,0.261884,0.17743,0.08114,0.386996,0.0,-0.379046,-0.1804,0.72762,-0.18421,0.348635,0.0,0.064327,-0.1975
2016-12-09,0.609477,0.784334,0.297214,-0.408157,0.0,-0.513638,-0.451825,0.385244,-1.072148,0.257393,0.0,0.299969,-0.296906
2016-12-10,,,,,,,,,,0.24017,,,
2016-12-11,,,,,,,,,,-0.634997,,,
2016-12-12,,,,,,,,,,1.345399,,,
2016-12-13,0.683486,1.260926,1.054028,1.077495,0.021842,0.057328,-0.145162,0.024215,-0.318671,0.060129,0.021842,0.988413,0.111778
2016-12-14,-0.827001,-0.207553,-1.631482,-2.812445,0.0,-0.831198,-0.799381,0.29058,-1.429707,0.118504,0.0,-1.808493,-0.508702
2016-12-15,0.371144,0.158047,-0.163108,0.326751,0.0,-0.279354,-0.622719,0.217269,-1.342344,-0.434176,0.0,-0.065043,-0.149653
2016-12-16,-0.172884,-0.370682,0.027215,-0.418696,-0.021837,0.125619,-0.073722,-0.337263,0.566152,0.876375,-0.021837,-0.195167,0.087491
2016-12-17,,,,,,,,,,0.754484,,,
2016-12-18,,,,,,,,,,-0.037802,,,
2016-12-19,,,,,,,,,,0.276265,,,
2016-12-20,0.383996,0.383062,0.217958,0.211686,-0.021837,-0.211275,0.146912,-0.072869,-0.713443,1.029626,-0.021837,0.307068,0.01249
2016-12-21,-0.272549,-0.074675,0.0,-0.39025,0.021842,0.163701,0.183334,0.413225,0.027281,4.171061,0.021842,-0.153086,0.149273
2016-12-22,-0.127352,-0.28224,-0.274087,-1.051137,-0.021837,-0.043383,0.34778,-0.096845,-0.263702,3.626952,-0.021837,-0.481819,-0.068506
2016-12-23,0.086933,0.066587,0.219868,0.482869,0.0,0.096287,0.182374,0.193865,0.319109,6.644462,0.0,0.286107,0.049849
2016-12-24,,,,,,,,,,-2.51219,,,
2016-12-25,,,,,,,,,,-0.293611,,,
2016-12-26,,,,,,,,,,1.275075,,,
2016-12-27,,,,,,,,,,2.819274,,,
2016-12-28,-0.789641,-0.778003,-0.192227,0.646535,-0.002193,0.366081,0.17985,-0.048115,0.252912,4.578131,-0.002193,-0.065831,0.249472
2016-12-29,-0.019375,-0.141793,0.357688,1.570299,0.021932,0.307121,0.036669,0.048138,1.279396,-0.248382,0.021932,0.548845,0.273543
2016-12-30,-0.344645,-1.027494,0.191966,-0.56215,-0.04375,0.296618,0.421145,-0.240614,-0.578245,-1.259278,-0.04375,0.174708,0.21093
2016-12-31,,,,,,,,,,0.260602,,,
2017-01-01,,,,,,,,,,3.588304,,,
2017-01-02,,,,,,,,,,2.346429,,,
2017-01-03,,,,,,,,,,2.161974,,,
2017-01-04,0.590145,0.543758,1.223828,0.885605,0.0,0.114556,0.109121,-0.12194,0.390735,10.623277,0.0,1.10362,0.074268
2017-01-05,-0.076946,0.565789,0.886622,1.154975,-0.021927,0.648337,0.345314,-0.390618,1.52145,-12.240955,-0.021927,0.749156,0.507005
2017-01-06,0.38981,0.876975,-0.399462,-0.456736,0.021932,-0.454669,-0.344125,0.196072,-0.679621,-10.971108,0.021932,-0.212464,-0.39374
2017-01-07,,,,,,,,,,0.707607,,,
2017-01-08,,,,,,,,,,0.287695,,,
2017-01-09,,,,,,,,,,-0.918677,,,
2017-01-10,-0.014433,0.220713,0.107197,0.689812,-0.021927,-0.047377,0.054412,0.246176,0.400422,0.537313,-0.021927,0.170694,-0.024645
2017-01-11,0.283762,0.269193,0.696106,0.981972,0.021932,0.113728,0.163175,0.17191,0.364139,-14.31365,0.021932,0.745273,0.049302
2017-01-12,-0.220603,-0.154584,0.079765,0.474887,0.0,0.056904,0.162928,0.245136,0.39737,3.481417,0.0,0.147984,0.024733
2017-01-13,0.19707,0.342196,0.371904,-0.022508,0.0,-0.217742,-0.180706,0.024485,0.172091,2.379376,0.0,0.295477,-0.160202
2017-01-14,,,,,,,,,,-0.676229,,,
2017-01-15,,,,,,,,,,0.413726,,,
2017-01-16,,,,,,,,,,1.184722,,,
2017-01-17,,,,,,,,,,9.188318,,,
2017-01-18,0.211823,0.203591,-0.451193,-0.45037,-0.021927,-0.708042,-0.523178,0.0,-0.846664,-2.348179,-0.021927,-0.527445,-0.516535
2017-01-19,-0.336273,-0.048739,-0.186583,-0.407156,0.0,-0.380379,-0.018166,0.147742,0.0,1.404778,0.0,-0.084826,-0.173196
2017-01-20,0.322983,0.219546,0.48077,0.340682,0.021932,0.047767,0.072581,0.0,0.187852,-0.45013,0.021932,0.403296,0.074359
2017-01-21,,,,,,,,,,2.990193,,,
2017-01-22,,,,,,,,,,0.312867,,,
2017-01-23,,,,,,,,,,-0.395918,,,
2017-01-24,0.635702,0.67291,0.424393,0.579856,0.0,-0.379648,-0.162663,0.22167,-0.491239,-3.075423,0.0,0.399817,-0.148083
2017-01-25,0.832673,1.006568,0.977301,0.931253,0.021932,-0.495386,-0.325771,-0.147465,-0.766016,0.991947,0.021932,1.047973,-0.296688
2017-01-26,-0.075941,0.103647,-0.313938,-0.417375,0.021875,0.134107,0.199743,0.418419,-0.892016,1.779618,0.021875,-0.311102,0.037283
2017-01-27,-0.142483,0.191165,-0.236109,-0.022072,-0.043792,0.124207,0.054324,-0.098056,0.164431,0.235836,-0.043792,-0.228895,0.111515
2017-01-28,,,,,,,,,,0.200057,,,
2017-01-29,,,,,,,,,,-0.227222,,,
2017-01-30,,,,,,,,,,0.096362,,,
2017-01-31,-0.00475,-0.200261,0.344395,0.243741,-0.02187,0.343847,0.253755,-0.296014,1.307747,5.434808,-0.02187,0.230892,0.210526
2017-02-01,0.014354,0.690354,0.343153,0.132632,0.006526,-0.191644,-0.289297,0.371128,-0.229295,1.91879,0.006526,0.335126,-0.175882
2017-02-02,0.043083,-0.087676,0.157885,0.441478,0.0,0.038208,0.072522,0.123243,0.553282,2.302978,0.0,0.125226,0.062008
2017-02-03,0.74131,0.287267,0.420288,0.615381,-0.021926,0.076397,-0.09054,-0.221581,0.228565,1.789884,-0.021926,0.458585,0.024889
2017-02-04,,,,,,,,,,1.261274,,,
2017-02-05,,,,,,,,,,-1.491999,,,
2017-02-06,,,,,,,,,,1.052238,,,
2017-02-07,0.023801,0.365536,-0.079097,-0.481401,0.0,0.180415,0.0,-0.197378,-0.166704,2.23474,0.0,-0.104385,0.160627
2017-02-08,0.128403,0.166301,0.158239,0.703606,0.0,0.407608,0.253204,0.049435,0.617846,0.162055,0.0,0.31343,0.271307
2017-02-09,0.570032,0.363639,0.368621,0.414845,0.0,-0.594714,-0.234526,0.568326,-0.755121,-6.461188,0.0,0.270729,-0.270573
2017-02-10,0.401475,0.330777,0.367234,0.739283,-0.02189,-0.066489,0.072288,0.221139,0.16722,-0.574123,-0.02189,0.540121,-0.024722
2017-02-11,,,,,,,,,,1.595673,,,
2017-02-12,,,,,,,,,,-0.524564,,,
2017-02-13,,,,,,,,,,-0.8546,,,
2017-02-14,0.416487,0.335675,-0.052087,0.043005,0.021894,-0.361672,-0.307485,-0.024518,0.142727,1.403934,0.021894,-0.082333,-0.209928
2017-02-15,0.507941,0.5913,0.364727,0.837996,-0.02189,-0.190987,0.163236,-0.245223,0.419175,0.291672,-0.02189,0.556105,-0.160956
2017-02-16,-0.078794,-0.030938,0.207719,-0.383568,0.0,0.401933,0.018171,-0.467054,0.534314,1.981177,0.0,0.081956,0.18595
2017-02-17,0.153115,0.433266,-0.336779,-0.406426,0.021894,0.26688,0.181118,-0.0741,-0.323863,1.826873,0.021894,-0.429775,0.235139
2017-02-18,,,,,,,,,,0.784745,,,
2017-02-19,,,,,,,,,,-0.621199,,,
2017-02-20,,,,,,,,,,3.06431,,,
2017-02-21,,,,,,,,,,3.270437,,,
2017-02-22,-0.046054,0.038326,-0.077612,0.255018,0.0,0.161679,0.18072,-0.172958,0.174868,0.191867,0.0,0.020407,0.061693
2017-02-23,0.055307,-0.37551,0.1813,0.106015,0.0,0.265894,0.198474,-0.099013,0.839566,4.410083,0.0,0.10225,0.185103
2017-02-24,0.119721,0.192316,-0.853175,-1.058881,0.0,0.464034,0.306054,0.049559,0.618257,0.596551,0.0,-0.796124,0.369466
2017-02-25,,,,,,,,,,-2.542438,,,
2017-02-26,,,,,,,,,,1.867393,,,
2017-02-27,,,,,,,,,,1.267595,,,
2017-02-28,-0.293958,-0.306672,-0.234549,-0.79516,0.043747,-0.047266,-0.071991,0.247462,0.032903,0.0,0.043747,-0.350057,-0.07385
2017-03-01,1.418863,1.092122,0.966578,1.47312,-0.039397,-0.696685,-0.540334,-0.07405,-0.15625,3.604331,-0.039397,1.157272,-0.409267
2017-03-02,-0.585941,-0.502128,-0.620988,-1.686598,0.0,-0.28633,-0.307932,-0.741114,-1.169592,2.332107,0.0,-0.858022,-0.185707
2017-03-03,0.054839,0.183528,0.494665,0.716614,0.021935,0.095751,0.290659,0.298659,-0.075005,1.91685,0.021935,0.494568,0.074454
2017-03-04,,,,,,,,,,-1.556088,,,
2017-03-05,,,,,,,,,,0.953669,,,
2017-03-06,,,,,,,,,,0.450625,,,
2017-03-07,-0.302356,-0.168262,-0.259948,0.17247,-0.043799,-0.143444,-0.126964,-0.148657,-0.839563,-3.872467,-0.043799,-0.226108,-0.186048
2017-03-08,-0.21134,0.176211,-0.521238,-0.882278,0.0,-0.335262,-0.508578,-0.694792,-0.601135,-6.010432,0.0,-0.597434,-0.236041
2017-03-09,0.105898,0.076482,0.419201,-0.825039,0.0,-0.278753,-0.219028,-0.374816,-0.553659,3.346956,0.0,0.124333,-0.31129
2017-03-10,0.349568,0.420361,0.782666,1.028913,0.021935,0.212048,0.091501,-0.526717,0.197,-6.038757,0.021935,0.931478,0.19988
2017-03-11,,,,,,,,,,5.293179,,,
2017-03-12,,,,,,,,,,3.873864,,,
2017-03-13,,,,,,,,,,0.862961,,,
2017-03-14,-0.339023,-0.243169,-0.747309,-0.513262,0.0,0.106079,-0.054871,-0.151569,-0.461617,0.655883,0.0,-0.693413,-0.012505
2017-03-15,0.831967,0.616938,1.557691,2.515049,0.021935,0.876411,0.860632,0.278277,1.769154,0.774999,0.021935,1.622474,0.624703
2017-03-16,-0.168652,-0.068109,0.408995,0.566162,0.021878,-0.276862,-0.090823,0.0,0.49789,-4.945537,0.021878,0.586095,-0.149049
2017-03-17,-0.200897,-0.034889,0.15276,-0.020852,0.0,0.26809,0.181725,0.252275,0.2603,-7.373239,0.0,-0.020083,0.198986
2017-03-18,,,,,,,,,,-11.489597,,,
2017-03-19,,,,,,,,,,6.461371,,,
2017-03-20,,,,,,,,,,1.687018,,,
2017-03-21,-1.277622,-1.517346,-0.584934,-1.217013,0.021878,0.333391,0.108665,-0.505941,0.834032,6.289904,0.021878,-0.701967,0.235335
2017-03-22,0.204133,0.677926,0.1279,0.542926,0.0,0.189884,0.144666,0.203407,0.23987,-6.37193,0.0,0.181805,0.135867
2017-03-23,-0.102342,-0.252521,0.281056,0.062298,-0.021873,-0.104241,-0.072219,-0.228364,-0.066015,-1.00559,-0.021873,0.221757,-0.049353
2017-03-24,-0.032558,0.207105,0.255772,0.228321,0.021878,0.056924,0.126496,0.330612,0.057798,-9.731458,0.021878,0.363256,-0.024673
2017-03-25,,,,,,,,,,3.760877,,,
2017-03-26,,,,,,,,,,-0.622342,,,
2017-03-27,,,,,,,,,,8.17658,,,
2017-03-28,0.741689,0.611461,0.458119,0.166076,0.0,-0.340482,-0.305991,0.432118,-0.361008,0.131961,0.0,0.321269,-0.184823
2017-03-29,0.148164,0.46338,0.10136,0.248686,0.0,0.284718,0.30693,0.506211,0.20586,-0.685676,0.0,0.120115,0.19753
2017-03-30,0.268174,0.166364,-0.379654,-0.537518,0.0,-0.28391,-0.305991,0.251817,-0.690276,-1.301953,0.0,-0.39985,-0.160219
2017-03-31,-0.239799,-0.06795,-0.152458,-0.665143,-0.021873,0.199305,0.252774,-0.025108,0.198595,4.419199,-0.021873,-0.281013,0.061745
2017-04-01,,,,,,,,,,0.812656,,,
2017-04-02,,,,,,,,,,2.005557,,,
2017-04-03,,,,,,,,,,3.778003,,,
2017-04-04,0.055518,0.158712,-0.05097,0.083154,0.0,-0.141542,-0.269377,0.025185,0.238352,-0.923235,0.0,0.080558,-0.110765
2017-04-05,-0.305228,-0.407483,-0.535152,-0.353123,0.0,0.188954,0.306124,0.075529,0.016398,-0.747405,0.0,-0.44254,0.086338
2017-04-06,0.259807,0.053022,0.076874,-0.083369,0.0,-0.06604,-0.089754,0.176105,-0.352519,5.147675,0.0,0.0,0.036902
2017-04-07,-0.087916,-0.052994,-0.128033,-0.146063,0.0,-0.302041,-0.413354,0.150673,0.197451,-0.488723,0.0,-0.101084,-0.221683
2017-04-08,,,,,,,,,,-0.080727,,,
2017-04-09,,,,,,,,,,1.013652,,,
2017-04-10,,,,,,,,,,-0.062296,,,
2017-04-11,-0.124997,-0.431724,0.410156,-0.125977,0.021939,0.46309,0.180282,0.150237,1.428335,1.506154,0.021939,0.283412,0.320566
2017-04-12,-0.412422,-0.403168,-0.076599,0.462446,-0.021934,0.310505,0.377744,-0.300071,0.679829,-0.38506,-0.021934,0.020162,0.23348
2017-04-13,-0.66544,-0.397249,-0.638734,-0.313857,0.021939,0.300122,0.143351,0.376227,0.49036,-2.590032,0.021939,-0.565068,0.147124
2017-04-14,,,,,,,,,,-0.148809,,,
2017-04-15,,,,,,,,,,0.426536,,,
2017-04-16,,,,,,,,,,0.888678,,,
2017-04-17,,,,,,,,,,0.927358,,,
2017-04-18,-0.274012,-0.152096,-0.586629,-1.165436,0.021903,0.571354,0.30498,-0.473142,0.553818,1.48755,0.021903,-0.68453,0.355235
2017-04-19,-0.218854,0.159964,-0.461775,-0.547489,0.0,-0.260747,-0.286166,0.075071,-0.893994,-0.113893,0.0,-0.445959,-0.183095
2017-04-20,0.816706,0.836571,0.90208,1.206865,0.0,-0.224107,-0.089711,0.0,0.217457,1.552514,0.0,0.916303,-0.134548
2017-04-21,-0.291631,-0.02265,0.051055,0.0,0.0,0.046779,-0.089754,-0.125006,0.265209,-0.571965,0.0,-0.040328,0.02449
2017-04-22,,,,,,,,,,0.790468,,,
2017-04-23,,,,,,,,,,-1.989105,,,
2017-04-24,,,,,,,,,,3.556967,,,
2017-04-25,0.601752,0.723021,0.649528,0.97146,0.0,-0.515523,-0.19763,0.0,-1.008553,1.22705,0.0,0.592978,-0.3065
2017-04-26,-0.07305,-0.140582,-0.37231,-0.450349,0.021903,0.26382,0.180015,-0.050237,0.513487,1.231931,0.021903,-0.235821,0.098399
2017-04-27,0.077659,0.600232,0.149502,-0.061703,-0.021898,0.065788,0.017974,-0.150793,-0.486535,2.860869,-0.021898,-0.137833,0.073716
2017-04-28,-0.191745,0.176813,-0.074687,0.205771,0.043753,0.103271,0.089835,0.327214,0.334089,-0.09486,0.043753,0.0,0.110498
2017-04-29,,,,,,,,,,0.403353,,,
2017-04-30,,,,,,,,,,1.974593,,,
2017-05-01,,,,,,,,,,5.468544,,,
2017-05-02,0.031955,0.167579,0.595835,0.613119,-0.021947,0.207108,-0.090043,0.100336,0.0,2.196115,-0.021947,0.58901,0.172372
2017-05-03,-0.100383,-0.320092,-0.320799,-0.670304,0.0,-0.20668,-0.252275,0.425961,-1.385016,2.565357,0.0,-0.292775,-0.110579
2017-05-04,0.091321,0.036456,0.717954,-0.838475,0.021952,-0.225996,-0.379455,-0.324364,-0.947397,3.193101,0.021952,0.254498,-0.110733
2017-05-05,0.401519,0.364867,1.007878,0.763049,-0.021947,0.018894,0.072637,-0.325392,0.125852,1.156289,-0.021947,0.956863,0.061576
2017-05-06,,,,,,,,,,1.50118,,,
2017-05-07,,,,,,,,,,1.1344,,,
2017-05-08,,,,,,,,,,7.93131,,,
2017-05-09,-0.127233,0.34824,-0.171175,1.02334,0.0,-0.113506,-0.072633,-0.050161,-0.587739,1.857429,0.0,-0.058341,-0.049278
2017-05-10,0.186545,0.057788,0.146945,0.587538,0.021874,-0.037881,0.054536,0.0,-0.042231,1.809886,0.021874,0.33074,-0.012397
2017-05-11,-0.204373,-0.079459,-0.195643,0.20139,0.0,0.075747,0.309097,0.301119,0.380229,3.437911,0.0,-0.213304,0.074075
2017-05-12,-0.154722,0.224211,0.441093,0.402019,-0.021869,0.511143,0.054281,0.225178,0.286191,-6.725737,-0.021869,0.524685,0.295956
2017-05-13,,,,,,,,,,4.678586,,,
2017-05-14,,,,,,,,,,0.221618,,,
2017-05-15,,,,,,,,,,-3.896268,,,
2017-05-16,-0.018158,0.417119,0.509316,0.138895,0.0,0.131939,0.054445,-0.825607,0.418439,-0.228948,0.0,0.383932,0.098383
2017-05-17,-1.773376,-2.542597,-1.206578,-1.64456,0.021859,0.799941,0.562115,-0.454098,1.816822,6.033037,0.021859,-1.319544,0.540473
2017-05-18,0.364752,0.874535,0.195391,-1.61159,0.0,-0.028013,0.072095,0.304116,-0.793977,2.694814,0.0,-0.232595,-0.085567
2017-05-19,0.62109,0.422587,1.145806,2.047508,-0.021854,-0.028003,0.162226,0.176847,0.486799,5.245013,-0.021854,1.37916,0.061082
2017-05-20,,,,,,,,,,4.880995,,,
2017-05-21,,,,,,,,,,-2.088042,,,
2017-05-22,,,,,,,,,,6.47658,,,
2017-05-23,0.195549,0.100704,-0.096146,-0.080154,0.0,-0.261888,-0.180071,-0.151229,-0.637724,6.764518,0.0,0.0,-0.207887
2017-05-24,0.240494,0.459963,0.216557,0.401112,-0.021854,0.206325,0.01805,0.353454,0.394967,5.310244,-0.021854,0.191337,0.20832
2017-05-25,0.466308,0.851347,-0.023992,0.439464,0.021859,0.056134,-0.07213,0.100619,-0.090162,-5.674319,0.021859,0.038219,0.0
2017-05-26,0.004493,0.17733,-0.264217,0.318243,0.021875,0.065483,0.180437,-0.276452,0.885978,-4.449499,0.021875,-0.095497,0.048973
2017-05-27,,,,,,,,,,-7.425919,,,
2017-05-28,,,,,,,,,,5.735042,,,
2017-05-29,,,,,,,,,,4.629838,,,
2017-05-30,,,,,,,,,,-3.552925,,,
2017-05-31,-0.022524,-0.035369,0.192953,-0.835664,0.0,0.046601,0.07184,0.075982,0.432586,5.099585,0.0,-0.038264,0.048748
2017-06-01,0.780435,0.389227,0.674017,0.882807,0.03722,-0.05223,-0.001833,0.0,0.048757,5.312694,0.03722,0.747111,0.026961
2017-06-02,0.313314,1.142158,0.956503,0.536999,-0.021934,0.438858,0.287893,0.329036,0.731055,3.350257,-0.021934,0.855641,0.329965
2017-06-03,,,,,,,,,,1.076934,,,
2017-06-04,,,,,,,,,,-0.140737,,,
2017-06-05,,,,,,,,,,6.967087,,,
2017-06-06,-0.285745,-0.397386,-0.237915,0.0,-0.021934,0.316606,0.179712,0.303249,1.078904,6.56503,-0.021934,-0.208236,0.183062
2017-06-07,0.165682,0.392012,-0.071498,-0.158329,0.043835,-0.185626,-0.340999,-0.251937,-0.53369,-4.576699,0.043835,0.03791,-0.134004
2017-06-08,0.035731,0.104544,-0.143206,0.654114,-0.021887,-0.158119,-0.018001,-0.328385,-0.640673,2.688723,-0.021887,-0.094826,-0.073208
2017-06-09,-0.1162,-2.500468,-0.35836,-0.748332,0.021892,-0.093115,-0.162078,-0.53219,-0.87853,0.648339,0.021892,-0.455443,-0.085347
2017-06-10,,,,,,,,,,4.387685,,,
2017-06-11,,,,,,,,,,0.352821,,,
2017-06-12,,,,,,,,,,-10.090234,,,
2017-06-13,0.487881,0.811652,0.866015,0.518646,0.021892,0.037311,0.108283,-0.050922,0.081435,2.157824,0.021892,0.822652,0.024495
2017-06-14,-0.106919,-0.434633,-0.119269,0.0,-0.021887,0.522024,0.036102,-0.382031,-0.545162,-7.752976,-0.021887,-0.132852,0.366484
2017-06-15,-0.200642,-0.443621,-1.074471,-1.111315,0.0,-0.176185,-0.432893,0.0,-0.417243,-1.667353,0.0,-0.988038,-0.109593
2017-06-16,0.0268,-0.433874,0.893067,0.2408,0.043763,0.055687,0.054365,0.076694,-0.04929,2.19023,0.043763,0.710028,0.109714
2017-06-17,,,,,,,,,,5.452315,,,
2017-06-18,,,,,,,,,,-4.051006,,,
2017-06-19,,,,,,,,,,1.621089,,,
2017-06-20,-0.655756,-0.783141,-0.905854,-1.117125,0.0,0.25135,0.145162,0.15329,-0.157298,5.104647,0.0,-0.967532,0.146301
2017-06-21,-0.040139,0.990222,-0.092505,0.384003,0.021866,-0.009292,0.054335,0.306126,0.265337,-1.201046,0.021866,-0.162671,0.048608
2017-06-22,-0.057988,-0.028424,0.194867,0.382515,0.021851,0.092882,0.361964,0.203445,0.29772,0.606516,0.021851,0.349084,0.036483
2017-06-23,0.1704,0.383798,0.218824,0.521453,-0.021846,0.027799,0.036064,-0.101499,0.453491,1.460038,-0.021846,0.251266,0.024372
2017-06-24,,,,,,,,,,-4.961545,,,
2017-06-25,,,,,,,,,,-0.740212,,,
2017-06-26,,,,,,,,,,-4.285145,,,
2017-06-27,-0.796638,-1.813925,-0.024218,-1.108238,0.0,-0.491207,-0.449769,-0.202929,0.430714,2.985737,0.0,-0.230659,-0.340124
2017-06-28,0.884241,1.44173,0.89608,0.760446,0.043722,-0.093115,0.126531,-0.177933,0.049481,0.875241,0.043722,0.963395,0.0
2017-06-29,-0.863072,-1.735482,-1.008158,-1.191662,-0.021846,-0.37295,-0.379093,-0.152804,-0.502843,-1.377587,-0.021846,-1.030569,-0.20711
2017-06-30,0.166874,0.036352,0.194018,0.582922,0.021851,-0.233935,-0.235506,-0.510084,-0.223691,-2.302978,0.021851,0.212142,-0.073334
2017-07-01,,,,,,,,,,-1.865902,,,
2017-07-02,,,,,,,,,,2.954136,,,
2017-07-03,,,,,,,,,,2.297657,,,
2017-07-04,,,,,,,,,,1.465638,,,
2017-07-05,,,,,,,,,,0.013457,,,
2017-07-06,-0.897091,-0.901636,-0.605946,-1.196176,0.021891,-0.188404,-0.181917,0.438182,-0.025244,0.252502,0.021891,-0.596523,-0.232984
2017-07-07,0.633631,1.078625,0.170723,0.343009,0.0,-0.160468,-0.364658,0.153938,-1.01835,-3.446351,0.0,0.116114,-0.024574
2017-07-08,,,,,,,,,,2.091595,,,
2017-07-09,,,,,,,,,,-2.057299,,,
2017-07-10,,,,,,,,,,-5.79247,,,
2017-07-11,-0.076343,0.281219,0.315906,0.798243,0.0,0.132134,0.29284,0.308018,0.186823,-1.465506,0.0,0.34696,0.098365
2017-07-12,0.750898,1.186659,0.896358,1.900608,-0.021886,0.292324,0.291966,-0.07678,0.33904,2.611443,-0.021886,0.960377,0.233192
2017-07-13,0.169563,0.220336,0.288111,0.388571,0.0,-0.103458,-0.090987,-0.025618,-0.177394,-1.706666,0.0,0.380538,-0.03673
2017-07-14,0.454455,0.787141,0.718202,1.199963,0.043719,0.141239,0.109308,-0.2305,0.812387,-5.282659,0.043719,0.890841,0.036744
2017-07-15,,,,,,,,,,-10.499077,,,
2017-07-16,,,,,,,,,,-3.453971,,,
2017-07-17,,,,,,,,,,15.472426,,,
2017-07-18,0.075374,0.668097,0.214256,0.345836,0.0,0.366121,0.290573,0.102606,0.668784,4.059844,0.0,0.264014,0.232367
2017-07-19,0.527323,0.586886,0.475205,0.804115,0.0,0.0,0.072456,-0.256277,-0.033215,-1.959996,0.0,0.52661,0.012211
2017-07-20,0.030867,0.131931,0.331041,-0.037958,0.0,0.028049,-0.271514,-0.077082,0.182757,23.936087,0.0,0.374183,0.061047
2017-07-21,-0.070494,-0.041593,-0.25923,-0.133025,0.0,0.177706,0.163305,-0.102865,0.85406,-5.318004,0.0,-0.428715,0.109695
2017-07-22,,,,,,,,,,5.336316,,,
2017-07-23,,,,,,,,,,-2.836897,,,
2017-07-24,,,,,,,,,,0.895847,,,
2017-07-25,0.238219,-0.255562,0.071013,-0.246447,0.0,-0.560408,-0.380404,0.668908,-0.287662,-6.475107,0.0,0.112326,-0.377778
2017-07-26,0.030809,0.325458,0.638803,0.779194,0.021823,0.319366,0.29091,-0.25557,0.791293,-1.82536,0.021823,0.542268,0.244636
2017-07-27,-0.118778,-0.628147,-0.37613,-0.528024,0.021891,-0.159197,-0.05444,-0.768613,-0.089955,5.626918,0.021891,-0.278935,-0.121949
2017-07-28,-0.114524,-0.083374,0.094391,0.0,-0.021887,0.168766,0.199653,-0.284039,0.728491,5.136275,-0.021887,0.0,0.183184
2017-07-29,,,,,,,,,,-2.939116,,,
2017-07-30,,,,,,,,,,1.127106,,,
2017-07-31,,,,,,,,,,4.285544,,,
2017-08-01,0.225016,0.230426,0.564541,0.492492,0.026255,0.248421,0.097873,0.207093,-0.097427,-5.463009,0.026255,0.632898,0.406712
2017-08-02,0.057224,0.271711,-0.046804,0.018882,0.021927,-0.09349,-0.090572,-0.335829,-0.219426,-0.279226,0.021927,-0.018492,-0.061095
2017-08-03,-0.175972,-0.389089,-0.140397,-0.508865,0.0,0.346296,0.290058,0.233284,0.203621,3.469993,0.0,-0.16652,0.207515
2017-08-04,0.167494,0.181333,0.140594,0.397774,0.0,-0.270479,-0.162663,-0.155154,-0.780303,3.250221,0.0,0.185323,-0.158327
2017-08-05,,,,,,,,,,12.328508,,,
2017-08-06,,,,,,,,,,-1.198003,,,
2017-08-07,,,,,,,,,,5.133886,,,
2017-08-08,-0.197697,-0.172916,-0.51447,-0.056206,0.0,-0.084168,0.018104,-0.155402,0.328138,1.213398,0.0,-0.369532,-0.134075
2017-08-09,-0.057232,-0.131663,-0.258618,-0.937398,0.0,0.121661,0.198771,-0.181601,1.201965,-2.265244,0.0,-0.296763,0.073203
2017-08-10,-1.374152,-2.14406,-1.437675,-2.422412,0.0,0.373673,0.216461,0.0,0.702916,1.161119,0.0,-1.59969,0.146463
2017-08-11,0.133981,0.758711,-0.023893,0.310323,0.02185,0.111714,-0.071991,0.051987,0.465345,7.965625,0.02185,0.018869,0.085282
2017-08-12,,,,,,,,,,6.412331,,,
2017-08-13,,,,,,,,,,4.853645,,,
2017-08-14,,,,,,,,,,6.183496,,,
2017-08-15,0.008829,0.069478,-0.094995,0.076569,0.02185,-0.298257,-0.234964,0.156015,-0.700039,-3.310876,0.02185,-0.206325,-0.170555
2017-08-16,0.158968,0.173597,0.618177,0.975536,-0.021845,0.186981,0.181134,0.233633,0.729278,4.655738,-0.021845,0.733036,0.146432
2017-08-17,-1.556366,-2.044658,-1.13424,-1.174486,0.02185,0.35457,0.253164,-0.02591,0.482668,-1.026816,0.02185,-1.212905,0.182789
2017-08-18,-0.183601,-0.070733,0.286809,0.805078,-0.021845,0.018576,-0.108212,0.077721,-0.144109,-3.949263,-0.021845,0.340013,-0.048596
2017-08-19,,,,,,,,,,0.795076,,,
2017-08-20,,,,,,,,,,-2.528561,,,
2017-08-21,,,,,,,,,,-2.101934,,,
2017-08-22,1.012839,1.524236,0.500347,1.023517,0.021855,-0.195137,-0.054197,-0.077541,-0.104213,2.468427,0.021855,0.394519,-0.121605
2017-08-23,-0.341638,-0.356143,0.047413,0.487789,0.0,0.344391,0.288954,0.181044,0.393225,1.243745,0.0,0.168392,0.292318
2017-08-24,-0.231487,-0.294317,-0.118494,0.261413,0.0,-0.157641,-0.216054,0.12905,0.151879,4.411882,0.0,0.018703,-0.145782
2017-08-25,0.218636,-0.210855,0.593128,0.614503,-0.02185,0.167219,0.054102,0.232007,-0.207519,0.851733,-0.02185,0.635063,0.12163
2017-08-26,,,,,,,,,,-0.439203,,,
2017-08-27,,,,,,,,,,0.700303,,,
2017-08-28,,,,,,,,,,-0.005013,,,
2017-08-29,0.075673,0.393251,-0.42454,-0.241206,0.0,0.231642,0.162088,0.051665,-0.220177,4.480381,0.0,-0.408503,0.109276
2017-08-30,0.498095,1.175065,-0.142117,0.223184,0.0,-0.083222,-0.017935,-0.258157,-0.055166,-0.299632,0.0,-0.055985,-0.012109
2017-08-31,0.588577,1.071541,0.853913,0.241287,0.021861,0.157308,0.251761,0.310576,1.640121,3.024781,0.021861,0.764941,0.084925
2017-09-01,0.171566,-0.136865,0.188136,0.703591,0.006595,-0.294183,-0.145489,0.025795,0.271527,4.010291,0.006595,0.277732,-0.165185
2017-09-02,,,,,,,,,,-6.403089,,,
2017-09-03,,,,,,,,,,0.091508,,,
2017-09-04,,,,,,,,,,-7.563887,,,
2017-09-05,,,,,,,,,,3.30995,,,
2017-09-06,0.349553,0.304157,0.733022,0.651271,0.043822,-0.239641,-0.089503,0.490548,-0.38515,5.040302,0.043822,0.706975,-0.169547
2017-09-07,-0.022076,0.234253,0.821591,0.702551,0.0,0.434253,0.358248,0.102778,1.136718,0.060032,0.0,0.757433,0.315471
2017-09-08,-0.154341,-0.866156,-0.023299,-0.624206,-0.021907,-0.073595,0.089226,-0.205346,-0.19115,-8.068252,-0.021907,-0.091663,-0.108856
2017-09-09,,,,,,,,,,-0.063611,,,
2017-09-10,,,,,,,,,,-2.440101,,,
2017-09-11,,,,,,,,,,0.929678,,,
2017-09-12,0.367023,0.239951,0.208073,-0.091152,0.043771,-0.240675,-0.178899,-0.154468,0.271928,-0.731987,0.043771,0.054584,-0.14574
2017-09-13,0.060946,0.136802,-0.461369,-0.510933,0.0,-0.20417,-0.143426,-0.232095,-0.728342,-6.00899,0.0,-0.454653,-0.121616
2017-09-14,-0.034799,-0.587349,0.278049,0.256774,-0.02185,0.018585,0.107675,-0.051691,0.398062,-18.741101,-0.02185,0.219243,0.0609
2017-09-15,0.139284,0.343479,0.046219,0.585438,0.0,0.120866,-0.017917,0.0,-0.450903,15.295649,0.0,0.25518,0.01214
2017-09-16,,,,,,,,,,-0.34309,,,
2017-09-17,,,,,,,,,,-1.163026,,,
2017-09-18,,,,,,,,,,13.461798,,,
2017-09-19,0.121456,0.171765,0.484296,0.18133,0.043709,-0.111916,-0.161482,0.465001,0.181329,-3.449522,0.043709,0.344871,-0.073102
2017-09-20,0.054885,-0.308644,-0.255786,-0.398194,0.0,-0.195958,-0.251578,-0.385679,-0.779098,-0.48459,0.0,-0.167329,-0.085263
2017-09-21,-0.282948,-0.612315,-0.16176,0.018158,0.0,-0.130889,-0.252185,-0.025809,-0.753492,-7.038234,0.0,-0.182169,-0.024485
2017-09-22,-0.013101,-0.096938,0.231432,-0.599543,0.0,0.177903,0.252822,0.464733,0.44754,-0.009366,0.0,0.09126,0.097636
2017-09-23,,,,,,,,,,4.453685,,,
2017-09-24,,,,,,,,,,-2.888931,,,
2017-09-25,,,,,,,,,,6.604413,,,
2017-09-26,0.034973,0.259077,-0.371013,-0.167538,0.0,-0.083835,-0.107781,-0.436123,-1.102184,-0.858873,0.0,-0.275287,-0.048633
2017-09-27,0.389032,0.901037,0.139686,-0.354288,0.0,-0.512987,-0.305666,-0.103063,-0.947305,7.921174,0.0,-0.091997,-0.304235
2017-09-28,0.117536,-0.034592,0.325371,-0.112256,-0.021845,-0.018764,-0.018052,0.386887,0.168769,-0.617519,-0.021845,0.239417,0.024421
2017-09-29,0.356602,0.720157,0.579302,1.198935,0.043721,-0.121879,-0.306686,-0.3597,-0.51348,-0.279303,0.043721,0.56968,0.012183
2017-09-30,,,,,,,,,,4.219005,,,
2017-10-01,,,,,,,,,,1.498839,,,
2017-10-02,,,,,,,,,,0.126701,,,
2017-10-03,0.202818,0.212963,0.392092,1.480392,0.0,0.141237,0.127013,0.129332,0.089327,-2.082857,0.0,0.566398,0.048947
2017-10-04,0.137814,0.095955,-0.183793,0.0,-0.021871,-0.028213,0.108762,0.284172,0.275835,-2.041008,-0.021871,-0.072673,0.0
2017-10-05,0.593481,0.979276,-0.092032,0.711146,0.021875,-0.103461,-0.072439,-0.154547,-0.169902,2.341969,0.021875,0.036345,-0.073393
2017-10-06,-0.09403,0.135586,-0.115223,-0.48888,-0.021871,-0.122369,-0.126768,-0.361205,0.097253,0.979572,-0.021871,-0.127192,-0.110076
2017-10-07,,,,,,,,,,1.283059,,,
2017-10-08,,,,,,,,,,4.147152,,,
2017-10-09,,,,,,,,,,3.503758,,,
2017-10-10,0.252926,0.074548,0.922053,0.983423,0.0,0.037685,0.163184,0.310416,0.0,0.208931,0.0,0.873649,0.048952
2017-10-11,0.162502,0.298122,0.342656,0.414796,0.0,0.112923,0.126747,0.412569,0.658633,0.93036,0.0,0.451112,0.048892
2017-10-12,-0.153687,-0.182384,0.0,-0.017982,0.043709,0.09396,0.21687,-0.308163,0.0,12.854714,0.043709,-0.089835,0.085618
2017-10-13,0.111145,0.385719,0.500751,0.898147,0.0,0.338026,0.0,0.077267,0.805943,3.677311,0.0,0.665243,0.207613
2017-10-14,,,,,,,,,,3.268518,,,
2017-10-15,,,,,,,,,,-2.633841,,,
2017-10-16,,,,,,,,,,0.834771,,,
2017-10-17,0.06398,0.12764,-0.226744,-0.463304,0.021829,-0.037503,-0.072265,-0.128035,0.039857,-2.097253,0.021829,-0.268199,0.012173
2017-10-18,0.089495,-0.120774,0.181812,0.179025,0.0,-0.253205,-0.126627,0.025644,-1.107569,-0.26438,0.0,0.25098,-0.158612
2017-10-19,0.051059,-0.36945,-0.181482,-0.768435,0.0,0.103434,0.072399,-0.410039,-0.088636,2.107612,0.0,-0.411278,0.048881
2017-10-20,0.497911,0.269694,-0.136296,0.342184,0.021918,-0.413272,-0.2895,0.360262,0.048391,5.306632,0.021918,-0.053873,-0.244211
2017-10-21,,,,,,,,,,0.335192,,,
2017-10-22,,,,,,,,,,-0.384312,,,
2017-10-23,,,,,,,,,,-1.299844,,,
2017-10-24,0.140255,0.16923,0.22814,0.090376,0.043752,-0.301497,-0.253796,0.53846,-0.490668,-6.807048,0.043752,0.180134,-0.17117
2017-10-25,-0.479578,-0.378438,-0.409688,-0.216751,0.0,-0.160612,0.0,-0.178516,0.080828,4.055985,0.0,-0.359621,-0.085829
2017-10-26,0.09382,-0.318753,-0.114256,-0.633586,0.0,-0.132531,-0.145355,0.051118,-0.484609,2.678415,0.0,-0.144357,-0.122654
2017-10-27,0.852083,2.91237,0.388953,1.384595,0.0,0.322257,0.291171,0.178723,0.089276,-2.098793,0.0,0.397595,0.221028
2017-10-28,,,,,,,,,,-0.481068,,,
2017-10-29,,,,,,,,,,6.966,,,
2017-10-30,,,,,,,,,,-0.378955,,,
2017-10-31,0.114481,0.376067,0.454726,0.849758,0.02183,-0.065882,-0.018031,0.203887,0.364226,5.511271,0.02183,0.467774,-0.061143
2017-11-01,0.17362,-0.032876,0.226396,0.55576,0.010959,0.060381,0.007238,0.025428,-0.354836,4.621083,0.010959,0.322395,0.064986
2017-11-02,0.042312,-0.190654,0.203232,0.142609,-0.021854,0.132002,0.253587,-0.279685,0.064749,4.598429,-0.021854,0.214195,0.097934
2017-11-03,0.333816,0.961692,-0.090135,-0.462901,0.0,0.160021,0.01809,0.611925,-0.444842,1.82609,0.0,-0.195956,0.085691
2017-11-04,,,,,,,,,,2.388959,,,
2017-11-05,,,,,,,,,,0.372089,,,
2017-11-06,,,,,,,,,,-5.192778,,,
2017-11-07,-0.04206,0.058543,-0.337739,-0.655086,0.0,0.037544,0.108185,0.0,0.354664,1.731799,0.0,-0.373545,0.03668
2017-11-08,0.147228,0.40292,0.429242,0.499031,0.0,-0.121981,0.0,-0.176803,-0.353411,4.4134,0.0,0.374946,-0.073309
2017-11-09,-0.361283,-0.524297,-0.674916,-0.549748,-0.021854,-0.037647,-0.018013,0.177116,0.177336,-4.237574,-0.021854,-0.604761,-0.097663
2017-11-10,-0.059015,-0.00648,-0.249122,-0.338819,0.021859,-0.507595,-0.468421,-0.025268,-0.5552,-7.355415,0.021859,-0.268457,-0.403746
2017-11-11,,,,,,,,,,-3.936756,,,
2017-11-12,,,,,,,,,,-6.410128,,,
2017-11-13,,,,,,,,,,10.24224,,,
2017-11-14,-0.244427,-0.363945,-0.091196,-0.537837,0.0,0.141748,0.126754,-0.177371,0.202017,1.162587,0.0,-0.108171,0.122881
2017-11-15,-0.511078,-0.46963,-0.479144,-0.522708,0.0,0.358755,0.253056,-0.228501,-0.137091,10.244359,0.0,-0.559355,0.23296
2017-11-16,0.853375,1.277898,0.962891,1.956868,0.021875,-0.253998,-0.162311,0.025462,0.419931,7.602308,0.021875,1.14318,-0.134581
2017-11-17,-0.269425,-0.381731,-0.386004,0.373191,-0.02187,0.132036,0.126432,0.101724,0.313627,-2.066897,-0.02187,-0.089695,0.098067
2017-11-18,,,,,,,,,,1.052792,,,
2017-11-19,,,,,,,,,,3.162203,,,
2017-11-20,,,,,,,,,,2.042551,,,
2017-11-21,0.66608,1.085625,0.773601,1.250462,0.021828,0.018894,-0.054138,0.330095,0.161659,-1.57768,0.021828,0.806734,0.085718
2017-11-22,-0.071178,0.122202,0.338666,0.243492,0.0,0.320617,0.325154,-0.430259,0.944154,2.258508,0.0,0.284539,0.20808
2017-11-23,,,,,,,,,,-2.602272,,,
2017-11-24,,,,,,,,,,2.673548,,,
2017-11-25,,,,,,,,,,6.508961,,,
2017-11-26,,,,,,,,,,6.138492,,,
2017-11-27,,,,,,,,,,5.227986,,,
2017-11-28,0.991433,0.256108,0.49506,0.669638,0.043708,0.01879,0.0,0.050701,-0.055861,2.448988,0.043708,0.604241,0.0
2017-11-29,-0.037294,-1.743413,-0.425431,-1.452846,-0.021871,-0.319593,-0.28843,-0.253399,-0.606837,-1.691946,-0.021871,-0.68892,-0.244378
2017-11-30,0.837052,0.838445,0.202363,-0.799309,0.0,-0.311279,-0.090416,-0.076234,-0.44184,3.488754,0.0,-0.053374,-0.14697
2017-12-01,-0.184931,-0.425391,-0.291739,-0.590847,0.006614,0.369556,0.422746,0.584799,0.056483,7.250626,0.006614,-0.160171,0.267987
2017-12-02,,,,,,,,,,0.902001,,,
2017-12-03,,,,,,,,,,2.244782,,,
2017-12-04,,,,,,,,,,2.949696,,,
2017-12-05,-0.35439,0.065457,-0.135613,-0.125911,0.010951,0.075538,0.036076,0.254142,-0.728149,2.226092,0.010951,-0.143109,0.122612
2017-12-06,-0.00415,0.451583,-0.452565,-1.278567,-0.01095,0.207621,0.090246,-0.633709,0.651996,19.928334,-0.01095,-0.573292,0.110203
2017-12-07,0.330876,0.338755,0.29553,0.072956,0.010951,-0.178973,-0.126195,0.663256,-2.040492,25.247169,0.010951,0.252264,-0.134572
2017-12-08,0.544191,0.441496,0.566618,1.093696,0.010929,-0.075468,-0.054193,0.101399,-0.115721,-7.431962,0.010929,0.611038,-0.036705
2017-12-09,,,,,,,,,,-8.396201,,,
2017-12-10,,,,,,,,,,1.826305,,,
2017-12-11,,,,,,,,,,9.585002,,,
2017-12-12,0.171646,-0.134706,0.067492,-0.609564,0.010929,-0.085005,0.054205,-0.328454,0.124642,2.825797,0.010929,-0.035641,-0.012275
2017-12-13,-0.024489,0.192675,0.427023,1.082281,-0.010928,0.406601,0.126441,-0.228119,0.879741,-5.783394,-0.010928,0.552755,0.28207
2017-12-14,-0.395851,-0.070517,-0.469962,-0.695926,0.010929,-0.037689,0.036096,0.508119,-0.18099,0.94953,0.010929,-0.461028,0.036622
2017-12-15,0.83993,1.135494,-0.067477,0.269534,0.010939,-0.018843,-0.018023,0.101122,0.214292,6.899906,0.010939,-0.053477,0.012268
2017-12-16,,,,,,,,,,10.111877,,,
2017-12-17,,,,,,,,,,-1.82896,,,
2017-12-18,,,,,,,,,,-0.138978,,,
2017-12-19,-0.363391,-0.592573,-0.311569,-0.463688,0.002189,-0.45336,-0.252945,-0.075776,0.057311,-6.997416,0.002189,-0.299609,-0.306091
2017-12-20,-0.076978,-0.107806,-0.066935,0.199392,0.0,-0.294129,-0.289886,0.075833,0.245485,-6.480953,0.0,-0.01769,-0.196443
2017-12-21,0.20277,0.01272,0.32028,0.687419,0.0,0.070513,0.254399,0.555844,-0.416297,-4.942671,0.0,0.498039,0.061494
2017-12-22,-0.020255,-0.114268,0.247315,0.808467,0.021872,0.038178,0.072458,0.100506,1.090167,-12.473031,0.021872,0.301955,0.049232
2017-12-23,,,,,,,,,,6.271059,,,
2017-12-24,,,,,,,,,,-5.261513,,,
2017-12-25,,,,,,,,,,0.723835,,,
2017-12-26,,,,,,,,,,14.78049,,,
2017-12-27,0.057025,0.012771,0.24665,0.339027,0.021911,0.428231,0.45069,-0.34947,0.394523,-1.623,0.021911,0.176962,0.307702
2017-12-28,0.187226,0.121354,0.313138,0.693569,0.0,-0.123162,0.018066,0.350696,0.264656,-7.778514,0.0,0.176702,-0.061316
2017-12-29,-0.345328,-0.618889,0.022292,0.494548,-0.021906,0.161285,0.253264,-0.024958,0.887858,0.340261,-0.021906,0.194001,0.159528
2017-12-30,,,,,,,,,,-11.626479,,,
2017-12-31,,,,,,,,,,9.297264,,,
2018-01-01,,,,,,,,,,-3.526322,,,
2018-01-02,,,,,,,,,,9.701106,,,
2018-01-03,0.594957,0.97169,0.618781,0.879313,0.021898,0.104556,0.090427,0.575298,-0.250761,1.46108,0.021898,0.69713,0.086049
2018-01-04,0.43849,0.174991,0.900516,0.410188,0.010931,-0.04752,0.036186,-0.149218,0.510642,2.619566,0.010931,0.83073,-0.049111
2018-01-05,0.640928,1.004264,0.478867,0.85107,0.0,-0.123428,-0.036173,-0.024909,-0.117238,11.733293,0.0,0.66941,-0.135231
2018-01-06,,,,,,,,,,0.559396,,,
2018-01-07,,,,,,,,,,-5.987336,,,
2018-01-08,,,,,,,,,,-7.935015,,,
2018-01-09,0.210508,0.006173,0.086685,-0.219255,0.0,-0.475711,-0.325621,-0.124577,-0.062603,-3.788368,0.0,0.085298,-0.295332
2018-01-10,-0.170434,-0.233769,-0.259818,-0.642327,0.0,-0.028653,-0.036297,0.324276,-0.1253,2.589168,0.0,-0.340901,0.012329
2018-01-11,0.738478,0.684407,0.651312,0.714518,-0.010877,0.066907,-0.090781,0.348087,0.266586,-10.468634,-0.010877,0.632816,0.0
2018-01-12,0.662125,0.734866,0.949101,0.996625,0.032748,-0.066862,0.090863,0.222995,1.274633,4.287695,0.032748,0.968736,-0.012328
2018-01-13,,,,,,,,,,2.715195,,,
2018-01-14,,,,,,,,,,-4.096045,,,
2018-01-15,,,,,,,,,,0.34708,,,
2018-01-16,,,,,,,,,,-16.854801,,,
2018-01-17,0.96667,1.079112,0.534738,1.294785,0.021868,-0.219856,-0.036262,0.074226,-0.778846,-2.627391,0.021868,0.69084,-0.110942
2018-01-18,-0.136206,0.018129,-0.234023,0.099592,0.0,-0.316091,-0.090743,0.074185,0.178757,2.558862,0.0,-0.117147,-0.197561
2018-01-19,0.424781,0.313584,0.447854,0.812604,0.011009,-0.259471,-0.163413,-0.024705,0.046544,1.154694,0.011009,0.452335,-0.21031
2018-01-20,,,,,,,,,,11.129105,,,
2018-01-21,,,,,,,,,,-10.071172,,,
2018-01-22,,,,,,,,,,-5.764599,,,
2018-01-23,0.227112,0.826777,0.316773,0.392543,0.0,0.289189,0.218439,0.074033,0.31734,-0.576321,0.0,0.398122,0.260539
2018-01-24,-0.049921,-0.648892,0.315794,0.896056,0.010883,-0.192237,-0.054491,0.123273,1.381065,4.517684,0.010883,0.429537,-0.111429
2018-01-25,0.046102,-0.035617,-0.356763,-0.129194,0.0,0.221449,0.1454,-0.492492,-0.684933,-0.880328,0.0,-0.361905,0.272533
2018-01-26,1.163937,1.532465,0.842464,1.358127,0.021856,-0.297829,-0.127045,0.395948,0.084289,-0.781569,0.021856,0.990573,-0.185274
2018-01-27,,,,,,,,,,2.410618,,,
2018-01-28,,,,,,,,,,3.020791,,,
2018-01-29,,,,,,,,,,-4.156516,,,
2018-01-30,-1.066764,-0.823043,-0.758803,-1.310895,0.010902,-0.231877,-0.273046,-0.494692,0.608297,-10.53522,0.010902,-0.941533,-0.185957
2018-01-31,0.09275,0.414956,-0.191164,0.754363,0.010953,0.029059,0.255575,0.17401,-0.734729,1.135923,0.010953,0.150047,0.024852
2018-02-01,-0.100389,-0.85011,0.255339,-1.236981,-0.004383,-0.515849,-0.491572,0.794051,0.570543,-10.278342,-0.004383,-0.08322,-0.277369
2018-02-02,-2.141236,-1.994514,-2.165147,-2.471977,0.010952,-0.370393,-0.128021,-0.787795,-1.142282,-3.705235,0.010952,-2.182976,-0.299362
2018-02-03,,,,,,,,,,3.897292,,,
2018-02-04,,,,,,,,,,-9.786476,,,
2018-02-05,,,,,,,,,,-15.968807,,,
2018-02-06,1.849362,2.649867,1.945274,2.920082,0.010952,-0.436662,-0.401494,-0.547837,-1.059388,11.48381,0.010952,2.413943,-0.323949
2018-02-07,-0.545967,-1.293837,-1.353463,-2.990151,0.010899,-0.292339,-0.274819,-1.001488,-0.515826,-1.711377,0.010899,-1.802434,-0.224978
2018-02-08,-3.71649,-4.219434,-2.474152,-3.345002,-0.010898,0.087934,-0.055111,0.050573,0.180688,8.453808,-0.010898,-2.75326,-0.075077
2018-02-09,1.541446,1.726896,0.691868,1.757552,0.02185,-0.175778,-0.330879,-0.429715,-0.20389,5.703049,0.02185,0.943725,-0.250771
2018-02-10,,,,,,,,,,-1.317161,,,
2018-02-11,,,,,,,,,,-5.705589,,,
2018-02-12,,,,,,,,,,9.798315,,,
2018-02-13,0.336395,0.516163,-0.384273,0.754927,0.0,0.166385,0.110599,0.228763,0.555122,-3.677344,0.0,0.0,0.087859
2018-02-14,1.308464,1.872362,1.974152,2.404588,0.0,-0.605738,-0.18416,0.963734,1.7417,10.424378,0.0,1.790769,-0.326343
2018-02-15,1.29563,1.856405,0.645264,1.871718,0.010917,0.029503,0.1107,0.226083,0.099347,7.075268,0.010917,0.888316,0.100705
2018-02-16,-0.01195,-0.446585,0.353769,-0.367454,0.010968,0.235827,0.092153,-0.150371,-0.343557,0.663952,0.010968,0.138152,0.213955
2018-02-17,,,,,,,,,,8.587144,,,
2018-02-18,,,,,,,,,,-5.047382,,,
2018-02-19,,,,,,,,,,6.382797,,,
2018-02-20,,,,,,,,,,1.589271,,,
2018-02-21,-0.525206,-0.284323,-0.378405,-0.13587,-0.010967,-0.294441,-0.147499,-0.100517,-0.062124,-6.254986,-0.010967,-0.244055,-0.377022
2018-02-22,0.120917,-0.012147,0.424493,0.272118,0.010968,0.137798,-0.018481,0.327043,-0.3108,-6.411363,0.010968,0.454322,0.126127
2018-02-23,1.642444,2.044897,1.001115,1.611256,0.021861,0.383321,0.424844,0.225659,0.265007,2.959516,0.021861,1.095836,0.264595
2018-02-24,,,,,,,,,,-4.737643,,,
2018-02-25,,,,,,,,,,-1.511656,,,
2018-02-26,,,,,,,,,,7.263211,,,
2018-02-27,-1.276421,-1.238205,-1.529744,-2.813187,0.021861,-0.312985,-0.220403,-0.474749,-0.708176,3.462041,0.021861,-1.707631,-0.213585
2018-02-28,-1.110501,-0.641747,-1.043003,-1.362156,0.010913,0.235494,0.184068,-0.527267,-0.070537,-3.0553,0.010913,-1.129259,0.125853
2018-03-01,-1.319485,-1.63273,-1.300789,-0.017251,0.009876,0.430342,0.275576,-0.530027,-0.203922,5.319339,0.009876,-1.036724,0.170104
2018-03-02,0.532428,0.918069,0.295413,0.379842,0.01091,-0.370953,-0.238166,0.380618,0.620878,1.23642,0.01091,0.284109,-0.188613
2018-03-03,,,,,,,,,,3.637789,,,
2018-03-04,,,,,,,,,,0.199304,,,
2018-03-05,,,,,,,,,,0.52725,,,
2018-03-06,0.2518,0.423019,0.834879,0.945837,0.0,-0.009809,0.018367,0.0,1.528211,-6.85543,0.0,0.758217,0.037773
2018-03-07,-0.043845,0.231409,-0.111902,0.068139,0.0,0.0,0.0,-0.151305,-1.026634,-7.554152,0.0,-0.105,-0.025154
2018-03-08,0.46665,0.550528,0.291233,-0.017038,-0.010909,0.206029,0.165313,-0.252587,-0.226169,-5.725318,-0.010909,0.210247,0.113373
2018-03-09,1.730913,1.94278,0.737062,2.077331,0.021821,-0.215451,-0.256765,0.05063,0.093802,-0.611601,0.021821,0.944061,-0.125839
2018-03-10,,,,,,,,,,-5.050038,,,
2018-03-11,,,,,,,,,,8.037783,,,
2018-03-12,,,,,,,,,,-3.899407,,,
2018-03-13,-0.660189,-1.361442,-0.619866,-0.915461,0.0,0.166386,0.110273,-0.151851,0.179615,-0.111574,0.0,-0.708825,0.025169
2018-03-14,-0.526886,-0.017485,0.155925,0.268789,0.0,0.195443,0.257029,0.101399,0.405364,-10.060415,0.0,0.261205,0.214088
2018-03-15,-0.094904,-0.087328,-0.022237,-0.368579,-0.010938,-0.039029,-0.054949,-0.151921,-1.118013,0.375472,-0.010938,-0.138959,0.012592
2018-03-16,0.102896,-0.297333,-0.133475,-0.218567,0.021888,-0.117068,-0.109929,0.20286,-0.675255,0.451631,0.021888,-0.191285,-0.087889
2018-03-17,,,,,,,,,,-5.054594,,,
2018-03-18,,,,,,,,,,3.875262,,,
2018-03-19,,,,,,,,,,4.948766,,,
2018-03-20,0.17625,0.329098,0.08985,1.090311,-0.010947,-0.195567,-0.036744,0.177902,-0.478806,3.276918,-0.010947,0.316393,-0.12584
2018-03-21,-0.23195,-0.435411,0.246871,0.556092,0.021896,0.068594,0.202162,0.887895,1.758818,0.177378,0.021896,0.280349,0.0
2018-03-22,-2.485261,-2.468237,-1.835683,-3.251224,0.010904,0.411211,0.183446,-0.251478,-0.395292,-2.2489,0.010904,-2.166681,0.163735
2018-03-23,-2.12932,-2.635109,-1.231485,-1.922747,0.010955,0.136506,0.05491,0.252112,1.299508,1.731694,0.010955,-1.143055,0.025193
2018-03-24,,,,,,,,,,-2.381859,,,
2018-03-25,,,,,,,,,,-1.988203,,,
2018-03-26,,,,,,,,,,-3.370849,,,
2018-03-27,-1.732839,-3.236018,-0.819616,-1.744482,0.021848,0.566278,0.421286,-0.126032,-0.626574,-4.584505,0.021848,-1.082729,0.339713
2018-03-28,-0.279978,-1.150359,0.48208,-0.452563,0.010963,-0.019416,-0.036445,-0.252368,-1.384085,1.550355,0.010963,0.340955,-0.012475
2018-03-29,1.441481,1.831491,1.096611,2.115761,0.021809,0.203919,0.145975,0.050599,0.046788,-9.91617,0.021809,1.126615,0.250828
2018-03-30,,,,,,,,,,-3.840241,,,
2018-03-31,,,,,,,,,,1.204695,,,
2018-04-01,,,,,,,,,,-1.854151,,,
2018-04-02,,,,,,,,,,3.500318,,,
2018-04-03,1.268596,1.125332,0.780031,1.047121,-0.010908,-0.320034,-0.164152,0.101051,-0.870167,5.255796,-0.010908,0.934106,-0.113005
2018-04-04,1.15251,1.577008,0.227595,0.069089,0.021788,-0.058324,0.036521,-0.630983,0.178667,-8.077537,0.021788,0.160149,0.0
2018-04-05,0.722422,0.569672,0.749502,0.241628,0.010959,-0.25312,-0.273931,0.076187,-0.511786,-0.618188,0.010959,0.657435,-0.138055
2018-04-06,-2.200907,-2.502327,-0.81152,-1.825079,0.0,0.439131,0.366291,0.126909,0.498832,-2.571404,0.0,-1.041477,0.251536
2018-04-07,,,,,,,,,,4.140397,,,
2018-04-08,,,,,,,,,,1.626808,,,
2018-04-09,,,,,,,,,,-3.599193,,,
2018-04-10,1.648647,2.206335,1.104093,1.856403,-0.010905,-0.174861,-0.072932,0.555297,0.933851,0.945685,-0.010905,1.186252,-0.175398
2018-04-11,-0.529673,-0.576917,-0.468006,0.06878,0.021915,0.09728,0.255448,-0.100405,0.747881,1.95413,0.021915,-0.297482,0.075381
2018-04-12,0.837975,1.204122,0.380676,-0.034366,0.0,-0.359736,-0.127422,0.251254,-1.178543,13.215957,0.0,0.280821,-0.188243
2018-04-13,-0.278372,-0.517794,0.089191,-0.893778,0.0,0.087796,0.018256,-0.100254,0.71246,0.085052,0.0,-0.157521,0.07538
2018-04-14,,,,,,,,,,1.143373,,,
2018-04-15,,,,,,,,,,4.293261,,,
2018-04-16,,,,,,,,,,-3.246931,,,
2018-04-17,1.075002,2.152526,0.511709,0.138553,0.0,0.05859,0.14575,-0.351597,0.076829,-1.943002,0.0,0.437385,0.037719
2018-04-18,0.056398,0.204658,0.597582,0.778282,-0.010891,-0.389965,-0.181955,0.403239,0.575822,3.307101,-0.010891,0.574826,-0.326366
2018-04-19,-0.547626,-0.919211,-0.462077,-0.566329,0.021846,-0.273967,-0.145812,0.100398,-0.618323,1.603368,0.021846,-0.432991,-0.239308
2018-04-20,-0.809682,-1.582692,-0.48626,-1.139125,0.0,-0.33363,-0.364974,0.150439,-0.783472,6.649384,0.0,-0.626205,-0.252439
2018-04-21,,,,,,,,,,0.562412,,,
2018-04-22,,,,,,,,,,-1.046813,,,
2018-04-23,,,,,,,,,,1.458909,,,
2018-04-24,-1.363841,-2.118737,-0.444761,-0.545492,0.01092,-0.118312,-0.34802,-0.400186,0.132679,8.583926,0.01092,-0.421374,-0.177294
2018-04-25,0.25667,0.119913,-0.223369,-0.601562,0.01094,-0.217058,-0.07349,0.226013,-0.41309,-8.783292,0.01094,-0.317349,-0.139576
2018-04-26,1.028199,2.105233,0.738753,1.210396,0.010928,0.286747,0.239111,-0.050131,-0.266106,4.926321,0.010928,0.725179,0.203227
2018-04-27,0.106284,0.061747,0.111097,0.633133,0.010896,0.167658,0.238522,-0.325888,0.455149,-3.172544,0.010896,0.245827,0.152153
2018-04-28,,,,,,,,,,4.021683,,,
2018-04-29,,,,,,,,,,0.755199,,,
2018-04-30,,,,,,,,,,-1.895411,,,
2018-05-01,0.214068,1.143299,-0.089307,-0.457348,0.007663,-0.156652,-0.278712,-0.225573,-1.487866,-1.31529,0.007663,-0.228797,-0.154702
2018-05-02,-0.681899,-0.589737,-0.134026,-0.812858,0.010885,0.019699,0.055202,-0.025108,0.278218,1.282049,0.010885,-0.264691,0.012728
2018-05-03,-0.235748,-0.012333,0.201325,-0.302866,0.0,0.256523,0.128583,0.025114,0.990884,5.499619,0.0,0.212286,0.088841
2018-05-04,1.326633,1.897364,0.379465,0.500338,0.021892,0.009831,0.036734,0.376801,-0.274724,-0.442336,0.021892,0.300099,0.063407
2018-05-05,,,,,,,,,,1.622457,,,
2018-05-06,,,,,,,,,,-2.062766,,,
2018-05-07,,,,,,,,,,-2.918652,,,
2018-05-08,-0.004075,-0.102286,0.0,0.447066,0.010964,-0.167348,-0.128357,-0.350163,0.007874,-1.474334,0.010964,0.264441,-0.076037
2018-05-09,0.970805,1.089913,0.311358,0.160225,0.0,-0.226767,-0.055094,0.5271,-0.188888,0.978464,0.0,0.105485,-0.114221
2018-05-10,0.937217,1.036427,0.709537,2.115184,0.0,0.207553,0.146992,-0.224715,0.662353,-3.015912,0.0,1.036146,0.20329
2018-05-11,0.244141,-0.094323,0.198156,-0.226294,0.0,0.009854,-0.018382,-0.175193,-0.117495,-6.661368,0.0,0.121708,0.10147
2018-05-12,,,,,,,,,,0.751045,,,
2018-05-13,,,,,,,,,,2.575586,,,
2018-05-14,,,,,,,,,,-0.081963,,,
2018-05-15,-0.68595,-1.107494,-0.833483,-2.021607,0.021843,-0.553447,-0.294328,0.273782,-1.590681,-2.367961,0.021843,-0.9365,-0.469377
2018-05-16,0.425643,0.661232,0.309603,1.511925,0.010929,-0.208671,-0.166026,0.099263,0.024008,-1.663261,0.010929,0.490199,-0.076499
2018-05-17,-0.083958,-0.384687,0.132333,-1.349236,0.0,-0.059756,-0.147882,-0.07438,-0.480003,-3.280151,0.0,-0.226463,-0.08923
2018-05-18,-0.248134,-0.516795,-0.352368,-0.763777,0.010939,0.388615,0.259146,0.099239,0.393897,1.935307,0.010939,-0.436528,0.26808
2018-05-19,,,,,,,,,,-0.045934,,,
2018-05-20,,,,,,,,,,3.226198,,,
2018-05-21,,,,,,,,,,-1.107212,,,
2018-05-22,-0.286733,-0.130635,-0.065896,0.356449,0.0,-0.039716,-0.073785,0.124137,-0.016009,-4.480471,0.0,-0.034823,0.025449
2018-05-23,0.311516,0.844346,-0.9448,-0.017764,0.010948,0.456424,0.295359,-0.148774,0.096078,-6.01807,0.010948,-0.853964,0.305502
2018-05-24,-0.191119,-0.029479,-0.332765,-0.497317,0.021811,0.256834,0.055264,-0.074471,0.855866,0.390589,0.021811,-0.351544,0.203062
2018-05-25,-0.251332,0.10028,-0.556417,0.339148,0.010944,0.394049,0.184029,-0.571608,-0.285512,-1.412876,0.010944,-0.37044,0.215277
2018-05-26,,,,,,,,,,-1.661202,,,
2018-05-27,,,,,,,,,,0.167761,,,
2018-05-28,,,,,,,,,,-3.151778,,,
2018-05-29,,,,,,,,,,4.716929,,,
2018-05-30,1.319048,0.716066,1.438996,0.927968,-0.010943,-0.427167,-0.164259,-0.124825,0.151166,-0.884162,-0.010943,1.300335,-0.301159
2018-05-31,-0.646937,-0.064672,-0.540426,0.108148,0.021806,-0.048757,-0.018262,-0.14995,-0.071495,1.183415,0.021806,-0.374412,-0.037803
2018-06-01,1.053106,1.56999,0.747115,1.09852,0.00658,-0.369495,-0.132014,-0.025034,-0.651886,0.630894,0.00658,0.912684,0.061942
2018-06-02,,,,,,,,,,1.352525,,,
2018-06-03,,,,,,,,,,1.004779,,,
2018-06-04,,,,,,,,,,-2.665455,,,
2018-06-05,0.138573,0.309821,-0.111865,-0.72273,0.0,0.255973,0.165455,-0.352121,0.40852,1.587465,0.0,-0.212023,0.088639
2018-06-06,0.798838,0.583347,0.85103,1.438231,-0.010971,-0.402625,-0.165182,-0.050457,0.0,0.264879,-0.010971,1.026899,-0.278509
2018-06-07,-0.047082,-0.813114,-0.577366,-1.43534,0.010972,0.423963,0.239049,0.328268,0.207419,0.316963,0.010972,-0.78864,0.253869
2018-06-08,0.314035,0.005725,0.178664,-0.088796,0.02188,-0.137485,-0.128407,-0.201366,-0.127377,-0.694434,0.02188,0.141332,-0.126594
2018-06-09,,,,,,,,,,-1.218897,,,
2018-06-10,,,,,,,,,,-9.903903,,,
2018-06-11,,,,,,,,,,1.781603,,,
2018-06-12,0.168055,0.526001,-0.620297,-0.17793,0.0,-0.059068,-0.073475,0.050492,-0.358053,-4.699056,0.0,-0.421497,-0.012729
2018-06-13,-0.397915,-0.005689,0.044604,-0.713024,-0.010916,-0.118187,-0.036765,0.126127,0.34337,-3.53156,-0.010916,-0.070558,-0.063479
2018-06-14,0.289821,1.012396,-0.245102,-0.664277,0.032771,0.315555,0.183844,0.125989,0.159163,5.125281,0.032771,-0.370628,0.215886
2018-06-15,-0.085933,-0.34912,-0.69242,-0.668728,0.0,0.078597,0.091758,-0.679416,-1.48578,-3.277282,0.0,-0.673177,0.012798
2018-06-16,,,,,,,,,,1.449375,,,
2018-06-17,,,,,,,,,,-0.77693,,,
2018-06-18,,,,,,,,,,3.62425,,,
2018-06-19,-0.380071,-0.283278,-1.087228,-1.186567,0.02187,0.265019,0.128234,-0.075842,-0.081059,0.521471,0.02187,-1.042616,0.164686
2018-06-20,0.180929,0.710224,0.206097,0.470543,-0.010953,-0.323065,-0.292716,-0.32887,-0.494848,0.097635,-0.010953,0.290648,-0.227716
2018-06-21,-0.624227,-0.868851,-0.685573,-1.36755,0.010954,0.26524,0.201844,-0.126909,-0.163048,-0.690758,0.010954,-0.923751,0.050641
2018-06-22,0.177775,-0.22192,1.07183,0.968656,0.010943,0.019563,0.128196,0.432057,0.244976,-9.599929,0.010943,1.059024,0.063444
2018-06-23,,,,,,,,,,1.295103,,,
2018-06-24,,,,,,,,,,0.174443,,,
2018-06-25,,,,,,,,,,1.230315,,,
2018-06-26,0.219964,0.408487,0.116912,-0.45705,-0.010867,0.048937,0.127971,0.253007,-0.515167,-2.48849,-0.010867,0.129802,0.164691
2018-06-27,-0.830005,-1.359922,-0.910809,-1.951405,0.02185,0.381234,0.346977,0.580526,-0.583594,1.041408,0.02185,-1.240746,0.240258
2018-06-28,0.609214,0.860179,0.353534,0.741465,0.0,-0.09739,-0.072779,-0.050173,-0.206702,-4.120263,0.0,0.506283,-0.075711
2018-06-29,0.253125,0.268696,0.751566,1.704426,0.021784,-0.077963,0.0,0.025102,0.223699,5.333498,0.021784,0.932821,-0.025258
2018-06-30,,,,,,,,,,2.98635,,,
2018-07-01,,,,,,,,,,-0.283888,,,
2018-07-02,,,,,,,,,,3.576054,,,
2018-07-03,-0.404325,-1.157409,0.212006,0.057839,0.021803,0.25431,0.145903,-0.4004,1.101744,-1.278924,0.021803,0.224208,0.202557
2018-07-04,,,,,,,,,,1.0408,,,
2018-07-05,,,,,,,,,,0.630391,,,
2018-07-06,0.832958,1.555641,0.677519,1.31274,0.021901,0.087753,0.145585,-0.4509,0.008227,0.517535,0.021901,0.53702,0.113573
2018-07-07,,,,,,,,,,2.748635,,,
2018-07-08,,,,,,,,,,-1.211188,,,
2018-07-09,,,,,,,,,,-0.47432,,,
2018-07-10,0.348698,0.073337,0.114969,-0.2623,0.010933,-0.078119,-0.091072,0.5271,-0.205664,-6.108203,0.010933,0.0,-0.06312
2018-07-11,-0.683229,-0.507556,-1.745921,-1.841081,0.0,0.205333,0.091155,0.049929,-1.079874,1.023069,0.0,-1.640239,0.050518
2018-07-12,0.856959,1.723157,0.84172,1.41627,0.0,-0.039014,-0.127449,-0.099822,0.400003,-2.59433,0.0,0.85232,0.075739
2018-07-13,0.085745,0.083596,0.278217,-0.037735,0.010921,0.165872,0.182246,0.299785,-0.448206,0.148339,0.010921,0.312312,0.088258
2018-07-14,,,,,,,,,,0.610292,,,
2018-07-15,,,,,,,,,,1.330759,,,
2018-07-16,,,,,,,,,,6.008357,,,
2018-07-17,0.428618,0.608331,0.115576,0.66326,0.0,-0.058572,-0.145859,0.250806,-1.320492,8.592577,0.0,0.330343,-0.037866
2018-07-18,0.182369,-0.188579,0.046175,-0.094125,0.01095,-0.078151,-0.164323,0.200164,-0.176737,0.679408,0.01095,-0.018278,-0.050493
2018-07-19,-0.379562,-0.50022,-0.415427,-1.20596,0.010938,0.2737,0.146303,0.124829,-0.556445,1.303527,0.010938,-0.51229,0.189436
2018-07-20,-0.093288,-0.022318,0.602555,1.39233,0.010957,-0.350933,-0.273933,-0.498736,0.958032,-1.509737,0.010957,0.772365,-0.226783
2018-07-21,,,,,,,,,,0.886035,,,
2018-07-22,,,,,,,,,,-0.01078,,,
2018-07-23,,,,,,,,,,3.944463,,,
2018-07-24,0.469966,0.412089,0.622979,1.440197,0.021802,0.068854,0.0,0.075119,0.059181,9.24847,0.021802,0.750658,0.152142
2018-07-25,0.916198,1.397652,0.756694,1.56923,-0.010842,-0.068807,0.0,-0.025034,0.760458,-2.883091,-0.010842,1.035823,0.0
2018-07-26,-0.294961,-1.51513,-0.409648,-0.974807,0.010843,-0.108087,-0.036719,0.525683,-0.939207,-2.808937,0.010843,-0.521627,0.0
2018-07-27,-0.649289,-1.34963,0.251356,0.297167,0.021879,0.157431,0.147128,-0.174334,0.008469,2.684117,0.021879,0.14463,-0.025307
2018-07-28,,,,,,,,,,0.332402,,,
2018-07-29,,,,,,,,,,0.321156,,,
2018-07-30,,,,,,,,,,-0.46213,,,
2018-07-31,0.505653,0.765224,0.091233,0.389689,0.021846,0.137716,0.073483,-0.524075,0.833763,-4.890178,0.021846,0.108272,0.075929
2018-08-01,-0.123861,0.379748,-0.341829,-0.646946,0.00546,-0.236328,-0.184284,0.326133,-0.894363,-1.998984,0.00546,-0.450614,-0.054609
2018-08-02,0.50762,1.36064,-0.754629,-1.283716,0.01091,0.118458,0.018475,0.350103,-0.553384,-0.75752,0.01091,-0.76046,0.050835
2018-08-03,0.489586,0.306375,0.138248,0.735015,0.0,0.256273,0.221459,-0.274116,0.351,-1.754422,0.0,0.237186,0.21582
2018-08-04,,,,,,,,,,-5.401116,,,
2018-08-05,,,,,,,,,,0.506621,,,
2018-08-06,,,,,,,,,,-1.650711,,,
2018-08-07,0.279005,0.364379,0.624298,0.922799,0.010938,-0.206338,-0.092063,-0.04975,0.25731,-2.85796,0.010938,0.566737,-0.177156
2018-08-08,-0.053359,0.120995,-0.023037,-0.205263,-0.010937,0.08861,0.0,-0.721764,0.265208,-6.623906,-0.010937,0.018165,-0.025311
2018-08-09,-0.125851,-0.060407,-0.183828,-0.205703,0.010938,0.27544,0.221229,0.275773,-0.127989,4.161727,0.010938,-0.272622,0.190155
2018-08-10,-0.679648,-0.764142,-1.888083,-2.117285,0.021874,0.43164,0.312639,0.625002,-0.06835,-5.839016,0.021874,-1.895377,0.202496
2018-08-11,,,,,,,,,,1.795072,,,
2018-08-12,,,,,,,,,,0.428226,,,
2018-08-13,,,,,,,,,,-0.397301,,,
2018-08-14,0.644409,0.626662,0.14152,0.642258,-0.021857,-0.09775,-0.183353,0.074633,0.052052,-1.553931,-0.021857,0.187204,-0.06311
2018-08-15,-0.736121,-1.223471,-1.530833,-2.746076,0.021861,0.244528,0.18369,-0.174033,-1.681986,1.755083,0.021861,-1.625564,0.113698
2018-08-16,0.81115,0.329199,0.693573,0.65615,0.0,-0.029223,-0.055013,0.0,-0.026457,0.415469,0.0,0.588795,0.050527
2018-08-17,0.333308,0.022211,0.665085,0.968009,0.010913,0.039054,0.01836,-0.423421,0.882071,3.881774,0.010913,0.660867,0.113536
2018-08-18,,,,,,,,,,-2.383816,,,
2018-08-19,,,,,,,,,,1.281338,,,
2018-08-20,,,,,,,,,,-3.036242,,,
2018-08-21,0.21717,0.367245,0.657828,1.188871,0.010932,-0.136184,-0.109734,0.099996,0.287156,2.856925,0.010932,0.728328,-0.050387
2018-08-22,-0.030436,0.388144,0.490229,0.71264,0.0,0.185124,0.164712,0.524481,0.268982,-1.726829,0.0,0.519074,0.063013
2018-08-23,-0.144508,-0.14362,-0.743316,-1.453454,0.032773,-0.009792,0.091384,0.447203,-0.951884,2.480431,0.032773,-0.940575,0.0
2018-08-24,0.62847,0.929194,0.748882,1.668939,0.0,0.029245,0.09131,-0.222623,1.694917,2.832188,0.0,0.930901,0.050356
2018-08-25,,,,,,,,,,0.643307,,,
2018-08-26,,,,,,,,,,-0.826979,,,
2018-08-27,,,,,,,,,,2.644603,,,
2018-08-28,0.056349,0.146444,-0.229162,-0.301335,0.0,-0.224066,-0.200911,0.148774,-0.727304,3.074084,0.0,-0.182064,-0.151194
2018-08-29,0.548156,1.153809,0.551238,0.472241,-0.010895,-0.029295,-0.036642,0.198062,0.405102,-0.692188,-0.010895,0.456031,-0.062988
2018-08-30,-0.40702,-0.176717,-0.890859,-2.406462,0.043659,0.185558,0.128217,0.27182,-0.472146,-0.978127,0.043659,-1.252965,0.075738
2018-08-31,0.003768,0.128763,-0.622228,0.770576,-0.010943,0.019439,-0.091443,0.123206,-0.120752,0.850504,-0.010943,-0.422925,0.025143
2018-09-01,,,,,,,,,,2.211981,,,
2018-09-02,,,,,,,,,,1.104789,,,
2018-09-03,,,,,,,,,,-0.174077,,,
2018-09-04,,,,,,,,,,1.399439,,,
2018-09-05,-0.281578,-1.291347,-0.749618,-1.385362,-0.010902,-0.009803,-0.018383,-0.635837,0.347312,-7.726927,-0.010902,-0.915895,0.025347
2018-09-06,-0.293685,-0.894,-0.354023,0.059346,0.021869,0.20552,0.03681,-0.295345,0.242276,-3.881448,0.021869,-0.20753,0.151788
2018-09-07,-0.241691,-0.385022,-0.805284,-0.514134,0.021895,-0.449297,-0.239092,0.222176,-0.293486,-0.951118,0.021895,-0.718332,-0.315797
2018-09-08,,,,,,,,,,-3.727961,,,
2018-09-09,,,,,,,,,,1.2027,,,
2018-09-10,,,,,,,,,,0.457721,,,
2018-09-11,0.377778,0.770389,0.142437,0.261037,0.010919,-0.362856,-0.184252,0.172362,0.069315,-0.134288,0.010919,0.152148,-0.215297
2018-09-12,0.011315,-0.294874,0.426877,0.44061,0.0,0.118091,0.07385,-0.098312,0.779222,0.484079,0.0,0.37982,0.076116
2018-09-13,0.568288,1.068035,0.637542,1.21636,0.0,-0.009829,-0.147572,-0.098428,-0.309281,2.605722,0.0,0.889121,0.063456
2018-09-14,0.052371,-0.292647,0.211156,-0.059117,0.010959,-0.186834,-0.14779,2.216738,-0.654948,-0.070583,0.010959,-0.018756,-0.164732
2018-09-15,,,,,,,,,,0.468165,,,
2018-09-16,,,,,,,,,,-0.397665,,,
2018-09-17,,,,,,,,,,-3.620891,,,
2018-09-18,0.545432,0.827195,1.02921,0.854012,0.0,-0.413604,-0.240587,0.098294,-0.163963,1.434433,0.0,1.013507,-0.228583
2018-09-19,0.112224,-0.076592,0.347313,1.240628,0.0,-0.168141,-0.05561,-0.122759,0.388971,0.427546,0.0,0.576031,-0.152744
2018-09-20,0.803454,1.105654,1.084464,1.050408,0.021809,0.009867,0.055641,-0.565385,0.370236,1.893086,0.021809,1.034504,0.127487
2018-09-21,-0.070424,-0.546782,0.022807,0.346496,0.0,0.039656,0.092783,0.0,-0.694856,3.302012,0.0,0.054868,0.063628
2018-09-22,,,,,,,,,,-0.192581,,,
2018-09-23,,,,,,,,,,-0.168851,,,
2018-09-24,,,,,,,,,,-1.716973,,,
2018-09-25,-0.122852,0.135938,0.481319,0.523967,0.0,-0.099103,-0.037042,-0.049278,0.190076,-2.258236,0.0,0.570072,-0.076375
2018-09-26,-0.293123,0.070608,0.041246,0.115843,0.0,0.327427,0.129873,0.049302,-0.526042,0.752812,0.0,0.051462,0.254944
2018-09-27,0.277831,0.846579,-0.274638,0.482066,0.021822,0.0,0.074137,0.394158,-0.875595,2.798306,0.021822,-0.110193,0.076307
2018-09-28,-0.011212,-0.021558,-0.711324,-0.633307,0.0,0.049379,-0.074082,0.024542,0.629697,-0.488563,0.0,-0.717026,0.0
2018-09-29,,,,,,,,,,-0.634694,,,
2018-09-30,,,,,,,,,,0.357471,,,
2018-10-01,,,,,,,,,,-0.542444,,,
2018-10-02,-0.011171,-0.225578,-0.645496,-1.139646,0.010908,0.258192,0.18608,-0.122295,1.158237,-0.508679,0.010908,-0.610113,0.178588
2018-10-03,0.085823,0.107655,-0.162425,-0.781567,0.0,-0.742789,-0.482854,0.342873,-0.39601,-0.81619,0.0,-0.371994,-0.509476
2018-10-04,-0.820187,-1.919866,-1.278143,-2.382841,0.021875,-0.259445,-0.261222,-0.12204,0.069148,1.139547,0.021875,-1.381617,-0.256052
2018-10-05,-0.563789,-1.222726,-0.494353,-0.463969,0.010925,-0.240092,-0.355496,0.0,0.302296,0.696247,0.010925,-0.530115,-0.179711
2018-10-06,,,,,,,,,,-0.515969,,,
2018-10-07,,,,,,,,,,0.222214,,,
2018-10-08,,,,,,,,,,0.74633,,,
2018-10-09,-0.128562,0.323956,-0.356769,-0.404667,-0.010924,0.190445,0.187721,0.073393,0.121993,-0.14416,-0.010924,-0.343859,0.192998
2018-10-10,-3.229466,-4.397974,-2.26784,-2.82405,0.02188,0.050014,-0.018729,-0.342223,0.269801,-0.859754,0.02188,-2.415655,-0.077062
2018-10-11,-2.104848,-1.240295,-1.392282,-1.128999,0.010922,0.410011,0.093702,-0.809427,2.421667,-5.000198,0.010922,-1.33597,0.282657
2018-10-12,1.350808,2.783001,0.495416,2.791273,0.0,-0.119591,-0.131074,-0.222548,-0.389835,0.293145,0.0,0.93588,-0.025612
2018-10-13,,,,,,,,,,0.181847,,,
2018-10-14,,,,,,,,,,0.078587,,,
2018-10-15,,,,,,,,,,4.857944,,,
2018-10-16,2.129194,2.909243,1.728328,2.472987,0.01091,-0.010007,0.018703,0.22321,-0.059184,-0.006521,0.01091,1.921577,0.076937
2018-10-17,0.034929,0.039507,-0.606794,-1.216777,0.0,-0.288947,-0.262102,-0.098975,-0.135339,-0.783487,0.0,-0.835785,-0.179243
2018-10-18,-1.404901,-2.318248,-1.58725,-2.566224,0.0,0.179902,-0.075101,1.956874,0.143996,-1.034776,0.0,-1.666008,-0.064228
2018-10-19,-0.078697,-0.092392,0.521077,1.074583,0.010939,-0.119723,-0.056346,-1.919315,0.101498,-0.174468,0.010939,0.578051,-0.051416
2018-10-20,,,,,,,,,,0.3678,,,
2018-10-21,,,,,,,,,,-0.105404,,,
2018-10-22,,,,,,,,,,0.074202,,,
2018-10-23,-0.601259,-0.367996,-1.016885,-1.033484,0.0,0.259669,-0.05639,-0.741447,0.609967,-0.176039,0.0,-1.052021,0.141368
2018-10-24,-2.984715,-4.576656,-2.756132,-3.111957,0.010926,0.537888,0.301043,0.024869,0.252608,0.310383,0.010926,-2.788351,0.269447
2018-10-25,1.792595,3.45953,1.107923,1.681392,0.010914,-0.237803,-0.337733,0.224057,-0.285574,-0.300959,0.010914,1.279403,-0.115154
2018-10-26,-1.769104,-2.572193,-0.840969,-1.017573,0.010933,0.446911,0.451792,0.124192,0.29481,-0.02378,0.010933,-0.835358,0.179368
2018-10-27,,,,,,,,,,0.086951,,,
2018-10-28,,,,,,,,,,0.092745,,,
2018-10-29,,,,,,,,,,-2.370506,,,
2018-10-30,1.529895,1.647978,1.238694,1.853886,0.0,-0.217582,-0.206302,0.173473,-0.446809,0.0259,0.0,1.198599,-0.140788
2018-10-31,1.047882,2.350507,0.815694,1.199146,0.010891,-0.247673,-0.263078,-0.024723,-0.525026,-0.263016,0.010891,0.837254,-0.205212
2018-11-01,1.037009,1.319073,1.314813,3.449004,0.021882,0.085564,-0.094346,-1.410536,1.302459,0.952416,0.021882,1.822562,0.18545
2018-11-02,-0.620592,-1.55767,0.274496,0.654529,0.0,-0.557026,-0.302172,-0.1757,-0.008399,0.167145,0.0,0.556885,-0.372733
2018-11-03,,,,,,,,,,-0.425459,,,
2018-11-04,,,,,,,,,,0.233761,,,
2018-11-05,,,,,,,,,,0.682707,,,
2018-11-06,0.632891,0.757612,0.522942,-0.222854,0.0,-0.11001,-0.07566,0.125281,-0.362077,0.644109,0.0,0.217546,-0.012898
2018-11-07,2.112178,3.136725,1.238532,1.786822,0.010958,0.0,0.113566,-0.2002,-0.008454,1.069962,0.010958,1.34174,0.090312
2018-11-08,-0.170457,-0.637855,-1.003207,-2.433691,0.010916,-0.140116,-0.189078,0.225659,-0.185931,-1.170265,0.010916,-1.129287,-0.167492
2018-11-09,-0.923473,-1.685211,-0.716754,-1.799214,0.02184,0.390892,0.227285,1.351027,-1.143101,-1.055207,0.02184,-1.043706,0.245226
2018-11-10,,,,,,,,,,0.369582,,,
2018-11-11,,,,,,,,,,0.031982,,,
2018-11-12,,,,,,,,,,-0.623901,,,
2018-11-13,-0.167735,0.084178,0.379964,1.161304,0.010903,0.079607,-0.113021,0.322579,0.025878,-0.184889,0.010903,0.525781,-0.051384
2018-11-14,-0.684053,-0.762882,0.100879,0.584445,-0.010902,0.208852,0.037666,1.211973,0.862287,-9.767137,-0.010902,0.30176,0.07711
2018-11-15,1.035165,1.749343,0.32775,2.11661,0.032823,0.06946,0.132065,-1.783963,0.068397,-1.573977,0.032823,0.722003,0.012892
2018-11-16,0.255133,-0.350987,0.10049,0.30482,0.0109,0.307417,0.35793,0.52251,0.717639,-1.283279,0.0109,0.0,0.21846
2018-11-17,,,,,,,,,,-0.380585,,,
2018-11-18,,,,,,,,,,1.246054,,,
2018-11-19,,,,,,,,,,-13.373245,,,
2018-11-20,-1.839699,-1.789494,-1.847592,-2.134199,0.02181,-0.019741,-0.206452,-0.22133,-0.093186,-8.613794,0.02181,-2.028489,-0.064177
2018-11-21,0.333651,0.760291,1.469825,1.782358,0.021825,-0.019754,-0.018862,-0.295795,0.271344,3.376105,0.021825,1.537476,0.102627
2018-11-22,,,,,,,,,,-5.133013,,,
2018-11-23,,,,,,,,,,-0.431295,,,
2018-11-24,,,,,,,,,,-10.727814,,,
2018-11-25,,,,,,,,,,3.329501,,,
2018-11-26,,,,,,,,,,-5.756654,,,
2018-11-27,0.313243,0.337647,-0.302865,0.597068,0.0,0.09878,-0.301744,0.0,-0.627388,1.10052,0.0,-0.240645,0.064117
2018-11-28,2.336058,3.218307,1.468403,2.394579,0.010904,-0.009871,0.094559,-0.173357,0.477781,11.429782,0.010904,1.728622,0.051271
2018-11-29,-0.206059,-0.326019,-0.474076,-0.77952,0.010903,0.256671,0.547961,-0.173631,0.314169,0.50328,0.010903,-0.493949,0.076867
2018-11-30,0.663176,0.725558,-0.351028,-0.34249,0.010963,0.196833,0.018821,-0.273374,-0.211618,-6.113286,0.010963,-0.297856,0.038441
2018-12-01,,,,,,,,,,4.913869,,,
2018-12-02,,,,,,,,,,-1.774609,,,
2018-12-03,,,,,,,,,,-5.936095,,,
2018-12-04,-3.101984,-3.835661,-2.532254,-1.977855,0.010921,0.461729,0.356856,0.0,0.606414,1.611732,0.010921,-2.434719,0.243331
2018-12-05,,,,,,,,,,-5.127732,,,
2018-12-06,,,,,,,,,,-6.203873,,,
2018-12-07,-2.322387,-3.301572,-1.054277,-1.914863,0.010897,0.292604,0.131011,-0.34947,0.845541,-2.873094,0.010897,-1.298725,0.204065
2018-12-08,,,,,,,,,,1.642647,,,
2018-12-09,,,,,,,,,,3.973391,,,
2018-12-10,,,,,,,,,,-3.087192,,,
2018-12-11,0.028872,0.331106,0.104862,0.713236,-0.010956,-0.252718,-0.449483,-0.149709,-0.091649,-2.228819,-0.010956,0.331836,0.012782
2018-12-12,0.552286,0.880162,1.571107,1.582997,0.021884,-0.272902,-0.094147,-0.099953,0.208487,1.821009,0.021884,1.570871,-0.101812
2018-12-13,-0.032785,0.030289,-0.180485,0.10252,0.010955,0.058672,0.037702,0.100053,-0.216378,-4.969183,0.010955,-0.142414,0.076434
2018-12-14,-1.845152,-2.434878,-1.368791,-1.372372,0.010923,0.156311,0.056512,0.22489,-0.375313,-2.14844,0.010923,-1.385793,0.089006
2018-12-15,,,,,,,,,,-0.176505,,,
2018-12-16,,,,,,,,,,0.496712,,,
2018-12-17,,,,,,,,,,9.008304,,,
2018-12-18,-0.038589,0.628845,0.105646,0.723718,0.0,0.246552,0.206664,0.22435,0.232944,4.23576,0.0,0.125082,0.152221
2018-12-19,-1.595618,-2.455507,-1.081784,-1.632031,-0.010951,0.34985,0.250208,0.17407,-0.556112,1.349859,-0.010951,-1.144913,0.177227
2018-12-20,-1.643282,-1.449548,-0.373429,0.926518,0.021885,-0.125937,-0.281504,-0.471699,1.510723,10.370951,0.021885,-0.126312,-0.139027
2018-12-21,-1.989795,-3.09933,-1.954511,-0.960724,0.02189,0.08731,-0.018829,0.698452,-0.419336,-5.754047,0.02189,-1.539135,0.0
2018-12-22,,,,,,,,,,3.019058,,,
2018-12-23,,,,,,,,,,-0.378717,,,
2018-12-24,,,,,,,,,,1.99098,,,
2018-12-25,,,,,,,,,,-6.45095,,,
2018-12-26,,,,,,,,,,1.095714,,,
2018-12-27,0.929405,0.386957,0.081585,-0.106484,0.032823,0.25248,0.037672,0.051515,0.720782,-5.248859,0.032823,0.02134,0.216107
2018-12-28,-0.127168,-0.052274,0.652557,0.74626,0.010944,0.542348,0.244883,0.025761,0.422868,7.362448,0.010944,0.554988,0.241027
2018-12-29,,,,,,,,,,-2.637924,,,
2018-12-30,,,,,,,,,,1.192122,,,
2018-12-31,,,,,,,,,,-3.188146,,,
2019-01-01,,,,,,,,,,2.693766,,,
2019-01-02,,,,,,,,,,2.598904,,,
2019-01-03,-2.387076,-3.267032,-0.809688,-1.798537,0.032798,0.794886,0.618561,-0.231483,0.944917,-2.704974,0.032798,-1.12458,0.390613
2019-01-04,3.30068,4.278474,3.074799,3.081234,0.010909,-0.807641,-0.260818,-0.438246,-0.752059,0.546722,0.010909,3.261818,-0.301264
2019-01-05,,,,,,,,,,-0.324621,,,
2019-01-06,,,,,,,,,,6.018889,,,
2019-01-07,,,,,,,,,,-1.260459,,,
2019-01-08,0.971542,0.904531,0.71052,0.250219,0.0,-0.249773,0.056074,-0.129808,-0.217255,0.139112,0.0,0.725072,-0.126053
2019-01-09,0.462012,0.814959,1.228152,1.809889,0.0,0.057779,0.130668,-0.337925,0.612856,0.110361,0.0,1.33692,0.138911
2019-01-10,0.417715,0.286016,0.412986,0.674275,0.010969,-0.048098,-0.223754,0.417293,-0.577066,-8.831367,0.010969,0.324775,-0.201731
2019-01-11,-0.046221,-0.365815,-0.616956,-0.487098,0.021874,0.298433,0.280313,-0.10388,0.161229,0.22944,0.021874,-0.647409,0.202138
2019-01-12,,,,,,,,,,-0.706858,,,
2019-01-13,,,,,,,,,,-2.959273,,,
2019-01-14,,,,,,,,,,4.309067,,,
2019-01-15,1.170861,1.952674,0.624021,0.739992,0.021892,-0.096091,-0.112086,0.337682,-0.192626,-2.033888,0.021892,0.633966,0.012626
2019-01-16,0.221434,-0.018483,0.310088,1.101816,0.010893,-0.057673,0.0,-0.207094,0.297545,0.670166,0.010893,0.40643,0.0378
2019-01-17,0.746198,0.788405,0.334913,0.322929,0.021844,-0.182771,-0.037367,-0.363171,-0.096216,0.644517,0.021844,0.445245,-0.113417
2019-01-18,1.344823,0.990007,1.078245,0.623604,0.0,-0.318035,-0.130944,0.026043,-0.858751,-0.563389,0.0,0.805943,-0.075802
2019-01-19,,,,,,,,,,1.933628,,,
2019-01-20,,,,,,,,,,-3.42101,,,
2019-01-21,,,,,,,,,,-0.693727,,,
2019-01-22,,,,,,,,,,0.798222,,,
2019-01-23,0.148957,0.129661,0.516001,0.936109,0.0,-0.048216,-0.093568,-0.233364,-0.121078,-0.539706,0.0,0.608908,0.100895
2019-01-24,0.099157,0.647543,0.128352,0.866929,0.032735,0.31815,0.074915,0.155938,-0.185872,0.439104,0.032735,0.36311,0.214207
2019-01-25,0.850348,1.194824,1.256091,1.319216,-0.010915,-0.230646,-0.112322,-0.674635,1.465466,-0.030537,-0.010915,1.10552,-0.113171
2019-01-26,,,,,,,,,,0.074854,,,
2019-01-27,,,,,,,,,,-0.513389,,,
2019-01-28,,,,,,,,,,-3.167312,,,
2019-01-29,-0.123729,-0.944152,0.279807,0.099648,0.0,0.288851,0.187541,0.078114,0.620378,-0.643533,0.0,0.199908,0.201308
2019-01-30,1.5818,2.543793,1.11624,2.189948,0.021901,0.230377,0.561636,-0.416249,0.671884,1.103927,0.021901,1.196866,0.100452
2019-01-31,0.833454,1.496878,0.025063,0.681855,0.0,0.4598,0.632894,0.026152,-0.047115,-0.814327,0.0,0.216844,0.464155
2019-02-01,0.084677,-0.422219,-0.05018,-0.561139,0.009793,-0.535043,-0.314499,0.052235,-0.188525,0.872018,0.009793,-0.157364,-0.277947
2019-02-02,,,,,,,,,,0.949427,,,
2019-02-03,,,,,,,,,,-1.620175,,,
2019-02-04,,,,,,,,,,-0.140282,,,
2019-02-05,0.444024,0.884806,0.800208,1.262378,0.0,0.173259,0.130167,0.261284,0.237096,0.208241,0.0,0.883559,0.213572
2019-02-06,-0.123482,-0.298173,-0.645019,-1.285001,0.021841,0.076874,-0.092865,-0.130281,-0.678069,-1.517143,0.021841,-0.700647,-0.03762
2019-02-07,-0.980899,-1.342972,-1.273434,-0.971425,0.0,0.326536,0.092951,0.313143,0.269901,-0.418779,0.0,-1.313233,0.075244
2019-02-08,0.128866,0.196172,-0.354038,-0.529723,0.021917,0.134022,0.111464,0.260142,0.348354,7.863239,0.021917,-0.377328,0.15037
2019-02-09,,,,,,,,,,0.120633,,,
2019-02-10,,,,,,,,,,0.517122,,,
2019-02-11,,,,,,,,,,-1.131584,,,
2019-02-12,1.294313,1.478609,1.322477,0.890557,0.021844,-0.134012,-0.018566,0.0,0.214034,0.139729,0.021844,1.05873,-0.012567
2019-02-13,0.3016,0.070249,0.025094,-0.745378,0.0,-0.24929,-0.037167,-0.129284,-0.411328,-0.587323,0.0,-0.138374,-0.150255
2019-02-14,-0.221537,0.122774,0.0,0.217388,0.02189,0.470903,0.241776,0.28481,0.516279,-0.41821,0.02189,0.0396,0.175555
2019-02-15,1.102269,0.420531,1.355075,-0.138049,0.0,-0.095618,0.111275,0.051648,0.647971,0.108655,0.0,1.009091,0.037469
2019-02-16,,,,,,,,,,0.247923,,,
2019-02-17,,,,,,,,,,1.213531,,,
2019-02-18,,,,,,,,,,6.583804,,,
2019-02-19,,,,,,,,,,0.80139,,,
2019-02-20,0.230998,-0.017421,0.394187,0.706301,0.0,-0.019081,0.055514,0.051568,-0.147002,1.33582,0.0,0.467619,-0.037506
2019-02-21,-0.36328,-0.365746,-0.24538,-0.292229,0.01094,-0.29635,-0.203394,-0.051542,-1.100265,-1.142611,0.01094,-0.310286,-0.200125
2019-02-22,0.599811,0.739994,0.369006,1.113702,0.021837,0.297231,0.277882,-0.025787,0.321219,1.300124,0.021837,0.622522,0.225608
2019-02-23,,,,,,,,,,3.42028,,,
2019-02-24,,,,,,,,,,-8.016831,,,
2019-02-25,,,,,,,,,,1.896606,,,
2019-02-26,-0.073941,0.103767,0.415355,-0.267841,0.010928,0.296822,0.166303,0.335116,0.171958,-0.729863,0.010928,0.346512,0.137585
2019-02-27,-0.050613,-0.063347,-0.316293,-0.805707,0.010926,-0.35322,-0.258364,-0.256913,-0.686644,-0.085891,0.010926,-0.479583,-0.199821
2019-02-28,-0.233736,-0.230453,-0.41495,-1.140949,0.021871,-0.258672,-0.129535,0.0,-0.589251,0.097065,0.021871,-0.404789,-0.112645
2019-03-01,0.687282,0.69291,0.612775,-0.097816,0.010923,-0.328134,-0.277933,-0.334891,-1.707102,0.124477,0.010923,0.270953,-0.308896
2019-03-02,,,,,,,,,,0.125177,,,
2019-03-03,,,,,,,,,,-0.446103,,,
2019-03-04,,,,,,,,,,-2.225494,,,
2019-03-05,-0.116788,0.074532,0.073401,0.99647,0.010913,0.057791,0.0,-0.309044,0.153164,3.584097,0.010913,0.193246,0.075486
2019-03-06,-0.639291,-0.567163,-0.293271,-0.48365,0.010962,0.278951,0.092752,0.2325,-0.064387,0.194222,0.010962,-0.327865,0.125645
2019-03-07,-0.804223,-1.227246,-1.274522,-1.827362,0.021821,0.335789,0.278073,0.541244,-0.136922,0.193183,0.021821,-1.335154,0.288611
2019-03-08,-0.201734,-0.151664,-0.124116,-0.554475,0.010989,0.143378,0.092382,-0.051271,1.064602,-0.264677,0.010989,-0.215738,0.125072
2019-03-09,,,,,,,,,,1.593951,,,
2019-03-10,,,,,,,,,,-0.295557,,,
2019-03-11,,,,,,,,,,-1.173514,,,
2019-03-12,0.355425,0.549411,0.049283,0.528376,0.010907,0.277094,0.203131,-0.384039,0.641488,0.100608,0.010907,0.155389,0.237522
2019-03-13,0.681116,0.751334,0.738568,0.155725,0.010906,-0.038056,0.110562,0.0,0.693171,-0.062391,0.010906,0.620665,-0.049888
2019-03-14,-0.034786,-0.169478,-0.097772,-0.46645,0.0,-0.142984,0.018404,-0.051389,-1.14733,0.451833,0.0,-0.154209,-0.087332
2019-03-15,0.487263,0.928052,1.002944,1.386425,0.010945,0.314937,0.202421,-0.257145,0.456257,0.931156,0.010945,1.023157,0.187357
2019-03-16,,,,,,,,,,2.217033,,,
2019-03-17,,,,,,,,,,-0.580351,,,
2019-03-18,,,,,,,,,,0.180818,,,
2019-03-19,0.030683,0.336254,0.265524,-0.01906,0.0,-0.066695,-0.110068,0.0,0.262718,0.959276,0.0,0.095007,-0.049978
2019-03-20,-0.356506,0.396523,-0.096313,0.190626,0.0,0.696085,0.679614,0.103037,0.579641,0.400034,0.0,0.018965,0.436916
2019-03-21,1.143241,1.563199,0.096406,0.152218,0.032746,-0.047351,-0.01827,0.0,-0.323671,-1.422624,0.032746,0.018998,0.024824
2019-03-22,-1.901083,-2.196401,-1.925849,-2.944528,0.0,0.738897,0.292006,0.051469,0.229679,-0.132991,0.0,-2.144219,0.546654
2019-03-23,,,,,,,,,,0.294688,,,
2019-03-24,,,,,,,,,,-0.338424,,,
2019-03-25,,,,,,,,,,-1.469298,,,
2019-03-26,0.721985,0.465706,0.613643,0.214556,0.010909,-0.084345,-0.145577,-0.103116,-0.517688,0.555384,0.010909,0.583127,0.024676
2019-03-27,-0.464972,-0.642294,-0.146397,-1.109385,0.010907,0.29096,0.054622,0.180645,-0.480958,2.559179,0.010907,-0.309191,0.185022
2019-03-28,0.389301,0.230467,-0.061318,0.787264,0.021822,0.009329,0.072896,0.051522,-1.426076,-0.43941,0.021822,0.058142,0.049297
2019-03-29,0.643708,0.757139,0.343721,0.976339,0.0,-0.159119,0.109205,0.128738,0.104481,0.719257,0.0,0.542438,-0.073826
2019-03-30,,,,,,,,,,0.202169,,,
2019-03-31,,,,,,,,,,-0.030581,,,
2019-04-01,,,,,,,,,,1.285593,,,
2019-04-02,0.034292,0.379045,0.072428,-0.342789,-0.010953,0.170265,0.036512,0.334467,0.362728,17.356014,-0.010953,0.095072,0.049646
2019-04-03,0.186576,0.574618,0.772397,0.726167,0.010954,-0.311619,-0.21893,-0.358988,-0.144572,1.908737,0.010954,0.627156,-0.136359
2019-04-04,0.23945,-0.038093,-0.191602,0.569156,0.032817,0.104218,0.07314,0.051469,0.241299,-1.009912,0.032817,0.094426,0.099237
2019-04-05,0.481534,0.517129,0.215968,0.698003,0.0,0.047293,0.091321,0.154306,-0.096286,2.313365,0.0,0.264175,0.074449
2019-04-06,,,,,,,,,,0.459355,,,
2019-04-07,,,,,,,,,,2.748708,,,
2019-04-08,,,,,,,,,,1.747948,,,
2019-04-09,-0.531572,-0.351102,-0.598276,-0.075005,0.010858,0.17998,0.091341,0.051271,0.495677,-1.60333,0.010858,-0.319985,0.148756
2019-04-10,0.344884,0.536629,0.409249,0.450295,0.0,0.23641,0.364868,0.051224,0.302308,2.297679,0.0,0.302109,0.136147
2019-04-11,-0.018881,-0.237238,-0.191786,-0.933885,0.032843,-0.226417,-0.254457,0.256112,-1.269034,-4.884241,0.032843,-0.338847,-0.173101
2019-04-12,0.676267,0.432366,0.744643,0.584461,0.0,-0.463319,-0.164085,-0.153262,-0.096402,0.494646,0.0,0.755584,-0.185771
2019-04-13,,,,,,,,,,0.138468,,,
2019-04-14,,,,,,,,,,1.395753,,,
2019-04-15,,,,,,,,,,-1.946966,,,
2019-04-16,0.071367,0.344328,0.166777,0.77142,0.0,-0.34154,-0.237164,0.332296,-0.886165,3.324404,0.0,0.375311,-0.173586
2019-04-17,-0.243916,0.348549,0.166568,0.280062,0.021805,0.019023,-0.054829,0.050977,-0.162566,0.31283,0.021805,0.11217,0.0
2019-04-18,0.188096,0.128254,-0.190032,-0.167561,0.010941,0.237914,0.32933,-0.127335,0.032563,0.884393,0.010941,-0.074726,0.136654
2019-04-19,,,,,,,,,,0.102423,,,
2019-04-20,,,,,,,,,,0.642438,,,
2019-04-21,,,,,,,,,,-0.437532,,,
2019-04-22,,,,,,,,,,1.596265,,,
2019-04-23,0.862725,1.271797,0.238159,0.225045,0.0,0.180647,0.182519,0.25432,-0.227845,3.204026,0.0,0.243403,0.173918
2019-04-24,-0.197116,-0.315232,-0.879252,-1.459568,0.021818,0.379637,0.400786,0.253668,0.293616,-1.929085,0.021818,-0.952577,0.260394
2019-04-25,-0.037277,0.40585,-0.071901,-0.113946,0.021874,-0.122909,-0.036259,-0.404853,0.130111,-4.654296,0.021874,-0.169724,-0.024729
2019-04-26,0.458554,0.089242,0.383882,0.418253,-0.010935,0.2651,0.181461,-0.304876,0.665969,1.321031,-0.010935,0.528922,0.222714
2019-04-27,,,,,,,,,,-0.209441,,,
2019-04-28,,,,,,,,,,0.319803,,,
2019-04-29,,,,,,,,,,-0.71496,,,
2019-04-30,0.063021,-0.774801,0.071416,-0.132309,0.010864,0.198684,0.127044,0.152329,0.299908,1.970022,0.010864,-0.01872,0.14843
2019-05-01,-0.729626,-0.321829,-0.666191,-0.738066,0.004444,-0.045388,-0.186904,-0.152097,-0.638432,0.971283,0.004444,-0.524937,0.00615
2019-05-02,-0.197723,-0.434006,-0.191602,0.285971,0.010943,-0.284029,-0.472627,-0.304644,-0.357866,1.8988,0.010943,-0.15077,-0.222897
2019-05-03,0.949527,1.594762,0.983882,1.216734,0.010901,0.132913,0.237482,0.101843,0.514241,4.777335,0.010901,1.019244,0.186141
2019-05-04,,,,,,,,,,1.090062,,,
2019-05-05,,,,,,,,,,-0.608094,,,
2019-05-06,,,,,,,,,,-0.843751,,,
2019-05-07,-1.620937,-1.948007,-1.679445,-1.955897,0.010939,0.340434,0.054583,-0.202885,0.332248,1.438961,0.010939,-1.70228,0.148438
2019-05-08,-0.196507,-0.252334,0.146364,-0.058669,0.0,-0.188491,-0.254384,0.0,-0.28269,2.623827,0.0,0.096197,-0.074144
2019-05-09,-0.306722,-0.538318,-0.73097,-1.643821,0.010888,0.264388,0.163949,0.055992,0.234896,3.210575,0.010888,-0.807364,0.098971
2019-05-10,0.467149,0.124487,0.662763,0.616789,0.021905,-0.065899,0.16369,0.016007,0.169696,3.309083,0.021905,0.736422,-0.012421
2019-05-11,,,,,,,,,,12.947827,,,
2019-05-12,,,,,,,,,,-3.225639,,,
2019-05-13,,,,,,,,,,12.08403,,,
2019-05-14,0.868119,1.09752,0.947875,1.329531,0.010916,-0.093743,0.0,0.571643,-0.207585,2.296902,0.010916,1.006295,0.061654
2019-05-15,0.591697,1.412466,0.444778,0.201852,0.010904,0.319108,0.235415,1.248897,-0.032,2.63624,0.010904,0.312573,0.147751
2019-05-16,0.916701,1.004984,0.614996,-0.443193,0.010964,-0.196496,-0.108378,1.075382,-0.712283,-3.903135,0.010964,0.46739,-0.147533
2019-05-17,-0.605609,-1.02203,-0.562349,-1.760429,0.010912,0.046892,-0.090432,0.31289,-0.717393,-6.861381,0.010912,-0.833516,0.024613
2019-05-18,,,,,,,,,,-0.989768,,,
2019-05-19,,,,,,,,,,12.741782,,,
2019-05-20,,,,,,,,,,-2.676124,,,
2019-05-21,0.847334,1.044741,0.691541,1.385738,0.0,-0.112626,0.054437,0.10988,-0.259737,-0.187777,0.0,0.667203,-0.049381
2019-05-22,-0.273724,-0.445447,-0.392474,-0.530385,0.02187,0.300634,0.018105,0.062729,-0.130207,-3.557071,0.02187,-0.331344,0.185121
2019-05-23,-1.17036,-1.530219,-1.009587,-1.374067,0.021825,0.60891,0.235674,-0.548509,0.798562,2.627325,0.021825,-1.017028,0.357044
2019-05-24,0.17357,-0.0505,1.04477,0.207948,0.0,-0.02794,0.162763,0.208784,0.113177,1.338835,0.0,0.810104,0.0
2019-05-25,,,,,,,,,,0.815943,,,
2019-05-26,,,,,,,,,,7.707774,,,
2019-05-27,,,,,,,,,,1.528412,,,
2019-05-28,,,,,,,,,,-0.974547,,,
2019-05-29,-0.687732,-0.822554,-0.670463,0.703749,0.0,-0.037082,0.180334,-0.402379,0.056758,-0.693519,0.0,-0.335303,-0.024489
2019-05-30,0.27778,0.420372,0.375006,0.57558,0.032792,0.361771,0.306038,0.207892,0.672611,-3.926499,0.032792,0.356233,0.269469
2019-05-31,-1.338299,-1.595285,-0.772133,0.388279,0.0,0.665503,0.538398,-0.78678,1.360377,3.06545,0.0,-0.512726,0.439611
2019-06-01,,,,,,,,,,-0.122285,,,
2019-06-02,,,,,,,,,,2.089457,,,
2019-06-03,,,,,,,,,,-6.107348,,,
2019-06-04,2.201345,2.815659,1.299978,0.202047,0.021892,-0.366249,-0.160596,0.166299,0.054777,-6.105791,0.021892,0.985025,-0.170144
2019-06-05,0.846019,0.743253,-0.049322,-0.645289,0.0,0.0,0.035709,0.379442,0.187707,1.510948,0.0,-0.234101,0.0
2019-06-06,0.650383,0.794509,0.419722,0.101479,0.032776,-0.01835,-0.071437,-0.137812,0.343479,-0.02822,0.032776,0.23465,-0.024329
2019-06-07,0.997919,1.931204,1.18027,0.750217,-0.010925,0.395223,0.357608,0.772874,0.575699,2.837216,-0.010925,1.151001,0.267874
2019-06-08,,,,,,,,,,-1.116656,,,
2019-06-09,,,,,,,,,,-3.344814,,,
2019-06-10,,,,,,,,,,4.061515,,,
2019-06-11,-0.01888,0.136505,0.484723,0.995831,-0.010924,0.0,-0.12537,-0.20451,-0.078102,-0.907653,-0.010924,0.653086,-0.072996
2019-06-12,-0.188431,-0.577952,-0.795923,-1.064897,0.010925,0.257557,0.053776,0.437441,0.351728,2.751651,0.010925,-0.877866,0.17053
2019-06-13,0.445567,0.592259,0.048649,-0.079706,0.032792,0.247821,0.053774,0.592478,0.654261,1.04429,0.032792,0.115518,0.170205
2019-06-14,-0.150362,-0.425244,-0.680472,-1.137057,0.01093,0.073228,-0.214934,0.471995,0.023209,5.624025,0.01093,-0.807692,0.012111
2019-06-15,,,,,,,,,,1.662581,,,
2019-06-16,,,,,,,,,,1.766312,,,
2019-06-17,,,,,,,,,,3.622933,,,
2019-06-18,0.996829,1.453153,1.384422,2.398844,0.0,0.192105,0.431587,0.761191,0.472362,-2.55988,0.0,1.588218,0.230568
2019-06-19,0.264369,0.375513,0.560786,0.734572,0.021848,0.273939,0.572976,0.354557,0.655106,2.111471,0.021848,0.66729,0.339113
2019-06-20,0.932375,0.92995,0.969937,1.497844,0.010876,0.163947,0.551908,-0.172821,2.534451,2.735085,0.010876,1.060612,0.156823
2019-06-21,-0.11777,-0.148273,-0.360217,-0.407775,0.0,-0.409119,-0.424956,-1.608122,0.694499,6.480383,0.0,-0.396221,-0.27717
2019-06-22,,,,,,,,,,5.491958,,,
2019-06-23,,,,,,,,,,1.436032,,,
2019-06-24,,,,,,,,,,1.434603,,,
2019-06-25,-0.988714,-1.716649,-0.529458,-0.994744,0.0,0.154646,-0.195213,0.155993,0.190045,7.082074,0.0,-0.703521,0.03618
2019-06-26,-0.096877,0.465076,0.120954,1.004738,0.021808,-0.408714,-0.053335,-1.055252,-0.911943,10.39202,0.021808,0.306387,-0.229085
2019-06-27,0.35094,0.382144,0.241661,0.565609,0.0,0.301004,0.142353,0.610721,-0.080987,-14.085681,0.0,0.324552,0.290042
2019-06-28,0.552904,0.128682,0.554501,-0.232727,0.010952,0.045425,0.035513,0.469948,0.213693,10.950072,0.010952,0.380563,0.084265
2019-06-29,,,,,,,,,,-3.610453,,,
2019-06-30,,,,,,,,,,-9.550802,,,
2019-07-01,,,,,,,,,,-2.16342,,,
2019-07-02,0.291048,0.396252,0.310236,-0.230244,0.010891,0.3555,0.017854,0.912274,2.129251,2.065012,0.010891,0.35805,0.193111
2019-07-03,0.767741,0.752614,0.523445,-0.250013,0.032801,0.190849,0.267862,0.915554,0.234918,10.735293,0.032801,0.356843,0.180556
2019-07-04,,,,,,,,,,-6.235392,,,
2019-07-05,,,,,,,,,,-2.112958,,,
2019-07-06,,,,,,,,,,2.095839,,,
2019-07-07,,,,,,,,,,2.161706,,,
2019-07-08,,,,,,,,,,7.293009,,,
2019-07-09,0.124751,0.500744,-0.47952,-0.331778,0.010928,-0.063948,0.089315,-0.111902,0.320586,2.342955,0.010928,-0.379084,-0.132897
2019-07-10,0.465295,0.99654,0.433625,0.920295,0.010917,0.054875,0.214111,-0.154513,1.590367,-3.318801,0.010917,0.45663,0.084702
2019-07-11,0.200533,-0.072709,0.023971,-0.194025,0.021891,-0.493314,-0.284899,-0.835588,-0.826627,-6.563153,0.021891,0.056791,-0.326318
2019-07-12,0.491351,0.576846,0.119926,0.058333,0.010953,0.110175,0.107168,0.25749,0.604852,4.026216,0.010953,0.075724,0.084873
2019-07-13,,,,,,,,,,-3.585036,,,
2019-07-14,,,,,,,,,,-9.97439,,,
2019-07-15,,,,,,,,,,6.230768,,,
2019-07-16,-0.325869,-0.515062,-0.4547,-0.212806,0.010912,-0.219653,-0.160186,-0.038702,-0.806686,-13.009973,0.010912,-0.320953,-0.133078
2019-07-17,-0.675657,-0.491826,-0.19227,-0.387748,0.0,0.467692,0.213918,0.387215,1.619103,2.280748,0.0,-0.189474,0.302802
2019-07-18,0.365738,0.114437,0.288983,0.836916,0.032782,0.246461,0.1601,0.0,1.382325,10.034036,0.032782,0.32266,0.181149
2019-07-19,-0.535679,-0.732762,-0.144053,-0.617648,0.0,-0.182096,-0.088825,-0.061728,-1.442413,-1.272678,0.0,-0.321622,-0.108452
2019-07-20,,,,,,,,,,2.244927,,,
2019-07-21,,,,,,,,,,-1.56062,,,
2019-07-22,,,,,,,,,,-2.415289,,,
2019-07-23,0.687119,0.654418,0.576612,0.038798,-0.010967,-0.164152,-0.088857,0.620064,-0.567934,-4.276654,-0.010967,0.435863,-0.084313
2019-07-24,0.460982,0.701798,0.023884,0.0,0.021837,0.146108,0.035549,0.84971,0.534563,-0.897322,0.021837,0.0,0.096464
2019-07-25,-0.487788,-0.947975,-1.003066,-0.717896,0.021872,-0.17326,-0.106637,-0.880499,-0.757521,1.018312,0.021872,-0.92452,-0.10845
2019-07-26,0.715289,1.029503,0.289494,0.136823,-0.010924,-0.018278,-0.142361,0.708378,0.190826,-0.419075,-0.010924,0.266634,0.0
2019-07-27,,,,,,,,,,-3.977851,,,
2019-07-28,,,,,,,,,,0.79326,,,
2019-07-29,,,,,,,,,,-0.352929,,,
2019-07-30,-0.241992,-0.431604,-1.058685,-0.723927,0.0,0.045607,0.142642,-0.632045,0.334761,0.927377,0.0,-1.08222,-0.024147
2019-07-31,-1.133218,-1.383021,-0.632286,-1.103667,0.010973,0.255503,0.160197,0.45213,-1.312829,4.977444,0.010973,-0.767746,0.120605
2019-08-01,-0.838578,-0.497127,-0.39162,-1.933052,0.027308,1.134246,0.37376,0.801041,2.381305,3.113748,0.027308,-0.734992,0.716116
2019-08-02,-0.731216,-1.472513,-0.786214,-1.036357,0.0,0.207377,0.017726,-0.753063,-0.330226,1.139516,0.0,-0.740452,0.095991
2019-08-03,,,,,,,,,,2.885974,,,
2019-08-04,,,,,,,,,,1.371851,,,
2019-08-05,,,,,,,,,,7.615813,,,
2019-08-06,1.287968,1.399836,0.686129,1.342157,0.010909,0.160571,0.282691,1.567274,0.824158,-2.773962,0.010909,0.847648,0.250473
2019-08-07,0.068103,0.540235,0.403805,0.441444,0.021857,0.0,0.017598,0.320052,1.515046,4.040712,0.021857,0.440246,0.0
2019-08-08,1.951397,2.176363,1.030704,1.423207,0.010936,0.008889,0.281774,1.002659,0.534497,0.204644,0.010936,1.155628,0.08323
2019-08-09,-0.697341,-0.940173,-0.721595,-0.96988,-0.010935,-0.151379,-0.087815,-0.86485,-0.31071,-0.864676,-0.010935,-0.768189,-0.178318
2019-08-10,,,,,,,,,,-4.289934,,,
2019-08-11,,,,,,,,,,1.493344,,,
2019-08-12,,,,,,,,,,-1.223256,,,
2019-08-13,1.549758,2.191528,0.985782,1.225416,0.010954,-0.354447,-0.19244,0.493648,-0.604107,-4.276575,0.010954,1.102435,-0.154078
2019-08-14,-3.011239,-2.988481,-2.703346,-2.671658,-0.010953,0.667047,0.262958,1.417818,0.725185,-7.747239,-0.010953,-2.815237,0.356177
2019-08-15,0.314705,-0.114908,0.205816,0.621891,0.043724,0.636077,0.402158,1.728256,0.637688,2.585052,0.043724,0.367207,0.485178
2019-08-16,1.465228,1.605031,1.180982,1.36404,-0.010919,-0.263398,-0.261218,-0.281353,-0.647273,0.608958,-0.010919,1.260173,-0.105968
2019-08-17,,,,,,,,,,-1.374495,,,
2019-08-18,,,,,,,,,,1.114829,,,
2019-08-19,,,,,,,,,,5.511827,,,
2019-08-20,-0.77471,-0.774847,-0.27748,0.209556,0.01092,0.44217,0.140223,0.44864,0.783905,-1.399968,0.01092,-0.199751,0.260163
2019-08-21,0.810778,0.887875,0.834661,0.920102,-0.010919,-0.264115,-0.105038,-0.163414,-0.344164,-5.808502,-0.010919,0.760599,-0.047248
2019-08-22,-0.037255,-0.323386,-0.351167,-1.284688,0.03274,-0.220747,-0.087613,-0.541894,-0.255558,-0.068989,0.03274,-0.377434,-0.188778
2019-08-23,-2.566451,-3.164545,-1.233344,-1.364403,-0.010896,0.672464,0.561275,0.292529,2.001243,2.733271,-0.010896,-1.355924,0.366562
2019-08-24,,,,,,,,,,-2.382828,,,
2019-08-25,,,,,,,,,,-0.211057,,,
2019-08-26,,,,,,,,,,2.291289,,,
2019-08-27,-0.393215,-0.211029,-0.025248,0.148323,0.010947,0.431095,0.471344,1.312544,0.896069,-1.78694,0.010947,-0.100329,0.341837
2019-08-28,0.694704,0.357861,0.025255,0.275079,-0.010945,0.035021,0.138989,0.365051,-0.215297,-4.232263,-0.010945,0.200813,0.035265
2019-08-29,1.300573,1.528995,0.783249,1.160566,0.021843,-0.192617,0.138814,-0.024969,-0.741694,-2.503712,0.021843,0.821615,-0.058699
2019-08-30,-0.040916,-0.239454,0.501375,0.688386,0.010954,0.026327,-0.467875,0.502915,-0.237755,0.925045,0.010954,0.536692,-0.011813
2019-08-31,,,,,,,,,,0.338504,,,
2019-09-01,,,,,,,,,,1.321888,,,
2019-09-02,,,,,,,,,,6.033939,,,
2019-09-03,,,,,,,,,,2.675033,,,
2019-09-04,1.070707,1.443569,1.402463,1.729877,-0.010961,0.157828,0.226806,0.197812,0.651401,-0.27342,-0.010961,1.508545,0.188273
2019-09-05,1.322368,1.831888,0.815008,1.147288,0.010962,-0.80529,-0.539544,-1.921307,-2.395251,-0.178961,0.010962,0.762604,-0.51672
2019-09-06,0.073153,-0.099068,0.220483,0.364627,0.010961,0.061804,0.174975,0.467273,-0.868138,-2.101364,0.010961,0.310481,0.118028
2019-09-07,,,,,,,,,,1.583573,,,
2019-09-08,,,,,,,,,,-0.722418,,,
2019-09-09,,,,,,,,,,-1.018092,,,
2019-09-10,0.021906,-0.287687,0.292754,0.06039,0.021849,-0.727571,-0.596303,-1.430899,-0.8928,-2.119009,0.021849,0.173877,-0.509371
2019-09-11,0.719299,0.93895,0.608109,0.76443,-0.010937,-0.09832,-0.158821,0.421077,0.628493,0.616811,-0.010937,0.559423,-0.05952
2019-09-12,0.293617,0.415716,0.531936,0.678754,0.021857,-0.223701,-0.035327,-0.765076,0.229008,2.276935,0.021857,0.575494,-0.190651
2019-09-13,-0.025288,-0.357057,0.45694,0.495766,0.0,-0.914601,-0.583381,-1.934915,-0.817005,-0.476268,0.0,0.572165,-0.572898
2019-09-14,,,,,,,,,,-0.024111,,,
2019-09-15,,,,,,,,,,-0.099787,,,
2019-09-16,,,,,,,,,,-0.685359,,,
2019-09-17,0.272077,0.479945,0.385802,-0.059625,0.010936,0.261266,0.212302,0.104384,0.214668,-0.345648,0.010936,0.305869,0.227531
2019-09-18,0.061486,-0.041513,-0.264215,-0.41767,0.02185,0.036001,-0.37074,0.573365,-0.642623,-0.420108,0.02185,-0.190585,0.071635
2019-09-19,-0.021692,0.166206,0.409418,-0.439401,0.0,0.044932,0.194926,0.070337,0.410321,0.668419,0.0,0.152759,0.143281
2019-09-20,-0.535226,-1.057862,-0.215893,0.140437,0.010902,0.574673,0.51283,1.05804,1.156669,-0.825736,0.010902,-0.095311,0.3576
2019-09-21,,,,,,,,,,-1.59036,,,
2019-09-22,,,,,,,,,,0.505761,,,
2019-09-23,,,,,,,,,,-3.386843,,,
2019-09-24,-0.828334,-1.328101,-0.424118,-0.999803,0.0,0.499298,0.228316,0.718958,0.524128,-11.396041,0.0,-0.538048,0.34431
2019-09-25,0.611816,1.122541,-0.170358,-0.121167,0.0,-0.656487,-0.490656,-0.449328,-1.868906,-1.549472,0.0,-0.077289,-0.473149
2019-09-26,-0.197218,-0.368259,0.219438,0.0,0.021818,0.214327,0.0,0.589628,0.006903,-4.336346,0.021818,0.096672,0.166362
2019-09-27,-0.560872,-1.24093,-0.43787,-1.253801,0.0,0.142573,-0.158443,-0.115946,-0.538191,1.636636,0.0,-0.598769,0.10676
2019-09-28,,,,,,,,,,-0.071871,,,
2019-09-29,,,,,,,,,,-1.718784,,,
2019-09-30,,,,,,,,,,2.340551,,,
2019-10-01,-1.203199,-0.815619,-0.900682,-0.509997,-0.003331,0.276943,0.204518,-0.043332,0.52836,0.59572,-0.003331,-0.909797,0.097268
2019-10-02,-1.763685,-1.719442,-1.989719,-0.799676,0.0,0.346322,0.017579,0.144464,1.191304,0.596476,0.0,-1.562815,0.225328
2019-10-03,0.793703,1.097496,0.701756,1.302189,0.032837,0.522113,0.334311,0.58425,0.415515,-1.585239,0.032837,0.773966,0.331316
2019-10-04,1.387472,1.472579,0.771557,0.428493,0.0,0.193688,0.350697,0.372888,0.027584,-0.654392,0.0,0.669532,0.165111
2019-10-05,,,,,,,,,,-0.663409,,,
2019-10-06,,,,,,,,,,-2.003861,,,
2019-10-07,,,,,,,,,,3.223113,,,
2019-10-08,-1.552687,-1.498103,-0.939669,-0.676503,0.0,0.21156,-0.070157,-0.03948,0.869142,-0.204228,0.0,-0.843958,0.047219
2019-10-09,0.931952,0.976193,0.798812,0.7843,0.0,-0.255086,-0.19301,-0.22617,0.068934,4.459432,0.0,0.791794,-0.117959
2019-10-10,0.680407,0.774465,0.643886,0.942045,0.021882,-0.626218,-0.281271,-0.935552,-0.867951,-0.107805,0.021882,0.746255,-0.307109
2019-10-11,1.043376,1.287858,1.697845,1.501325,0.010918,-0.683413,-0.299765,-0.58843,-0.542006,-3.082951,0.010918,1.598446,-0.367381
2019-10-12,,,,,,,,,,0.177833,,,
2019-10-13,,,,,,,,,,-0.186526,,,
2019-10-14,,,,,,,,,,0.645122,,,
2019-10-15,0.96734,1.271675,1.117047,0.76152,0.010918,-0.481221,-0.318116,-0.45099,-0.716669,-2.021776,0.010918,1.040249,-0.261216
2019-10-16,-0.156661,-0.24803,0.072061,0.278425,0.010957,0.196978,0.177311,-0.186329,0.567666,-1.923646,0.010957,0.209735,0.107141
2019-10-17,0.269988,0.264208,0.263954,0.376847,0.010896,-0.035722,0.106186,-0.395306,0.111497,0.700641,0.010896,0.266367,0.0
2019-10-18,-0.41113,-0.96101,-0.119654,-0.434685,0.0,0.089407,0.159062,-0.319713,-0.048726,-1.612846,0.0,-0.189758,0.047556
2019-10-19,,,,,,,,,,0.192558,,,
2019-10-20,,,,,,,,,,2.92315,,,
2019-10-21,,,,,,,,,,0.263225,,,
2019-10-22,-0.351954,-0.796294,-0.238122,0.078557,0.0,0.233099,0.229943,0.269868,0.328947,-2.007802,0.0,-0.094515,0.178639
2019-10-23,0.294906,0.192858,0.477415,0.019621,0.0,0.035775,0.088247,0.140096,0.223227,-6.975948,0.0,0.359383,0.047595
2019-10-24,0.163394,0.972822,0.166288,0.058871,0.021847,-0.017857,0.017669,0.301912,0.730845,-0.28189,0.021847,0.169644,0.011932
2019-10-25,0.41684,0.7986,0.071205,0.568613,0.0,-0.214671,-0.052944,-0.077084,0.228026,15.576342,0.0,0.206973,-0.166429
2019-10-26,,,,,,,,,,6.74625,,,
2019-10-27,,,,,,,,,,3.317935,,,
2019-10-28,,,,,,,,,,-3.094381,,,
2019-10-29,-0.064585,-0.774433,-0.117971,-0.600435,0.021855,0.089905,-0.283166,0.0,-0.292132,1.853245,0.021855,-0.168254,0.023841
2019-10-30,0.351917,0.484606,0.4016,0.448191,0.0109,0.485379,0.337156,0.502132,0.530172,-2.354352,0.0109,0.374523,0.32203
2019-10-31,-0.322068,0.045681,-0.235276,-0.737181,0.010889,0.635092,0.247659,0.609833,1.02005,-0.066715,0.010889,-0.317171,0.475516
2019-11-01,0.951351,0.908271,0.89621,1.54388,-0.001062,-0.188724,0.242289,-0.189879,0.075564,0.668721,-0.001062,0.973236,-0.088862
2019-11-02,,,,,,,,,,0.686887,,,
2019-11-03,,,,,,,,,,-0.958348,,,
2019-11-04,,,,,,,,,,1.91934,,,
2019-11-05,-0.127509,0.054968,-0.023212,0.53405,-0.010937,-0.537827,-0.264942,-0.292992,-1.514104,-0.744586,-0.010937,0.165857,-0.345247
2019-11-06,0.053205,-0.224787,-0.093042,-0.360457,0.010938,0.288404,0.389605,0.330591,0.419283,0.196441,0.010938,-0.165583,0.215013
2019-11-07,0.354442,0.335424,0.442296,0.76159,0.021833,-0.799801,-0.529212,-0.688252,-1.600554,-0.996897,0.021833,0.387032,-0.512542
2019-11-08,0.243728,0.399145,-0.208585,-0.907009,0.0,-0.135869,-0.1064,-0.062693,-0.636493,-4.992475,0.0,-0.238696,-0.095834
2019-11-09,,,,,,,,,,0.098822,,,
2019-11-10,,,,,,,,,,2.745131,,,
2019-11-11,,,,,,,,,,-3.287918,,,
2019-11-12,0.197682,0.288635,0.023239,-0.671658,0.010974,0.04528,0.10655,0.332126,0.28551,0.660829,0.010974,-0.110796,0.059899
2019-11-13,0.042276,0.024798,-0.325344,-0.772782,0.0,0.271714,0.106437,0.150742,0.355873,-0.083935,0.0,-0.369677,0.179647
2019-11-14,0.133836,-0.079385,-0.069917,0.116785,0.010903,0.505833,0.123999,0.143252,0.496452,-1.137205,0.010903,-0.111313,0.286951
2019-11-15,0.74569,0.734765,0.606596,0.777919,-0.010902,-0.080916,-0.088503,-0.036667,-0.352859,-2.481628,-0.010902,0.668639,-0.035724
2019-11-16,,,,,,,,,,0.692047,,,
2019-11-17,,,,,,,,,,0.318274,,,
2019-11-18,,,,,,,,,,-3.132318,,,
2019-11-19,-0.048812,0.147732,-0.185297,0.115891,-0.010901,0.188545,0.194463,0.183345,0.070573,-1.241269,-0.010901,-0.073769,0.107192
2019-11-20,-0.352574,-0.599868,-0.603402,-0.501552,0.010902,0.367452,0.335203,0.128105,0.0,-2.179799,0.010902,-0.516709,0.273601
2019-11-21,-0.154161,-0.222637,-0.140106,-0.116314,0.0,-0.249985,-0.228581,-0.186417,-0.423134,-4.790149,0.0,-0.185499,-0.166092
2019-11-22,0.221055,0.064458,0.116917,0.019399,0.011001,-0.017956,0.070476,0.410195,-0.283286,-4.529422,0.011001,0.204443,0.059394
2019-11-23,,,,,,,,,,1.387215,,,
2019-11-24,,,,,,,,,,-4.729515,,,
2019-11-25,,,,,,,,,,1.393558,,,
2019-11-26,0.201562,0.190987,0.069485,-0.326795,0.010839,0.187961,0.228754,0.217432,0.499641,1.010859,0.010839,0.0,0.166078
2019-11-27,0.471544,0.698857,0.27793,0.154304,0.021937,-0.25903,-0.210686,0.126563,-0.497157,4.34021,0.021937,0.220905,-0.153971
2019-11-28,,,,,,,,,,-0.910259,,,
2019-11-29,,,,,,,,,,3.994821,,,
2019-11-30,,,,,,,,,,-2.468854,,,
2019-12-01,,,,,,,,,,-1.920007,,,
2019-12-02,,,,,,,,,,-1.377966,,,
2019-12-03,-0.702056,-0.783265,-0.373995,-0.566733,-0.010935,0.891807,0.671961,0.522143,0.994321,-0.025168,-0.010935,-0.334933,0.536443
2019-12-04,0.64018,0.506424,0.868148,0.805827,0.010936,-0.383925,-0.122936,0.102422,-0.070325,-0.930457,0.010936,0.858863,-0.201559
2019-12-05,0.185261,0.197617,-0.093053,0.42894,0.02185,-0.233075,-0.228661,-0.438487,0.070375,2.706454,0.02185,0.0,-0.106943
2019-12-06,0.889637,1.069856,0.861456,0.524159,0.0,-0.305437,0.035289,0.55053,-1.125175,1.324985,0.0,0.851515,-0.130811
2019-12-07,,,,,,,,,,0.122449,,,
2019-12-08,,,,,,,,,,0.107294,,,
2019-12-09,,,,,,,,,,-2.16074,,,
2019-12-10,-0.093655,-0.083338,0.092826,0.252098,0.0,-0.117072,-0.017605,-0.456856,0.213225,-1.658985,0.0,0.184515,-0.071415
2019-12-11,0.260375,0.529696,0.55644,1.373319,0.0,0.414685,0.264312,0.308449,0.780139,-0.833902,0.0,0.662966,0.333588
2019-12-12,0.879545,0.746437,0.783928,1.717225,0.021893,-0.789981,-0.43937,0.0,-0.422241,0.35618,0.021893,0.98793,-0.475002
2019-12-13,0.037775,0.329281,0.571971,0.03753,-0.021888,0.588129,0.423618,0.966354,0.494704,0.366558,-0.021888,0.416677,0.453405
2019-12-14,,,,,,,,,,-1.994732,,,
2019-12-15,,,,,,,,,,0.387778,,,
2019-12-16,,,,,,,,,,-3.073434,,,
2019-12-17,0.02042,0.057316,-0.360328,0.894738,-0.010949,0.009032,0.176193,-0.18475,-0.070325,-4.211557,-0.010949,-0.12505,0.011916
2019-12-18,0.006836,0.076428,-0.248641,0.52831,0.021851,-0.271168,-0.123152,-0.159691,0.070375,9.581901,0.021851,0.071561,-0.130971
2019-12-19,0.41556,0.625127,0.090617,0.018753,0.010928,0.07812,0.192795,0.163567,0.210969,-1.01636,0.010928,-0.053624,0.071525
2019-12-20,0.508855,0.403127,0.1585,0.093825,0.005518,0.0,-0.088232,0.667765,-0.210524,0.221748,0.005518,0.035766,0.023843
2019-12-21,,,,,,,,,,-0.383134,,,
2019-12-22,,,,,,,,,,4.455891,,,
2019-12-23,,,,,,,,,,-2.076264,,,
2019-12-24,0.0,0.051929,-0.091229,-0.168441,0.010936,0.17245,0.212501,0.093789,0.90845,-0.449944,0.010936,0.018028,0.095578
2019-12-25,,,,,,,,,,-0.646996,,,
2019-12-26,,,,,,,,,,-0.497432,,,
2019-12-27,0.0,-0.084201,0.27263,0.427819,-0.010914,0.144755,0.017655,-0.160239,-0.068683,0.7062,-0.010914,0.485382,0.143156
2019-12-28,,,,,,,,,,0.382737,,,
2019-12-29,,,,,,,,,,1.43021,,,
2019-12-30,,,,,,,,,,-1.746784,,,
2019-12-31,0.257594,0.188468,0.547727,0.279795,0.0,-0.361601,-0.052963,0.063211,0.205618,-1.362897,0.0,0.39659,-0.107229
2020-01-01,,,,,,,,,,0.091403,,,
2020-01-02,,,,,,,,,,-2.981929,,,
2020-01-03,-0.730536,-0.916009,-1.215657,-1.767823,0.0,0.668301,0.457042,-0.218253,1.427601,5.145166,0.0,-1.22535,0.357331
2020-01-04,,,,,,,,,,0.895487,,,
2020-01-05,,,,,,,,,,0.008915,,,
2020-01-06,,,,,,,,,,4.829126,,,
2020-01-07,-0.275754,-0.013912,-0.159001,0.0,0.0,-0.143648,-0.280634,-0.155924,0.397881,5.077385,0.0,-0.179531,-0.083163
2020-01-08,0.515973,0.751615,0.136464,0.409657,0.021893,-0.233832,-0.140734,0.031229,-0.792602,-1.026859,0.021893,0.179854,-0.154617
2020-01-09,0.69116,0.847371,0.408971,0.741848,0.010909,0.0721,0.052834,0.366874,-0.599202,-2.485086,0.010909,0.448841,0.119092
2020-01-10,-0.286539,-0.255726,-0.339381,0.533866,0.0,0.21621,0.264084,-0.007784,0.602814,3.64869,0.0,-0.125114,0.166579
2020-01-11,,,,,,,,,,-1.579817,,,
2020-01-12,,,,,,,,,,1.927911,,,
2020-01-13,,,,,,,,,,-0.589562,,,
2020-01-14,-0.132782,-0.393759,0.067683,-0.523064,0.0,0.197947,0.175613,0.034873,-0.134135,8.393345,0.0,0.017749,0.142645
2020-01-15,0.222716,0.040879,-0.067637,-0.779713,0.010918,0.251523,0.035047,0.162698,0.604427,-0.235098,0.010918,-0.266384,0.154231
2020-01-16,0.835796,0.958364,0.541628,0.657889,0.021893,-0.20608,-0.192748,0.545311,-0.133508,-0.944981,0.021893,0.534207,-0.059285
2020-01-17,0.338739,0.494881,0.246919,0.599135,-0.010924,-0.080736,-0.105308,0.411602,0.200533,2.352785,-0.010924,0.318806,-0.011877
2020-01-18,,,,,,,,,,0.154222,,,
2020-01-19,,,,,,,,,,-2.645293,,,
2020-01-20,,,,,,,,,,-0.558249,,,
2020-01-21,,,,,,,,,,1.019353,,,
2020-01-22,0.026296,0.264244,0.248302,0.7954,0.0,0.017844,-0.175199,0.15366,0.066668,-0.743418,0.0,0.35702,0.082669
2020-01-23,0.098542,0.321624,-0.247687,-0.935943,0.010904,0.250529,0.280759,0.264758,0.266489,-3.160515,0.010904,-0.391307,0.177316
2020-01-24,-0.912055,-0.841512,-0.383782,-0.759567,0.0,0.357034,0.244978,-0.508902,0.531561,0.462962,0.0,-0.571422,0.153343
2020-01-25,,,,,,,,,,-0.918685,,,
2020-01-26,,,,,,,,,,2.736455,,,
2020-01-27,,,,,,,,,,3.640752,,,
2020-01-28,1.083302,1.535992,0.856487,0.985308,0.0,-0.33565,-0.17421,0.436322,-0.853019,5.036808,0.0,0.752834,-0.176118
2020-01-29,-0.099817,0.162584,0.022951,0.248702,0.010892,0.478541,0.401365,0.608974,0.52945,-0.448358,0.010892,0.054678,0.282283
2020-01-30,0.313125,0.356143,-0.229448,-1.507632,0.0,0.097097,0.104333,-0.127215,0.0,2.06473,0.0,-0.364278,0.023433
2020-01-31,-1.793417,-1.585802,-1.701933,-1.976352,0.0,0.502357,0.416759,-1.254584,0.526668,-1.666463,0.0,-1.645328,0.257919
2020-02-01,,,,,,,,,,0.45287,,,
2020-02-02,,,,,,,,,,-0.516453,,,
2020-02-03,,,,,,,,,,-0.544111,,,
2020-02-04,1.541032,2.288878,1.608759,2.702695,0.0,-0.580014,-0.433403,0.369578,-1.383399,-1.211151,0.0,1.762551,-0.30492
2020-02-05,1.130867,0.329724,0.963759,0.591138,0.021879,-0.433104,-0.243775,0.209281,0.200399,4.710409,0.021879,0.911567,-0.164722
2020-02-06,0.340059,0.863203,0.340903,-0.037909,0.010927,0.07099,0.15709,0.580168,0.533333,1.210577,0.010927,0.234837,0.094213
2020-02-07,-0.508355,-0.4301,-0.973956,-1.327537,0.0,0.479066,0.383387,0.192274,0.198937,0.679784,0.0,-0.99135,0.306113
2020-02-08,,,,,,,,,,0.706168,,,
2020-02-09,,,,,,,,,,2.549941,,,
2020-02-10,,,,,,,,,,-2.570632,,,
2020-02-11,0.182133,0.017224,0.684628,1.300208,0.010927,-0.237945,-0.277358,0.038016,-0.396036,3.567403,0.010927,0.726736,-0.164063
2020-02-12,0.642707,0.974112,0.408002,1.264617,0.010956,-0.256172,-0.086923,0.338275,0.0,1.15415,0.010956,0.72151,-0.117409
2020-02-13,-0.096767,-0.128051,-0.722366,-1.304747,0.010905,0.088592,0.156581,-0.15531,0.530152,-1.081486,0.010905,-0.77007,0.094035
2020-02-14,0.167878,0.286337,-0.068222,0.037766,0.0,0.247706,0.104227,0.364204,0.461435,0.95685,0.0,-0.05412,0.105664
2020-02-15,,,,,,,,,,-4.098978,,,
2020-02-16,,,,,,,,,,0.45512,,,
2020-02-17,,,,,,,,,,-2.459033,,,
2020-02-18,,,,,,,,,,4.663022,,,
2020-02-19,0.4815,0.958552,0.412385,0.77919,0.0,-0.01761,-0.034656,0.714976,0.582903,-5.014884,0.0,0.472387,-0.011665
2020-02-20,-0.392409,-0.928367,-0.730091,-1.565157,0.0,0.290819,0.207908,0.179325,0.386352,-0.258592,0.0,-0.813722,0.245907
2020-02-21,-1.036465,-1.920934,-0.459667,-0.555565,0.021855,0.404257,0.20746,-0.085774,1.539447,0.811428,0.021855,-0.528738,0.24538
2020-02-22,,,,,,,,,,-0.240127,,,
2020-02-23,,,,,,,,,,2.70443,,,
2020-02-24,,,,,,,,,,-2.764274,,,
2020-02-25,-3.004309,-2.719188,-1.705891,-0.740588,0.0,0.277944,-0.103055,-1.803614,-1.814768,-3.19652,0.0,-1.370361,0.081272
2020-02-26,-0.441981,0.515408,0.073308,0.685622,0.021863,-0.051995,-0.051614,-0.05801,0.446148,-5.579095,0.021863,0.192974,-0.058014
2020-02-27,-4.432473,-5.007408,-3.053238,-2.383317,0.021818,0.485258,0.292522,-2.603869,0.0,-0.40846,0.021818,-2.850561,0.116127
2020-02-28,-0.603537,0.077816,-0.554274,-0.061575,-0.010956,1.121063,0.137257,-0.532331,-3.680203,-1.275418,-0.010956,-0.376676,0.661381
2020-02-29,,,,,,,,,,-0.841126,,,
2020-03-01,,,,,,,,,,-0.430893,,,
2020-03-02,,,,,,,,,,3.587941,,,
2020-03-03,-2.758318,-3.206773,-0.800197,-0.52419,0.021849,1.161991,1.130326,0.696652,3.143415,-0.923189,0.021849,-0.905511,0.60095
2020-03-04,4.144325,4.172255,2.747653,1.560595,0.043688,-0.219621,-0.135441,1.414736,0.190474,-0.370287,0.043688,2.582457,-0.022979
2020-03-05,-3.349791,-3.038208,-2.625109,-2.05547,0.021924,0.888783,0.322153,-0.440714,2.154633,3.695117,0.021924,-2.401213,0.379151
2020-03-06,-1.677138,-1.687216,-1.461334,-1.956007,0.0,1.01519,0.659249,0.873786,-0.062036,0.48226,0.0,-1.488111,0.686831
2020-03-07,,,,,,,,,,-2.3304,,,
2020-03-08,,,,,,,,,,-8.999349,,,
2020-03-09,,,,,,,,,,-2.275148,,,
2020-03-10,5.13208,5.445079,3.729436,5.137372,-0.02186,-1.835694,-2.506032,0.995536,-2.042079,-0.175614,-0.02186,3.870496,-1.344401
2020-03-11,-4.958116,-4.355509,-5.20525,-4.610175,0.021865,-0.997896,-2.14791,-1.519481,-0.442196,0.021501,0.021865,-4.968407,-1.894006
2020-03-12,-9.671752,-9.169134,-11.18031,-10.378608,0.01088,0.050835,-1.169446,-3.904737,-3.934009,-37.169539,0.01088,-10.744321,-5.438439
2020-03-13,9.342975,8.470571,6.309747,7.057675,0.021858,-0.651931,0.400505,2.696564,-3.104361,11.928067,0.021858,6.353909,4.220028
2020-03-14,,,,,,,,,,-6.530553,,,
2020-03-15,,,,,,,,,,3.691062,,,
2020-03-16,,,,,,,,,,-7.006916,,,
2020-03-17,6.547103,7.584159,4.537793,7.070697,0.0,-2.507261,-2.727061,-2.291011,1.307643,4.210794,0.0,5.173355,-2.068597
2020-03-18,-5.466342,-3.041598,-5.94857,-8.714003,0.02188,-1.38809,-1.429666,-1.205232,-2.309784,0.24512,0.02188,-6.791499,-2.413985
2020-03-19,0.086279,0.600202,1.47009,0.271964,-0.021876,0.328191,1.450402,1.349013,-1.808068,18.187756,-0.021876,1.125076,-0.061801
2020-03-20,-4.356881,-3.917612,-0.909687,0.840816,0.032786,2.547761,4.251729,1.511857,1.558076,0.12252,0.032786,-0.344385,1.695496
2020-03-21,,,,,,,,,,-0.221203,,,
2020-03-22,,,,,,,,,,-5.736584,,,
2020-03-23,,,,,,,,,,10.052049,,,
2020-03-24,9.536414,7.743777,8.895065,7.233584,0.0,-0.680236,0.541742,1.268125,5.347595,4.963733,0.0,8.380973,0.107168
2020-03-25,1.282705,-0.74053,3.60563,3.527256,0.0,0.058476,0.573663,-0.639938,-1.776654,-0.797955,0.0,3.615343,1.343942
2020-03-26,6.010039,5.266054,4.250041,4.426797,0.0,0.242047,0.41478,0.512852,1.550392,0.529518,0.0,3.925378,0.457708
2020-03-27,-3.071946,-3.439298,-3.072348,-5.715668,-0.021828,0.741128,-0.068853,0.364126,-0.699749,-3.672214,-0.021828,-3.450673,0.537363
2020-03-28,,,,,,,,,,-3.517953,,,
2020-03-29,,,,,,,,,,-5.12882,,,
2020-03-30,,,,,,,,,,8.574724,,,
2020-03-31,-1.485084,-0.853985,-0.418156,0.471702,0.010877,0.181431,-0.208243,-0.592187,-3.008965,0.136904,0.010877,-0.521597,-0.928636
2020-04-01,-4.505548,-4.248925,-4.439112,-4.052371,-0.008716,0.407131,0.312996,0.118351,1.056111,2.611292,-0.008716,-3.813166,0.516689
2020-04-02,2.33916,2.029483,1.914639,3.322145,0.010936,0.016423,1.369393,0.122157,1.567601,2.828129,0.010936,2.304288,0.467292
2020-04-03,-1.4777,-1.41927,-1.97106,-1.769685,-0.032755,0.073878,0.752402,-0.613973,0.514469,-0.886674,-0.032755,-2.082858,-0.046502
2020-04-04,,,,,,,,,,1.992164,,,
2020-04-05,,,,,,,,,,-1.112452,,,
2020-04-06,,,,,,,,,,7.077642,,,
2020-04-07,0.053385,-0.040712,0.566498,0.652296,-0.021835,-0.444857,0.119011,-0.711365,-0.622661,-1.311463,-0.021835,0.682393,0.092745
2020-04-08,3.394043,2.123232,0.948712,1.248223,0.01093,-0.124121,-0.509449,-0.082662,-0.814537,2.197254,0.01093,0.98151,0.254983
2020-04-09,1.484563,0.14459,2.143905,-0.260776,-0.021887,0.215404,0.87046,0.421575,2.337339,-0.436445,-0.021887,1.596868,1.09786
2020-04-10,,,,,,,,,,-5.979058,,,
2020-04-11,,,,,,,,,,-0.093368,,,
2020-04-12,,,,,,,,,,1.632999,,,
2020-04-13,,,,,,,,,,-1.808242,,,
2020-04-14,3.053028,4.349129,1.797063,2.282441,0.010909,0.132549,0.168791,0.321622,0.423215,-0.038128,0.010909,1.760407,0.0
2020-04-15,-2.176901,-1.146991,-3.246004,-2.370989,-0.010908,0.893631,0.13482,0.363536,-0.060206,-2.927585,-0.010908,-2.808369,0.493109
2020-04-16,0.5054,1.82399,0.117719,0.57142,-0.010929,0.106589,-0.774149,0.319419,-0.361443,7.14674,-0.010929,0.023131,0.05702
2020-04-17,2.759938,0.956612,2.821861,2.107025,0.02184,-0.262145,-0.542739,-0.159186,-1.813792,-0.289732,0.02184,2.611538,-0.136855
2020-04-18,,,,,,,,,,2.275596,,,
2020-04-19,,,,,,,,,,-0.940251,,,
2020-04-20,,,,,,,,,,-4.276647,,,
2020-04-21,-3.055687,-3.68997,-2.059793,-2.768671,0.0,0.278551,0.444278,0.371402,-0.673198,-0.023761,0.0,-2.148098,0.125851
2020-04-22,2.199625,2.967459,1.866154,2.654455,0.0,-0.31046,0.425309,0.508792,2.156503,3.442924,0.0,2.031773,-0.079972
2020-04-23,-0.019481,-0.213316,-0.174473,-0.211561,0.010909,0.065578,0.050803,0.0,0.723769,4.391007,0.010909,-0.228861,0.16004
2020-04-24,1.450743,1.57706,1.077769,-0.141333,-0.010908,0.024542,0.541845,0.379657,-0.299408,1.630966,-0.010908,0.825859,-0.034213
2020-04-25,,,,,,,,,,0.252091,,,
2020-04-26,,,,,,,,,,1.452207,,,
2020-04-27,,,,,,,,,,1.506978,,,
2020-04-28,-0.462325,-1.883474,0.795925,0.231158,0.0,0.436257,0.387813,0.306001,-0.604597,0.146974,0.0,0.717959,0.297899
2020-04-29,2.577308,3.546107,2.650871,2.744443,-0.010929,-0.049186,-0.117572,-0.324133,0.547446,12.731805,-0.010929,2.628622,0.068552
2020-04-30,-0.872141,-0.041102,-1.978005,-1.997731,0.02184,-0.23778,-0.672635,-0.879873,-1.693894,-1.61895,0.02184,-1.996911,-0.079927
2020-05-01,-2.725577,-2.818485,-2.214141,-3.38984,-0.017506,0.138268,-0.050769,-0.328033,0.738467,2.381609,-0.017506,-2.414197,-0.041221
2020-05-02,,,,,,,,,,1.396879,,,
2020-05-03,,,,,,,,,,-1.013817,,,
2020-05-04,,,,,,,,,,0.170673,,,
2020-05-05,0.92077,1.133712,0.257774,0.468829,0.0,-0.073954,0.118594,-0.123942,0.243599,1.014468,0.0,0.362564,-0.091576
2020-05-06,-0.6729,0.615652,-0.599846,-0.303316,0.010969,-0.36991,-0.38901,-0.321796,-1.09355,2.95112,0.010969,-0.406419,-0.446687
2020-05-07,1.182683,1.287675,1.522981,0.889323,-0.010968,0.610619,0.560278,0.0,1.535626,7.366214,-0.010968,1.224232,0.322165
2020-05-08,1.671939,1.37048,1.613368,1.971689,0.0,-0.328042,-0.101313,0.0,-0.66546,-1.093828,0.0,1.657317,-0.286712
2020-05-09,,,,,,,,,,-2.527461,,,
2020-05-10,,,,,,,,,,-8.729152,,,
2020-05-11,,,,,,,,,,-1.765957,,,
2020-05-12,-2.012479,-2.093692,-1.337393,-0.320497,0.0,0.330082,0.084743,-0.019426,0.42892,2.356271,0.0,-1.014353,0.322929
2020-05-13,-1.77292,-1.251575,-0.847231,-0.298589,0.0,0.205575,0.10163,0.466566,0.854187,5.287194,0.0,-0.735132,0.115042
2020-05-14,1.205869,1.135221,-0.740508,0.414653,0.010888,0.15594,0.135353,-0.038699,0.967936,5.002535,0.010888,-0.426381,0.275643
2020-05-15,0.450624,0.649139,0.028665,-1.307639,-0.021854,-0.06556,0.152048,-0.019336,0.599163,-4.16618,-0.021854,-0.338061,0.057281
2020-05-16,,,,,,,,,,0.523321,,,
2020-05-17,,,,,,,,,,3.1324,,,
2020-05-18,,,,,,,,,,0.57737,,,
2020-05-19,-0.944348,-0.250614,-1.075871,-0.784579,0.0,0.280573,0.050657,-0.070895,0.779839,0.025321,0.0,-1.023087,0.126124
2020-05-20,1.631162,1.996805,1.812624,1.287834,0.0,0.024668,0.236311,-0.445553,0.238101,-2.117955,0.0,1.693438,0.263514
2020-05-21,-0.71822,-1.089063,-1.095584,-0.914548,0.010969,0.065823,-0.134729,0.297046,-1.365793,-4.63321,0.010969,-0.994839,0.102761
2020-05-22,0.225132,0.345184,-0.276938,-2.003618,-0.010968,0.189029,0.151757,0.375138,0.602038,1.110087,-0.010968,-0.72082,0.034285
2020-05-23,,,,,,,,,,0.290877,,,
2020-05-24,,,,,,,,,,-4.548875,,,
2020-05-25,,,,,,,,,,1.32607,,,
2020-05-26,,,,,,,,,,-0.807032,,,
2020-05-27,1.458,0.545763,1.05177,0.246978,-0.010968,0.082264,0.033761,0.465923,0.121362,3.915821,-0.010968,0.920552,0.045657
2020-05-28,-0.197122,-0.130275,0.667225,-0.60469,0.0,-0.090411,0.270286,-0.642161,0.24243,3.75485,0.0,0.445489,0.034256
2020-05-29,0.448831,1.465287,-0.132592,1.487131,0.0,0.320875,0.0,0.179551,0.846429,-0.909398,0.0,0.126747,0.285196
2020-05-30,,,,,,,,,,2.76816,,,
2020-05-31,,,,,,,,,,-2.467477,,,
2020-06-01,,,,,,,,,,7.464386,,,
2020-06-02,0.822167,0.670765,1.091206,2.430542,0.002994,-0.164271,-0.151348,-0.719711,-0.775663,-6.269775,0.002994,1.486687,0.079819
2020-06-03,1.320239,0.449871,2.31303,2.224581,0.002036,-0.592252,-0.336704,-1.216285,-1.803964,1.331759,0.002036,2.156673,-0.227901
2020-06-04,-0.254317,-0.701369,-0.552644,-1.347145,0.0,-0.397169,-0.456176,-0.399535,1.163506,1.490351,0.0,-0.697081,-0.239876
2020-06-05,2.556832,1.982737,1.970211,2.60504,-0.00503,-0.498499,0.084883,0.0,-2.118646,-1.378518,-0.00503,1.945464,-0.011418
2020-06-06,,,,,,,,,,-0.122637,,,
2020-06-07,,,,,,,,,,1.089459,,,
2020-06-08,,,,,,,,,,0.12949,,,
2020-06-09,-0.710046,0.724482,-1.297462,-0.75113,0.0,0.358623,0.067739,-0.08142,0.979191,0.247771,0.0,-1.089031,0.068595
2020-06-10,-0.623626,1.200163,-0.173601,0.695438,0.00503,0.747975,0.795142,0.244428,1.333329,0.759461,0.00503,-0.118018,0.422892
2020-06-11,-5.763561,-4.95492,-5.490665,-5.301626,0.0,0.354689,0.0,-0.284432,-0.598077,-5.555301,0.0,-5.393684,-0.182086
2020-06-12,1.205107,0.794796,1.708722,2.273688,0.0,-0.2219,-0.23502,0.122236,0.300838,1.706353,0.0,1.935094,0.102619
2020-06-13,,,,,,,,,,-0.058712,,,
2020-06-14,,,,,,,,,,-0.933896,,,
2020-06-15,,,,,,,,,,0.680894,,,
2020-06-16,1.956015,1.71727,1.339892,0.662544,0.0,-0.206166,0.033627,-0.203508,-0.12034,0.923976,0.0,1.141931,-0.125116
2020-06-17,-0.458757,0.317085,0.228806,0.93419,0.005002,0.157028,-0.100887,-0.40375,0.180716,-0.605676,0.005002,0.262067,0.022852
2020-06-18,0.090788,0.270907,-0.456626,0.042067,0.003961,0.222701,0.437581,-0.331672,-0.120256,-0.721648,0.003961,-0.221167,0.113758
2020-06-19,-0.58956,-0.016366,-0.458697,0.063064,0.001031,0.032927,0.167571,0.546414,1.083686,-1.315601,0.001031,-0.403076,0.034115
2020-06-20,,,,,,,,,,0.477198,,,
2020-06-21,,,,,,,,,,-0.30765,,,
2020-06-22,,,,,,,,,,3.709175,,,
2020-06-23,0.453156,0.851094,0.483335,0.851174,0.0,-0.032909,0.133568,-0.244395,0.888635,-0.197535,0.0,0.602417,-0.04542
2020-06-24,-2.557545,-2.061547,-2.4557,-1.296837,0.0,0.189444,-0.083391,-0.355265,-0.176164,-3.282026,0.0,-2.155679,0.011342
2020-06-25,1.057715,0.951929,1.323653,0.417099,0.0,0.01641,0.050049,0.295076,-0.2353,-0.523931,0.0,1.019991,0.102327
2020-06-26,-2.343571,-2.361496,-1.511274,-1.10074,-0.005002,0.271314,0.116757,0.143022,0.471709,-1.099812,-0.005002,-1.312609,0.181787
2020-06-27,,,,,,,,,,-1.282641,,,
2020-06-28,,,,,,,,,,1.085541,,,
2020-06-29,,,,,,,,,,0.517002,,,
2020-06-30,1.333532,1.960145,-0.025788,-0.501673,0.0,-0.180217,-0.166312,0.444333,0.468933,-0.575151,0.0,-0.182688,0.101988
2020-07-01,0.684496,1.167193,0.335153,1.302539,-0.003998,-0.156032,0.049949,-0.645275,-0.525088,0.988532,-0.003998,0.508416,0.024924
2020-07-02,0.504618,0.678678,1.002053,2.260465,0.005997,0.123375,0.299773,0.057191,0.175957,-1.136881,0.005997,1.477162,0.158751
2020-07-03,,,,,,,,,,-0.395756,,,
2020-07-04,,,,,,,,,,0.497227,,,
2020-07-05,,,,,,,,,,-0.641073,,,
2020-07-06,,,,,,,,,,3.323056,,,
2020-07-07,-1.036913,-0.688881,-1.375996,-1.692605,0.0,0.320902,0.082867,0.340656,0.639899,-1.314038,0.0,-1.384838,0.158543
2020-07-08,0.742489,1.317156,0.811771,2.473775,0.0,-0.155837,-0.248426,0.169723,0.635842,1.902836,0.0,1.285618,-0.056522
2020-07-09,-0.509681,0.842342,-1.157542,-0.077253,0.009995,0.320353,0.265623,0.363138,-0.229747,-1.594823,0.009995,-0.878749,0.271501
2020-07-10,1.003795,0.682745,0.941982,-0.541162,0.003925,-0.19652,-0.149059,-0.180902,-0.287859,0.009052,0.003925,0.512221,-0.112844
2020-07-11,,,,,,,,,,-0.414503,,,
2020-07-12,,,,,,,,,,0.391255,,,
2020-07-13,,,,,,,,,,-0.354506,,,
2020-07-14,1.338381,0.7078,1.394533,0.136744,-0.004992,-0.008175,0.033068,0.181878,0.577036,-0.004332,-0.004992,1.124489,0.124263
2020-07-15,0.88726,0.203552,1.125285,0.312129,0.0,-0.032782,-0.066146,0.423647,0.0,-0.545016,0.0,0.877874,0.011255
2020-07-16,-0.2909,-0.682253,-0.618226,-1.380772,0.0,0.073822,0.148919,-0.381662,-0.860583,-0.659311,0.0,-0.889549,0.067638
2020-07-17,0.26462,0.115787,0.497648,0.512735,0.0,-0.024626,0.264415,0.04033,0.868053,0.209862,0.0,0.565858,0.101341
2020-07-18,,,,,,,,,,0.083566,,,
2020-07-19,,,,,,,,,,0.29236,,,
2020-07-20,,,,,,,,,,-0.234992,,,
2020-07-21,0.208021,-1.042048,0.393872,0.967857,0.0,0.106471,0.280018,0.747962,1.142198,2.298679,0.0,0.558879,0.056242
2020-07-22,0.569255,0.352268,0.269737,-0.383433,0.0,0.032728,0.065693,0.327313,1.581032,1.605092,0.0,0.038342,0.134835
2020-07-23,-1.195356,-2.612006,-0.831483,-0.769819,0.0,0.098121,0.016439,0.354097,0.833794,0.584849,0.0,-0.766304,0.089783
2020-07-24,-0.647028,-0.949592,-0.493218,-0.135754,0.0,-0.049027,-0.016436,0.043583,0.882028,-0.461114,0.0,-0.366786,-0.022405
2020-07-25,,,,,,,,,,1.470298,,,
2020-07-26,,,,,,,,,,2.35663,,,
2020-07-27,,,,,,,,,,10.961007,,,
2020-07-28,-0.619589,-1.272488,-0.464499,-0.918302,0.0,0.237428,0.164171,0.236542,0.857448,-0.710133,0.0,-0.706778,0.044933
2020-07-29,1.209638,1.152593,1.056024,1.679842,0.004993,0.130675,0.229455,0.279244,0.69076,1.719487,0.004993,1.269711,0.156997
2020-07-30,-0.364942,0.523548,-1.336549,-1.177338,-0.004992,0.138684,0.114469,0.039211,-0.686021,0.096808,-0.004992,-1.253791,0.056011
2020-07-31,0.836697,1.784581,-1.945833,-0.63415,0.004993,0.024403,0.245026,0.04706,0.903295,1.910259,0.004993,-1.481338,0.134338
2020-08-01,,,,,,,,,,3.851523,,,
2020-08-02,,,,,,,,,,-6.003427,,,
2020-08-03,,,,,,,,,,1.743632,,,
2020-08-04,0.420541,0.371203,0.79009,1.171059,0.0,0.342444,0.244093,1.005419,2.210527,-0.359726,0.0,0.769983,0.212866
2020-08-05,0.62321,0.247769,0.538946,1.252374,0.0,-0.33314,0.081174,0.138919,0.926881,4.828976,0.0,0.592177,-0.134176
2020-08-06,0.671849,1.324502,0.219301,0.281089,0.0,0.114158,0.097344,0.0,1.27551,0.278802,0.0,0.30382,0.156695
2020-08-07,0.052061,-1.154251,-0.41336,-1.887494,0.005038,-0.211808,-0.291693,-1.059539,-1.612089,-1.513618,0.005038,-0.889807,-0.111751
2020-08-08,,,,,,,,,,1.31512,,,
2020-08-09,,,,,,,,,,-0.66621,,,
2020-08-10,,,,,,,,,,1.73327,,,
2020-08-11,-0.807559,-1.894137,0.413438,-0.322872,0.0,-0.343116,-0.211476,-1.829514,-5.338804,-3.936534,0.0,0.228503,-0.347237
2020-08-12,1.369995,2.515155,1.985948,1.238562,0.005038,-0.295156,0.081473,-0.198709,-0.433839,1.528494,0.005038,1.824062,-0.258528
2020-08-13,-0.170973,0.22806,-0.427436,-0.338801,0.0,-0.205555,-0.309404,-0.15526,2.233115,1.719502,0.0,-0.429193,-0.326789
2020-08-14,0.0,-0.117419,-0.620087,-0.07552,0.004983,0.04944,-0.163415,-0.067803,-0.372934,-0.129552,0.004983,-0.487245,-0.113084
2020-08-15,,,,,,,,,,0.822739,,,
2020-08-16,,,,,,,,,,0.228436,,,
2020-08-17,,,,,,,,,,3.040483,,,
2020-08-18,0.209333,0.962512,-0.023829,0.0,-0.004983,0.172614,0.48998,0.625762,0.942904,-2.147546,-0.004983,-0.037326,0.135672
2020-08-19,-0.424244,-0.6727,-0.547845,-1.196018,0.006972,-0.131329,-0.341309,-1.212215,-3.11365,-1.942671,0.006972,-0.615906,-0.16934
2020-08-20,0.316315,1.387154,-0.31138,-0.43504,-0.006972,0.287649,-0.048906,0.36653,0.535621,1.021313,-0.006972,-0.262882,0.169627
2020-08-21,0.357117,0.693014,-0.528587,0.474932,0.0,0.073784,0.326306,-0.027778,-0.6926,-2.406751,0.0,-0.225964,0.214472
2020-08-22,,,,,,,,,,0.770636,,,
2020-08-23,,,,,,,,,,-0.145333,,,
2020-08-24,,,,,,,,,,0.940844,,,
2020-08-25,0.349102,0.786189,0.214756,1.065236,0.004983,-0.237778,-0.06493,-0.051568,0.107925,-3.469002,0.004983,0.373153,-0.191695
2020-08-26,1.021516,2.133926,0.738291,0.166416,-0.014994,-0.04113,0.227408,0.357169,1.2399,1.075375,-0.014994,0.52044,-0.056536
2020-08-27,0.200387,-0.31169,-1.016557,-0.793789,0.020007,-0.353614,-0.405139,-0.648503,-1.171465,-1.435938,0.020007,-0.869101,-0.361803
2020-08-28,0.649845,0.508494,0.692612,1.302564,-0.009992,0.165097,0.309142,0.6766,1.778017,1.934954,-0.009992,0.914006,0.07946
2020-08-29,,,,,,,,,,-0.308727,,,
2020-08-30,,,,,,,,,,1.778422,,,
2020-08-31,,,,,,,,,,-0.262012,,,
2020-09-01,0.934502,1.709149,0.143328,1.744848,-0.013032,0.327737,0.106748,0.335276,0.0528,2.479776,-0.013032,0.598383,0.27518
2020-09-02,1.456735,0.946943,1.216299,-0.313506,0.01004,0.139592,-0.03233,0.530651,-1.372033,-4.648472,0.01004,0.836385,0.214537
2020-09-03,-3.46172,-5.070037,-2.262018,-1.812793,0.004965,0.131153,-0.3394,-0.703821,-0.802566,-10.239476,0.004965,-2.175086,0.011251
2020-09-04,-0.800357,-1.332579,0.192842,0.056523,0.0,-0.556669,-0.27571,-0.838753,0.431499,2.601356,0.0,0.207289,-0.585902
2020-09-05,,,,,,,,,,-3.255824,,,
2020-09-06,,,,,,,,,,1.08937,,,
2020-09-07,,,,,,,,,,0.86779,,,
2020-09-08,,,,,,,,,,-2.295631,,,
2020-09-09,1.972757,2.9376,1.729585,1.301959,0.004992,-0.049265,0.03248,0.318857,1.02371,1.093924,0.004992,1.697826,-0.067952
2020-09-10,-1.748829,-1.993691,-1.101495,-1.493128,-0.004992,0.123231,0.097416,-0.174813,-0.373332,1.179329,-0.004992,-1.238025,0.022676
2020-09-11,0.074978,-0.693977,0.920103,0.901785,0.0,0.155994,-0.08111,0.035823,0.053534,0.364526,0.0,0.930663,0.101927
2020-09-12,,,,,,,,,,0.396656,,,
2020-09-13,,,,,,,,,,-1.134008,,,
2020-09-14,,,,,,,,,,3.458838,,,
2020-09-15,0.514495,1.417363,0.619611,1.04729,0.0,-0.049204,0.048751,-0.280412,-0.212422,1.087118,0.0,0.690295,0.056579
2020-09-16,-0.403084,-1.594672,0.0,-0.203584,0.0,-0.057468,0.048728,-0.930667,0.266095,1.648188,0.0,-0.148223,-0.022656
2020-09-17,-0.873745,-1.562185,0.142118,-0.296739,0.0,0.032818,0.064891,-0.31582,-0.583867,-0.23613,0.0,-0.037126,0.0
2020-09-18,-1.163339,-1.276308,-0.709583,-0.837026,0.0,-0.09026,-0.081105,-0.160408,0.106783,-0.040226,0.0,-0.742523,-0.113067
2020-09-19,,,,,,,,,,1.368355,,,
2020-09-20,,,,,,,,,,-1.406799,,,
2020-09-21,,,,,,,,,,-4.3518,,,
2020-09-22,1.010946,1.857856,-0.024543,-0.832245,0.0,0.0,-0.032543,-0.149996,-0.381065,0.728334,0.0,-0.19187,0.033938
2020-09-23,-2.316711,-3.053447,-1.031226,-1.659354,0.0,0.0,-0.048839,-0.897199,-2.131144,-2.773398,0.0,-1.211068,-0.226217
2020-09-24,0.275443,0.465627,-0.148805,-0.387887,0.0,0.049174,0.097685,-0.303152,0.335005,5.015328,0.0,-0.175151,0.011338
2020-09-25,1.601353,2.324928,0.372634,-0.019469,0.004992,0.081977,0.113883,-0.073947,-0.333887,-0.625922,0.004992,0.370369,-0.011337
2020-09-26,,,,,,,,,,0.542489,,,
2020-09-27,,,,,,,,,,0.228319,,,
2020-09-28,,,,,,,,,,-0.608961,,,
2020-09-29,-0.570283,-0.450936,-0.146131,0.03849,0.0,0.073727,0.1784,0.145957,0.828727,1.260436,0.0,-0.134112,0.067998
2020-09-30,0.769753,0.684875,-0.243882,1.557973,0.0,-0.270196,-0.24281,-0.417063,-0.547947,-0.554646,0.0,0.095913,-0.15846
2020-10-01,0.633835,1.587294,0.586799,0.946986,9e-06,0.0567,-0.003265,0.58556,0.881542,-1.530337,9e-06,0.805069,0.10223
2020-10-02,-0.930259,-2.813112,-0.218781,-1.219524,-0.004983,-0.098527,-0.01627,0.012104,-0.109222,-0.409414,-0.004983,-0.437347,-0.068084
2020-10-03,,,,,,,,,,-0.251944,,,
2020-10-04,,,,,,,,,,1.13992,,,
2020-10-05,,,,,,,,,,1.159903,,,
2020-10-06,-1.397031,-1.784666,-1.03142,0.149976,-0.004015,0.231561,0.032659,-0.490961,-1.19695,-1.750465,-0.004015,-0.715257,0.136762
2020-10-07,1.715827,1.729897,0.945224,1.104243,0.0,-0.288782,-0.048969,0.016303,-0.110135,0.608827,0.0,1.004756,-0.136576
2020-10-08,0.884975,0.532315,0.744311,0.777491,0.0,0.182051,0.375437,0.004094,0.385886,2.312471,0.0,0.694438,0.170903
2020-10-09,0.889862,1.527986,0.667292,0.771485,0.0,-0.04959,0.032566,0.945767,1.812201,1.362924,0.0,0.689674,0.022736
2020-10-10,,,,,,,,,,2.09593,,,
2020-10-11,,,,,,,,,,0.777421,,,
2020-10-12,,,,,,,,,,1.50368,,,
2020-10-13,-0.639462,-0.003402,-1.107192,-0.452398,0.0,0.222865,0.097507,-0.465334,-1.567573,-1.120379,0.0,-0.864906,0.07946
2020-10-14,-0.624892,-0.835269,-0.214371,-0.618065,0.0,0.03296,-0.048706,-0.564188,0.219665,0.031572,0.0,-0.334133,0.056729
2020-10-15,-0.118885,-0.671094,-1.098124,-0.786529,0.0,-0.107029,-0.016272,-0.579546,0.438356,0.576077,0.0,-1.043016,-0.056696
2020-10-16,-0.084558,-0.54808,0.313775,0.424035,0.0,-0.057707,0.032495,0.648153,-0.436443,-1.506927,0.0,0.414069,-0.079397
2020-10-17,,,,,,,,,,0.317772,,,
2020-10-18,,,,,,,,,,1.102806,,,
2020-10-19,,,,,,,,,,2.252631,,,
2020-10-20,0.394721,0.214967,0.555862,1.140519,0.0,-0.214787,-0.113904,0.432659,0.492612,1.484392,0.0,0.753148,-0.170497
2020-10-21,-0.180698,-0.077348,-0.336458,0.381986,0.0,-0.132481,0.016304,0.971346,0.816991,7.614376,0.0,-0.280307,-0.113792
2020-10-22,0.549477,-0.003548,0.096443,-0.108724,0.0,-0.348139,-0.17919,-0.016083,-1.026475,1.108902,0.0,0.018718,-0.170993
2020-10-23,0.341139,0.19706,0.554088,0.526015,0.005001,0.141407,0.032654,0.374398,-0.054586,-0.264945,0.005001,0.562111,0.125612
2020-10-24,,,,,,,,,,1.365061,,,
2020-10-25,,,,,,,,,,-0.586575,,,
2020-10-26,,,,,,,,,,0.338221,,,
2020-10-27,-0.330309,0.780879,-0.756782,0.438581,0.0,0.223685,0.130219,-0.048473,0.27323,4.42799,0.0,-0.360043,0.239126
2020-10-28,-3.443045,-3.898681,-2.927441,-2.401742,0.0,-0.00825,-0.130049,-0.311417,-1.68937,-2.804508,0.0,-2.852792,-0.136353
2020-10-29,1.053078,1.748636,0.481507,0.876215,0.0,-0.421642,-0.293126,0.150095,-0.332602,1.255324,0.0,0.606883,-0.216104
2020-10-30,-1.124551,-2.536244,-0.504406,-1.182764,0.0,-0.323766,-0.293972,-0.392899,0.38932,0.808458,0.0,-0.817289,-0.171023
2020-10-31,,,,,,,,,,1.73087,,,
2020-11-01,,,,,,,,,,-0.318451,,,
2020-11-02,,,,,,,,,,-1.358511,,,
2020-11-03,1.763886,1.72974,2.554458,0.516609,-0.005,-0.224648,-0.049122,0.219536,0.603736,2.950532,-0.005,1.934964,-0.022782
2020-11-04,2.251674,4.463847,1.025642,2.991927,0.0,0.842234,0.065518,-0.279898,-0.109113,1.314712,0.0,1.556597,0.685437
2020-11-05,1.958107,2.607109,2.417217,1.728741,0.0,-0.016539,0.098189,1.562235,2.348445,10.231863,0.0,2.168219,0.102151
2020-11-06,-0.012434,0.074737,0.212419,0.437981,0.0,-0.339086,-0.408786,0.821179,0.106726,-0.089653,0.0,0.311014,-0.226713
2020-11-07,,,,,,,,,,-4.703408,,,
2020-11-08,,,,,,,,,,4.353675,,,
2020-11-09,,,,,,,,,,-0.951267,,,
2020-11-10,-0.128955,-1.791422,0.733607,-1.107462,-0.005,-0.284277,0.098795,-0.363626,0.278547,-0.270103,-0.005,0.321531,-0.194001
2020-11-11,0.703895,2.23692,0.842041,0.577425,0.0,0.159327,0.180993,-0.060802,-0.388887,2.684194,0.0,0.694444,0.0686
2020-11-12,-0.924825,-0.469356,-1.444388,-0.730682,0.0,0.569222,0.213474,0.03651,0.501953,3.662133,0.0,-1.343929,0.331423
2020-11-13,1.358583,0.87724,1.419764,1.384493,0.0,-0.133195,0.032746,1.06266,0.776911,0.254755,0.0,1.398091,0.034179
2020-11-14,,,,,,,,,,-1.530046,,,
2020-11-15,,,,,,,,,,-0.700459,,,
2020-11-16,,,,,,,,,,4.766502,,,
2020-11-17,-0.498502,-0.317207,-0.044608,-0.102389,0.0,0.258515,0.180419,0.336996,-0.330758,5.559277,0.0,0.0,0.170728
2020-11-18,-1.213234,-0.739012,-0.535218,-0.256232,0.005001,-0.033249,0.016363,-0.079956,-0.497788,0.898815,0.005001,-0.47135,0.113593
2020-11-19,0.418528,0.782456,0.605405,0.205507,-0.005,0.108206,0.13095,-0.040005,-0.277928,0.073489,-0.005,0.578836,0.204231
2020-11-20,-0.669313,-0.684015,0.334306,0.495644,0.0,0.174573,0.163466,0.020005,0.390188,4.513782,0.0,0.313928,0.090655
2020-11-21,,,,,,,,,,0.112333,,,
2020-11-22,,,,,,,,,,-1.460289,,,
2020-11-23,,,,,,,,,,-0.032013,,,
2020-11-24,1.619864,1.405001,1.598209,1.407014,0.0,-0.157949,0.0,0.57126,-1.642124,4.047805,0.0,1.475705,-0.10188
2020-11-25,-0.164784,0.614663,-0.19662,-0.48479,-0.009982,0.0333,0.163287,-0.25601,-0.057572,-1.964383,-0.009982,-0.342174,-0.045343
2020-11-26,,,,,,,,,,-8.442707,,,
2020-11-27,,,,,,,,,,-0.246176,,,
2020-11-28,,,,,,,,,,3.559723,,,
2020-11-29,,,,,,,,,,2.596713,,,
2020-11-30,,,,,,,,,,7.967833,,,
2020-12-01,1.100292,1.281629,2.151226,1.944725,-0.004982,-0.531963,-0.205075,1.215187,2.166281,-4.192626,-0.004982,2.264812,-0.302232
2020-12-02,0.211111,0.128506,0.151996,0.184079,0.0,-0.167122,0.130493,-0.203425,0.744981,2.117182,0.0,0.068139,-0.170315
2020-12-03,-0.029667,0.141491,0.346821,1.018882,0.004973,0.26784,0.276912,0.663475,0.682599,1.272358,0.004973,0.45965,0.193336
2020-12-04,0.860746,0.407553,0.972174,1.041665,0.0,-0.39236,-0.194937,0.115135,-0.225994,-3.834495,0.0,0.915102,-0.261063
2020-12-05,,,,,,,,,,2.430324,,,
2020-12-06,,,,,,,,,,0.996598,,,
2020-12-07,,,,,,,,,,-0.793431,,,
2020-12-08,0.28894,0.338465,0.237048,0.032747,0.0,0.100283,0.178541,-0.063591,0.390841,-4.53576,0.0,0.253152,0.034077
2020-12-09,-0.887801,-2.264089,0.129007,-0.736616,0.0,-0.141918,-0.081011,-0.246559,-1.668516,1.270507,0.0,-0.117834,-0.170411
2020-12-10,-0.047453,0.401582,0.214732,1.253303,0.004973,0.22571,0.178422,1.008584,-0.22625,-1.557212,0.004973,0.438229,0.204867
2020-12-11,-0.127617,-0.221467,-0.342837,-0.635177,0.0,0.200087,0.016209,-0.588065,0.226763,-1.128322,0.0,-0.486631,0.158998
2020-12-12,,,,,,,,,,4.124015,,,
2020-12-13,,,,,,,,,,1.801387,,,
2020-12-14,,,,,,,,,,0.544664,,,
2020-12-15,1.382042,1.068963,1.096307,1.100182,0.0,-0.099943,0.17806,1.120075,1.479796,0.885514,0.0,1.07906,0.045362
2020-12-16,0.153103,0.549938,0.340164,0.379231,0.010037,-0.083337,-0.016138,0.545971,0.504768,9.751836,0.010037,0.250226,-0.101998
2020-12-17,0.543875,0.653773,0.65694,0.755574,-0.004042,-0.072664,0.042107,0.695374,1.116076,7.013245,-0.004042,0.698828,0.022663
2020-12-18,-0.400591,-0.302213,-0.589455,-0.326046,0.0,-0.083504,0.016181,-0.263815,-0.165567,1.459314,0.0,-0.396575,-0.034044
2020-12-19,,,,,,,,,,3.163075,,,
2020-12-20,,,,,,,,,,-1.64449,,,
2020-12-21,,,,,,,,,,-2.871766,,,
2020-12-22,-0.197166,0.27191,-0.324097,-0.712739,0.0,0.167118,0.064765,-0.904891,-0.776491,4.297433,0.0,-0.2884,0.158848
2020-12-23,0.079947,-0.503625,1.127248,0.984957,-0.004982,-0.208555,0.04855,0.96081,0.670771,-2.277606,-0.004982,0.935705,-0.112564
2020-12-24,0.399632,0.441284,0.257239,-0.281037,0.0,0.14212,0.048519,-0.377532,0.333145,2.128119,0.0,0.050565,0.17075
2020-12-25,,,,,,,,,,3.913228,,,
2020-12-26,,,,,,,,,,7.185328,,,
2020-12-27,,,,,,,,,,-0.623149,,,
2020-12-28,,,,,,,,,,3.092663,,,
2020-12-29,-0.210451,0.089564,0.786226,1.305784,0.0,-0.016635,-0.04848,0.789385,0.277619,1.025036,0.0,0.837257,0.034093
2020-12-30,0.134765,0.003166,0.210836,1.321588,0.004982,0.066774,0.032351,1.074537,0.775201,5.40345,0.004982,0.547973,0.068184
2020-12-31,0.538208,0.246049,-0.67327,-0.096618,0.0,0.066685,0.290776,-0.467303,0.43956,0.557428,0.0,-0.644101,0.136243
2021-01-01,,,,,,,,,,1.284171,,,
2021-01-02,,,,,,,,,,9.372578,,,
2021-01-03,,,,,,,,,,2.038007,,,
2021-01-04,,,,,,,,,,-2.4712,,,
2021-01-05,0.657748,0.824403,1.137297,2.158619,0.0,-0.233384,-0.096491,2.531343,0.214013,6.319658,0.0,1.454074,-0.170333
2021-01-06,0.606576,-1.385213,1.082881,-0.735644,-0.004982,-0.584753,-0.273649,-0.65529,-1.494921,8.331071,-0.004982,0.537449,-0.443575
2021-01-07,1.494179,2.419182,0.288441,0.788396,0.004982,-0.352954,-0.032299,-0.356688,-0.325211,6.915747,0.004982,0.421195,-0.205673
2021-01-08,0.562487,1.285818,0.94492,2.534428,0.0,-0.286734,-0.403679,1.046891,-3.371392,3.62339,0.0,1.274385,-0.091609
2021-01-09,,,,,,,,,,-1.331114,,,
2021-01-10,,,,,,,,,,-4.715257,,,
2021-01-11,,,,,,,,,,-7.273316,,,
2021-01-12,0.008616,-0.159028,0.474232,0.927793,0.0,-0.016919,0.09744,0.873254,0.5637,-4.62145,0.0,0.516574,-0.022955
2021-01-13,0.249879,0.675361,-0.184687,0.199174,-0.004982,0.347451,0.210912,-0.375407,-0.44843,10.00325,-0.004982,-0.016079,0.263888
2021-01-14,-0.338084,-0.534744,0.760687,0.932715,0.0,-0.227995,0.032369,0.699801,-0.056308,5.013803,0.0,0.88339,-0.125848
2021-01-15,-0.712953,-0.792133,-1.611894,-1.33312,0.004982,0.27088,0.129491,-1.81366,-1.126765,-6.027359,0.004982,-1.52841,0.08015
2021-01-16,,,,,,,,,,-1.757556,,,
2021-01-17,,,,,,,,,,-1.069329,,,
2021-01-18,,,,,,,,,,2.343579,,,
2021-01-19,,,,,,,,,,-1.529534,,,
2021-01-20,1.358818,2.326094,0.761921,1.75572,0.004982,0.042179,0.177412,1.359836,1.696828,-1.447345,0.004982,1.088526,-0.011445
2021-01-21,0.09356,0.799923,0.224831,0.342114,0.0,-0.143391,0.209194,0.25012,-0.055619,-13.283684,0.0,0.126657,-0.137246
2021-01-22,-0.356819,-0.288029,-0.693309,-0.904233,0.0,0.152069,-0.192743,-0.907295,-0.779073,7.072224,0.0,-0.680039,0.045836
2021-01-23,,,,,,,,,,-2.842289,,,
2021-01-24,,,,,,,,,,0.691464,,,
2021-01-25,,,,,,,,,,0.238511,,,
2021-01-26,-0.149997,0.146305,0.041117,-0.712773,0.0,-0.033599,-0.112346,-0.521589,-0.22422,0.628606,0.0,-0.190804,-0.011378
2021-01-27,-2.426308,-2.787706,-2.341358,-2.677251,0.0,0.117637,-0.016059,-1.415983,-0.61797,-6.562212,0.0,-2.325944,0.0
2021-01-28,0.839544,0.591698,0.778096,0.706941,0.0,-0.260157,0.128552,0.582296,0.11305,9.968113,0.0,0.701357,-0.079937
2021-01-29,-2.002166,-2.103826,-2.191125,-2.59423,0.0,-0.176689,-0.080257,-1.46661,-0.056456,2.540748,0.0,-2.316171,-0.080011
2021-01-30,,,,,,,,,,-0.136562,,,
2021-01-31,,,,,,,,,,-3.37082,,,
2021-02-01,,,,,,,,,,1.276837,,,
2021-02-02,1.437402,1.631423,1.115096,1.386758,-0.004991,-0.252713,0.064335,0.642715,-1.120452,5.883361,-0.004991,1.205187,-0.12601
2021-02-03,0.099794,-0.396734,0.270483,0.511058,0.0,-0.24494,-0.016064,0.827113,-0.169965,5.524598,0.0,0.370145,-0.17199
2021-02-04,1.119364,1.182666,0.041517,0.014949,0.0,-0.033822,-0.096453,-0.133517,-2.156646,-1.457147,0.0,0.096201,0.022992
2021-02-05,0.39997,0.339157,0.746726,0.762562,0.004991,-0.211723,-0.016113,1.088855,0.986079,3.299139,0.004991,0.688775,-0.137845
2021-02-06,,,,,,,,,,2.940683,,,
2021-02-07,,,,,,,,,,-0.923369,,,
2021-02-08,,,,,,,,,,18.746474,,,
2021-02-09,-0.080753,-0.020981,0.572831,0.976606,-0.004991,0.076354,0.048207,0.684345,0.28441,0.616152,-0.004991,0.679859,-0.045931
2021-02-10,-0.039027,-0.227868,-0.22376,0.351719,0.004991,0.254329,0.080348,0.007471,0.39706,-3.362489,0.004991,-0.125639,0.160859
2021-02-11,0.161737,0.549937,0.652406,1.007595,0.0,-0.076125,-0.128428,0.377163,-0.903954,6.659104,0.0,0.75473,-0.103245
2021-02-12,0.509431,0.558907,0.465857,0.144556,0.0,-0.330022,-0.144683,1.060276,-0.228055,-0.844262,0.0,0.483751,-0.26417
2021-02-13,,,,,,,,,,-0.840621,,,
2021-02-14,,,,,,,,,,3.421624,,,
2021-02-15,,,,,,,,,,-1.585126,,,
2021-02-16,,,,,,,,,,2.617188,,,
2021-02-17,0.022168,-0.479809,-0.621232,-0.014391,-0.004991,0.068433,-0.032335,-0.40585,-1.102091,5.994196,-0.004991,-0.432902,0.208286
2021-02-18,-0.426864,-0.437227,-0.64532,-1.238289,0.004991,-0.00856,-0.420693,-0.657154,0.058652,-0.89975,0.004991,-0.838516,-0.057731
2021-02-19,-0.183712,-0.436129,0.466839,0.670629,0.0,-0.401645,-0.406284,0.591295,0.410315,8.143097,0.0,0.563745,-0.346583
2021-02-20,,,,,,,,,,0.378232,,,
2021-02-21,,,,,,,,,,2.567626,,,
2021-02-22,,,,,,,,,,-5.791846,,,
2021-02-23,0.12652,-0.297716,0.04056,0.506841,0.0,0.077381,0.0,0.340041,-0.172605,-9.930199,0.0,0.251802,-0.023259
2021-02-24,1.106029,0.82429,0.364549,-0.608126,0.004982,-0.137445,-0.114149,0.542927,-0.172915,1.804233,0.004982,0.031393,-0.058214
2021-02-25,-2.398929,-3.486237,-1.695231,-2.163867,-0.009972,-1.332975,-1.207974,-0.260918,-1.789835,-5.253924,-0.009972,-1.804755,-0.872545
2021-02-26,-0.54903,0.418765,-1.437077,-1.265993,0.004991,0.897743,1.222744,-3.110466,-2.410346,-1.601249,0.004991,-1.390461,0.868526
2021-02-27,,,,,,,,,,-0.32652,,,
2021-02-28,,,,,,,,,,-2.274775,,,
2021-03-01,,,,,,,,,,9.955017,,,
2021-03-02,-0.773502,-1.603866,-0.040862,-0.993376,0.0,0.181744,0.360163,-0.496237,0.543808,-2.523116,0.0,-0.396511,-0.011645
2021-03-03,-1.319843,-2.902016,-0.613251,-0.152033,-0.020014,-0.535543,-0.212071,0.688513,-0.961538,4.463206,-0.020014,-0.477696,-0.315148
2021-03-04,-1.231955,-1.636665,-1.007816,-2.192432,0.009973,-0.495006,-0.441301,0.332633,-1.031554,-3.912036,0.009973,-1.28002,-0.316048
2021-03-05,1.833476,1.506083,0.810307,0.933982,0.0,-0.139662,0.131306,0.97625,0.0,0.75397,0.0,0.745547,-0.058707
2021-03-06,,,,,,,,,,-0.030498,,,
2021-03-07,,,,,,,,,,4.69065,,,
2021-03-08,,,,,,,,,,2.030657,,,
2021-03-09,1.399024,3.94412,1.284192,1.978477,-0.004981,0.47382,0.560547,0.34313,2.105264,4.933522,-0.004981,1.544464,0.330489
2021-03-10,0.618204,-0.285466,0.429466,-0.279379,0.004982,0.209574,0.524726,0.338293,0.485142,2.160424,0.004982,0.272172,0.188302
2021-03-11,1.05566,2.30313,0.733042,3.050584,-0.004981,-0.034864,0.032596,1.700397,-0.120703,3.207671,-0.004981,1.405065,0.011731
2021-03-12,0.140936,-0.811229,0.242593,-1.721799,0.0,-0.723536,-0.68481,0.508067,0.0,-0.818321,0.0,-0.31488,-0.59888
2021-03-13,,,,,,,,,,6.821653,,,
2021-03-14,,,,,,,,,,-3.168961,,,
2021-03-15,,,,,,,,,,-5.7251,,,
2021-03-16,-0.112497,0.548888,0.160918,0.490491,0.005018,-0.017528,0.19645,-0.050304,0.060134,1.605702,0.005018,0.236432,-0.011797
2021-03-17,0.326869,0.411722,0.522215,0.030509,0.0,-0.166685,-0.081705,0.76567,0.721159,3.636996,0.0,0.408896,-0.035384
2021-03-18,-1.470272,-3.063016,-0.959057,-1.662091,-0.005018,-0.623818,-0.686833,-1.958532,-0.477327,-1.718969,-0.005018,-1.174637,-0.41318
2021-03-19,-0.177826,0.352507,0.342957,1.038948,0.005018,-0.061894,0.181141,0.582206,0.419662,0.842965,0.005018,0.507124,0.08296
2021-03-20,,,,,,,,,,-0.056572,,,
2021-03-21,,,,,,,,,,-1.355125,,,
2021-03-22,,,,,,,,,,-5.205319,,,
2021-03-23,-0.734658,-0.436278,-1.51426,-1.845023,0.006979,0.493786,0.245597,-2.142411,-0.658686,0.38475,0.006979,-1.517546,0.224351
2021-03-24,-0.553687,-1.686504,-0.430471,-2.239978,-0.003001,0.131646,0.261236,-0.178145,0.36166,-3.589181,-0.003001,-1.075444,0.153181
2021-03-25,0.562367,-0.173161,0.638236,0.480706,-0.005018,-0.131472,-0.065137,0.275115,-0.360357,-2.027703,-0.005018,0.649045,-0.07057
2021-03-26,1.63135,1.500005,1.370705,2.439809,0.005018,-0.333393,0.0,1.564373,0.241103,6.639992,0.005018,1.644361,-0.176588
2021-03-27,,,,,,,,,,1.516576,,,
2021-03-28,,,,,,,,,,-0.040672,,,
2021-03-29,,,,,,,,,,3.216138,,,
2021-03-30,-0.25565,-0.503314,-0.121696,0.375991,0.01,-0.088321,-0.147039,-0.724405,-1.703167,2.021625,0.01,0.031902,0.106282
2021-03-31,0.396837,1.530313,-0.28426,0.452621,-0.009999,-0.141502,0.065483,0.623355,1.485147,0.001936,-0.009999,-0.031891,-0.047225
2021-04-01,1.059588,1.704614,1.30318,1.103174,0.011021,0.443057,0.252143,0.138496,1.341471,0.300374,0.011021,1.355662,0.321795
2021-04-02,,,,,,,,,,0.488197,,,
2021-04-03,,,,,,,,,,-2.998135,,,
2021-04-04,,,,,,,,,,2.00449,,,
2021-04-05,,,,,,,,,,0.509414,,,
2021-04-06,-0.056225,-0.069484,-0.871258,0.536383,0.009962,0.486524,0.114661,-0.288514,0.904157,-1.465545,0.009962,-0.57588,0.354337
2021-04-07,0.125906,0.241806,0.179755,-1.341446,-0.009962,-0.061636,0.049134,-0.104863,-0.35842,-3.683339,-0.009962,-0.234815,-0.117706
2021-04-08,0.486997,1.043358,0.578267,0.896164,0.009962,0.343588,0.179941,0.072396,1.139092,4.058981,0.009962,0.627651,0.223872
2021-04-09,0.718944,0.605825,0.237903,-0.84228,-0.009962,-0.263392,-0.179618,0.253256,-0.711327,-0.135363,-0.009962,-0.015588,-0.12933
2021-04-10,,,,,,,,,,2.658134,,,
2021-04-11,,,,,,,,,,0.68859,,,
2021-04-12,,,,,,,,,,-0.517419,,,
2021-04-13,0.272179,1.167285,0.676097,0.37296,0.005009,0.413962,0.327131,0.061355,0.661061,6.027376,0.005009,0.580494,0.258981
2021-04-14,-0.321516,-1.200821,0.098737,0.557382,0.0,-0.122817,0.0,0.49424,-0.417909,-0.620063,0.0,0.265151,-0.07047
2021-04-15,1.073432,1.515571,0.769542,0.862196,0.0,0.641088,0.537967,-0.100508,1.618708,0.323748,0.0,0.684522,0.42315
2021-04-16,0.350522,0.117107,0.587439,0.274767,0.004954,-0.270497,-0.032404,0.542584,0.707958,-2.750138,0.004954,0.664401,-0.269174
2021-04-17,,,,,,,,,,-1.443769,,,
2021-04-18,,,,,,,,,,-7.362155,,,
2021-04-19,,,,,,,,,,-0.875047,,,
2021-04-20,-0.733469,-0.728855,-1.659513,-0.732718,-0.004953,0.297788,0.064965,-2.446567,0.352731,1.343698,-0.004953,-1.385663,0.164352
2021-04-21,0.939462,0.856074,0.913266,0.691998,-0.005008,0.052396,0.081181,0.440892,0.937316,-4.545429,-0.005008,0.952387,0.105533
2021-04-22,-0.917674,-1.205457,-0.413145,-0.39709,0.009962,0.078565,0.129796,-0.510922,-0.522346,-3.976947,0.009962,-0.41759,0.04685
2021-04-23,1.066019,1.258929,1.145795,1.39529,0.0,-0.130831,0.0,1.338055,-0.4084,-1.291715,0.0,1.133716,0.011718
2021-04-24,,,,,,,,,,-2.040929,,,
2021-04-25,,,,,,,,,,-2.091099,,,
2021-04-26,,,,,,,,,,10.238907,,,
2021-04-27,-0.031266,-0.433217,-0.312035,0.030184,0.0,-0.393441,0.0,0.647367,-0.175443,1.872141,0.0,-0.153378,-0.257639
2021-04-28,-0.046897,-0.338107,0.273871,0.724309,0.005009,0.131657,0.356145,0.024886,0.234335,-0.378707,0.005009,0.414767,0.046955
2021-04-29,0.667424,0.359873,0.097558,-0.254687,0.004954,-0.175281,-0.064512,0.586223,-0.409116,-2.315733,0.004954,-0.015313,-0.082148
2021-04-30,-0.660396,-0.655455,-1.364283,-1.667148,0.0,0.087802,-0.064585,-0.897153,-0.352121,7.833177,0.0,-1.407581,0.140893
2021-05-01,,,,,,,,,,0.134848,,,
2021-05-02,,,,,,,,,,-2.069882,,,
2021-05-03,,,,,,,,,,1.005128,,,
2021-05-04,-0.608687,-1.799596,-1.212334,-1.130289,-0.010016,0.131454,0.193891,-0.769987,-0.754931,-6.760025,-0.010016,-1.292505,0.129208
2021-05-05,0.018318,-0.336207,1.187633,0.463449,0.005045,0.122523,0.500015,1.1228,0.46811,7.669599,0.005045,1.028818,0.058653
2021-05-06,0.813785,0.753739,0.821603,0.953421,0.0,0.04372,-0.128374,-0.388971,1.51427,-1.789308,0.0,0.771514,0.046891
2021-05-07,0.713772,0.811414,1.164147,1.111943,-0.003001,0.034973,0.224982,1.384427,0.917957,1.702032,-0.003001,1.178999,0.011701
2021-05-08,,,,,,,,,,2.523476,,,
2021-05-09,,,,,,,,,,-0.97181,,,
2021-05-10,,,,,,,,,,-4.074232,,,
2021-05-11,-0.877075,-0.138129,-1.195298,-0.352644,-0.010016,-0.166289,-0.224302,-0.890307,0.0,1.512317,-0.010016,-1.083304,-0.199631
2021-05-12,-2.134635,-2.588293,-1.756093,-2.769653,0.005045,-0.482145,-0.192731,-1.435826,-1.019254,-13.321745,0.005045,-1.958976,-0.352994
2021-05-13,1.188533,0.773137,0.695143,-0.031646,-0.005045,0.334754,0.016104,0.071768,0.457665,1.150865,-0.005045,0.534941,0.20075
2021-05-14,1.53514,2.207667,1.597612,1.630513,0.005045,0.219473,0.321748,2.438151,0.854212,0.330564,0.005045,1.674497,0.235654
2021-05-15,,,,,,,,,,-6.255642,,,
2021-05-16,,,,,,,,,,-0.650401,,,
2021-05-17,,,,,,,,,,-6.282382,,,
2021-05-18,-0.863821,-0.675081,0.350012,1.372622,0.005045,0.0,-0.112063,-0.104864,0.111547,-1.442686,0.005045,0.601203,-0.105919
2021-05-19,-0.264012,0.114843,-0.891341,-0.29234,-0.005045,-0.298136,-0.657084,-1.529031,0.055701,-13.766123,-0.005045,-0.704872,-0.106021
2021-05-20,1.066888,1.934305,1.388083,0.570967,0.0,0.413393,0.016145,0.45127,0.501114,10.216344,0.0,1.080248,0.330241
2021-05-21,-0.075946,-0.553453,-0.019282,-1.058744,0.0,0.034996,0.225817,0.268832,0.0,-8.528233,0.0,-0.274814,0.023434
2021-05-22,,,,,,,,,,0.621749,,,
2021-05-23,,,,,,,,,,-7.368937,,,
2021-05-24,,,,,,,,,,11.318184,,,
2021-05-25,-0.210226,0.13832,0.0,0.968637,0.002007,0.367424,0.288973,0.104783,0.829185,-0.784783,0.002007,0.273609,0.25821
2021-05-26,0.182061,0.348398,0.0,0.80707,-0.004971,-0.113321,-0.20812,0.010494,-0.109652,2.322721,-0.004971,0.227348,-0.035128
2021-05-27,0.044126,-0.374117,0.19167,0.060407,-0.005045,-0.174489,-0.048117,0.7676,0.109772,-2.18157,-0.005045,0.226894,-0.14054
2021-05-28,0.194614,0.315442,0.286968,0.618966,0.010017,-0.00877,0.112358,-0.038074,0.328944,-7.126897,0.010017,0.226346,-0.011723
2021-05-29,,,,,,,,,,-3.029724,,,
2021-05-30,,,,,,,,,,3.06812,,,
2021-05-31,,,,,,,,,,4.63793,,,
2021-06-01,,,,,,,,,,-1.735548,,,
2021-06-02,0.168456,0.195289,0.284609,0.205878,0.0,0.113702,-0.032122,0.836384,0.438116,2.426757,0.0,0.223699,0.105696
2021-06-03,-0.380343,-1.040546,-0.529778,-1.11534,-0.005026,-0.2534,-0.385584,-0.419928,-2.017453,4.347513,-0.005026,-0.758917,-0.187743
2021-06-04,0.906471,1.696959,0.951109,0.979518,0.0,0.551994,0.435468,0.57852,1.16862,-5.902658,0.0,0.959661,0.399757
2021-06-05,,,,,,,,,,-3.638625,,,
2021-06-06,,,,,,,,,,0.87315,,,
2021-06-07,,,,,,,,,,-6.418068,,,
2021-06-08,0.015468,0.047534,-0.056401,-0.501916,0.007982,0.28775,0.064318,0.19104,-0.38356,-0.262433,0.007982,-0.163279,0.187468
2021-06-09,-0.157127,0.02377,-0.395037,-0.252217,-0.004962,0.313039,0.016125,0.783501,-0.110014,11.569118,-0.004962,-0.341892,0.198876
2021-06-10,0.46181,1.042037,0.321062,0.82535,0.0,0.355361,0.53051,-0.337118,0.385461,-1.720502,0.0,0.447499,0.21009
2021-06-11,0.174566,0.261489,0.169442,-0.34168,0.0,-0.146803,-0.271878,-0.224338,-1.151942,1.721406,0.0,0.118807,-0.023285
2021-06-12,,,,,,,,,,-4.772764,,,
2021-06-13,,,,,,,,,,9.972132,,,
2021-06-14,,,,,,,,,,2.866186,,,
2021-06-15,-0.209706,-0.653111,0.018765,-0.683291,0.0,0.017384,0.208605,0.750856,-0.446179,0.466932,0.0,-0.088879,0.0
2021-06-16,-0.548368,-0.365212,-0.656652,-1.376016,0.0,-0.68536,-0.896723,-1.349701,-1.680679,-5.096256,0.0,-0.860031,-0.280373
2021-06-17,-0.036078,1.269761,-0.736534,0.636929,-0.003019,0.358163,0.27469,-1.361249,-3.076918,-0.765531,-0.003019,-0.463656,0.339749
2021-06-18,-1.327405,-0.784723,-1.902588,-0.813745,-0.007006,0.565728,0.064427,-0.808227,-0.470311,-5.955451,-0.007006,-1.592791,0.315241
2021-06-19,,,,,,,,,,-0.478872,,,
2021-06-20,,,,,,,,,,0.23143,,,
2021-06-21,,,,,,,,,,-11.265533,,,
2021-06-22,0.530705,0.932183,0.096458,-0.377795,0.014989,0.182327,0.564577,0.404772,-0.292063,2.616961,0.014989,-0.015205,0.140154
2021-06-23,-0.107634,0.048915,-0.539523,0.591626,-0.009988,-0.199267,0.032088,-0.192806,-0.058584,3.745093,-0.009988,-0.30433,-0.069915
2021-06-24,0.572051,0.618269,0.833017,0.874656,0.0,-0.017422,-0.224475,0.860568,-0.175843,2.785664,0.0,0.90049,0.046615
2021-06-25,0.369846,-0.122948,0.326634,0.7176,0.009989,-0.208424,0.128569,-0.156716,0.293595,-8.72604,0.009989,0.453782,-0.186626
2021-06-26,,,,,,,,,,1.733681,,,
2021-06-27,,,,,,,,,,7.65347,,,
2021-06-28,,,,,,,,,,-0.621388,,,
2021-06-29,0.044001,0.361897,-0.019284,-0.029642,0.005027,0.052075,0.08015,0.052665,-0.995317,4.162826,0.005027,-0.030261,0.04665
2021-06-30,0.091563,-0.157742,-0.674753,-0.696731,0.0,0.15612,0.128152,0.007049,0.473092,-2.305527,0.0,-0.665465,0.069874
2021-07-01,0.564165,0.039496,0.29114,-0.47769,-0.002016,-0.071924,0.093274,0.744034,0.412005,-4.191449,-0.002016,0.091359,-0.009302
2021-07-02,0.760592,1.14784,0.367726,0.015014,0.0,0.36419,0.417665,0.766406,0.644787,0.967856,0.0,0.136923,0.174905
2021-07-03,,,,,,,,,,2.276009,,,
2021-07-04,,,,,,,,,,1.786156,,,
2021-07-05,,,,,,,,,,-4.369154,,,
2021-07-06,,,,,,,,,,1.449628,,,
2021-07-07,0.344238,0.211003,0.349166,0.076309,-0.005044,0.292193,-0.079743,-0.269175,0.289683,-1.109581,-0.005044,0.321649,0.208806
2021-07-08,-0.796269,-0.603953,-1.449848,-1.952101,0.0,0.257043,-0.095814,-0.799182,0.0,-2.888636,0.0,-1.526701,0.092604
2021-07-09,1.055038,0.624346,1.726171,1.571004,0.0,-0.504243,0.015969,0.897492,0.346628,2.800226,0.0,1.720908,-0.312242
2021-07-10,,,,,,,,,,-0.821031,,,
2021-07-11,,,,,,,,,,2.146948,,,
2021-07-12,,,,,,,,,,-3.166863,,,
2021-07-13,-0.338456,0.0,-0.557172,0.0,0.005045,-0.309372,0.0,-0.514798,0.173014,-1.368755,0.005045,-0.289005,-0.313339
2021-07-14,0.137371,0.179358,0.251167,0.443291,-0.005044,0.431026,0.302898,0.129386,1.03626,0.367935,-0.005044,0.167815,0.337599
2021-07-15,-0.321711,-0.702317,-0.809394,0.258698,0.0,0.420681,0.317926,-0.576143,0.056981,-3.1735,0.0,-0.517738,0.243634
2021-07-16,-0.778038,-0.809965,-0.777167,-0.774124,0.005045,-0.017138,-0.015832,-0.189662,-1.025059,-1.130218,0.005045,-0.765361,-0.092614
2021-07-17,,,,,,,,,,0.354945,,,
2021-07-18,,,,,,,,,,0.836399,,,
2021-07-19,,,,,,,,,,-3.078858,,,
2021-07-20,1.41293,1.161664,0.898739,0.310819,-0.005044,-0.127187,-0.015815,0.882458,-0.172319,-3.278895,-0.005044,0.580586,-0.103687
2021-07-21,0.840456,0.772039,1.444986,0.666145,0.010016,-0.57717,-0.221827,1.796098,-0.287683,7.727443,0.010016,1.279248,-0.322895
2021-07-22,0.212759,0.661022,0.136559,0.200059,-0.004971,0.230505,0.285843,0.440211,0.115409,0.630357,-0.004971,0.123245,0.21981
2021-07-23,0.999045,1.167738,0.604069,-1.351558,0.004971,-0.153329,0.443372,0.543476,-0.345818,3.925483,0.004971,0.107676,-0.115426
2021-07-24,,,,,,,,,,2.11692,,,
2021-07-25,,,,,,,,,,3.084476,,,
2021-07-26,,,,,,,,,,5.621887,,,
2021-07-27,-0.443989,-1.101797,-0.367575,-1.931613,0.004023,0.426832,0.031429,-0.644593,0.231889,5.542429,0.004023,-0.879629,0.254403
2021-07-28,-0.054528,0.384144,0.446618,2.518575,0.004971,0.085022,0.282545,0.490951,0.462695,1.494571,0.004971,1.07425,0.09222
2021-07-29,0.431362,0.177703,0.753921,0.425194,-0.00104,-0.305758,-0.156525,0.104708,1.093832,0.031292,-0.00104,0.616154,-0.17284
2021-07-30,-0.488753,-0.521194,-0.652347,-0.878155,-0.003931,0.281117,0.15677,0.066229,-0.797263,5.56664,-0.003931,-0.581733,0.150112
2021-07-31,,,,,,,,,,-1.442746,,,
2021-08-01,,,,,,,,,,-3.966975,,,
2021-08-02,,,,,,,,,,-1.933587,,,
2021-08-03,0.807806,0.606109,0.71116,0.44003,0.010035,0.025403,0.110162,-0.0349,0.0,-2.675798,0.010035,0.659419,0.023042
2021-08-04,-0.478332,0.144515,-0.286284,0.406825,0.005008,-0.025396,-0.188658,-1.130906,0.057473,4.179289,0.005008,-0.091401,0.0
2021-08-05,0.624307,0.634297,0.516728,-0.155842,-0.005008,-0.363953,-0.362347,0.300094,-0.516945,2.822947,-0.005008,0.289706,-0.230301
2021-08-06,0.172364,-0.438237,-0.399838,-0.811597,0.0,-0.586091,-0.205538,-0.890483,-2.367205,4.763804,0.0,-0.47133,-0.473148
2021-08-07,,,,,,,,,,4.062221,,,
2021-08-08,,,,,,,,,,-1.700527,,,
2021-08-09,,,,,,,,,,5.861634,,,
2021-08-10,0.125482,-0.512576,0.210509,0.14132,0.0,-0.188387,0.079323,0.70604,0.0,-1.683089,0.0,0.183276,-0.150992
2021-08-11,0.240772,-0.171739,0.630242,0.188143,0.0,0.111511,0.158581,-0.003564,1.445782,0.018878,0.0,0.609867,0.069812
2021-08-12,0.291677,0.360444,-0.227713,-0.798132,-0.005008,-0.102805,-0.094994,0.336246,-0.059384,-2.555944,-0.005008,-0.333402,0.011641
2021-08-13,0.198011,0.350987,0.513582,-0.268173,0.010035,0.574777,0.25358,0.117664,1.426024,7.574073,0.010035,0.334517,0.39525
2021-08-14,,,,,,,,,,-1.457055,,,
2021-08-15,,,,,,,,,,-0.10604,,,
2021-08-16,,,,,,,,,,-2.215911,,,
2021-08-17,-0.659459,-0.880818,-1.103926,-1.786859,-0.020003,-0.051079,-0.236805,-1.333265,-0.058276,-2.845647,-0.020003,-1.220437,-0.104155
2021-08-18,-1.075394,-0.962476,-0.250174,0.081225,0.014998,-0.051059,-0.031649,-1.369222,0.0,0.236777,0.014998,-0.20079,-0.023159
2021-08-19,0.141182,0.483138,-1.099771,-1.606889,-0.005026,0.221479,0.031659,0.574186,-0.349851,4.277544,-0.005026,-1.176083,0.220111
2021-08-20,0.791234,1.035872,0.33165,-0.115473,0.010034,-0.093471,-0.28486,0.520319,0.175545,5.611587,0.010034,0.266188,-0.023135
2021-08-21,,,,,,,,,,-0.878984,,,
2021-08-22,,,,,,,,,,0.850948,,,
2021-08-23,,,,,,,,,,0.455167,,,
2021-08-24,0.158056,0.305438,0.481071,2.114507,0.005026,-0.2722,0.0,-0.241941,0.0,-3.713773,0.005026,0.911621,-0.196514
2021-08-25,0.184543,0.114841,0.076573,0.222994,-0.005026,-0.392385,-0.015808,0.274608,-0.635463,2.630002,-0.005026,0.091863,-0.162084
2021-08-26,-0.584058,-0.635001,-0.631448,-0.969466,0.005026,0.0,0.015811,-0.398341,0.05813,-4.12283,0.005026,-0.673107,0.011572
2021-08-27,0.887326,0.972031,1.039867,1.315988,0.0,0.325411,0.728414,0.589186,1.452644,4.508626,0.0,1.093487,0.289964
2021-08-28,,,,,,,,,,-0.318528,,,
2021-08-29,,,,,,,,,,-0.148398,,,
2021-08-30,,,,,,,,,,-3.634761,,,
2021-08-31,-0.170786,-0.081515,0.0,1.34408,0.0,-0.187431,-0.235785,-0.939385,0.287694,0.237389,0.0,0.350305,-0.127037
2021-09-01,0.10601,0.165813,0.876856,1.326281,0.003019,0.042692,-0.020607,2.401134,0.0,3.562556,0.003019,0.880232,0.017392
2021-09-02,0.298461,-0.047286,0.472393,-0.523571,-0.00301,0.119524,0.047541,-1.485172,-0.344231,0.984083,-0.00301,0.270812,0.138963
2021-09-03,-0.038373,0.307576,0.489005,0.510838,0.00301,-0.238754,-0.142691,0.351185,1.03626,1.414321,0.00301,0.525147,-0.208156
2021-09-04,,,,,,,,,,-0.161418,,,
2021-09-05,,,,,,,,,,3.621581,,,
2021-09-06,,,,,,,,,,1.700613,,,
2021-09-07,,,,,,,,,,-11.062161,,,
2021-09-08,-0.096376,-0.348081,-0.731713,-1.562021,-0.00498,0.274547,0.349962,-0.321291,-0.232417,-1.537537,-0.00498,-1.015223,0.162726
2021-09-09,-0.448612,-0.344015,-0.113391,-0.108898,-0.008054,0.282403,0.523064,0.332961,0.465928,0.650949,-0.008054,-0.090518,0.35981
2021-09-10,-0.77283,-0.758949,-0.283838,-0.031145,0.013036,-0.315702,-0.268055,-1.486377,-0.52174,-3.249548,0.013036,-0.181153,-0.242881
2021-09-11,,,,,,,,,,0.707485,,,
2021-09-12,,,,,,,,,,1.906603,,,
2021-09-13,,,,,,,,,,-2.388444,,,
2021-09-14,-0.518808,-0.284295,-0.433135,-0.729936,-0.005026,0.376256,0.063215,-0.09603,0.639167,4.735926,-0.005026,-0.510885,0.243064
2021-09-15,0.834927,0.743473,0.3972,0.046946,0.010007,-0.170399,0.01577,0.608836,-0.519631,2.301546,0.010007,0.241653,-0.092392
2021-09-16,-0.172396,0.068777,-0.282566,-1.11025,0.0,-0.31572,-0.126338,0.385725,-2.205451,-0.815729,0.0,-0.482147,-0.184881
2021-09-17,-0.980272,-1.184221,-1.246951,-0.426949,-0.00498,-0.29101,-0.316376,-1.424227,-0.237394,-1.079539,-0.00498,-1.074952,-0.127382
2021-09-18,,,,,,,,,,2.138559,,,
2021-09-19,,,,,,,,,,-2.108904,,,
2021-09-20,,,,,,,,,,-9.344895,,,
2021-09-21,-0.097372,0.12304,0.861405,0.652219,0.00301,-0.059773,-0.142615,-0.151328,0.649738,-5.018521,0.00301,0.895968,-0.023125
2021-09-22,0.964896,0.934047,0.543487,1.32836,0.0,0.094009,-0.047564,0.862377,-0.410808,7.079311,0.0,0.794496,0.104059
2021-09-23,1.208211,0.922714,1.216214,0.735419,-0.004023,-0.905067,-0.38097,0.128746,-1.119615,3.030648,-0.004023,1.004632,-0.531354
2021-09-24,0.166351,0.093846,-0.915505,-1.142678,0.004023,-0.301578,-0.254948,0.010735,-0.119192,-4.578112,0.004023,-0.948732,-0.209023
2021-09-25,,,,,,,,,,-0.287481,,,
2021-09-26,,,,,,,,,,1.151649,,,
2021-09-27,,,,,,,,,,-2.251427,,,
2021-09-28,-1.998546,-2.829751,-2.213669,-1.339932,-0.005026,-0.381296,-0.223487,-0.972867,-1.070793,-2.844008,-0.005026,-1.928104,-0.43112
2021-09-29,0.157458,-0.163958,-0.314946,-0.937749,0.010007,0.104382,0.016022,0.779427,-0.420924,1.291157,0.010007,-0.424656,0.011719
2021-09-30,-1.266702,-0.367383,-0.296234,0.799745,-0.00498,0.121671,0.111953,0.384879,1.751213,5.356828,-0.00498,-0.078976,-0.023424
2021-10-01,1.19674,0.620182,0.297114,0.032387,-0.007024,0.4082,0.345203,-0.275917,0.237383,9.878873,-0.007024,0.284524,0.339908
2021-10-02,,,,,,,,,,-0.842641,,,
2021-10-03,,,,,,,,,,1.023789,,,
2021-10-04,,,,,,,,,,1.894087,,,
2021-10-05,0.971589,1.349906,0.578047,0.722744,0.004014,-0.311776,0.143969,0.603879,-0.530036,4.890589,0.004014,0.605304,-0.245505
2021-10-06,0.444662,0.640765,-0.733241,-0.554487,-0.009979,0.026045,-0.079853,-0.039524,0.236832,7.46705,-0.009979,-0.58582,0.046923
2021-10-07,0.860415,0.917505,0.83846,1.967873,0.0,-0.399508,-0.11192,-0.093494,-0.413465,-2.809653,0.0,1.146672,-0.281151
2021-10-08,-0.188473,-0.498658,0.019819,0.225138,0.010983,-0.21804,0.032024,0.66944,0.0,0.300828,0.010983,0.125971,-0.246666
2021-10-09,,,,,,,,,,1.85365,,,
2021-10-10,,,,,,,,,,-0.357742,,,
2021-10-11,,,,,,,,,,4.953684,,,
2021-10-12,-0.200217,-0.348765,-0.039687,-0.562415,0.0,0.455493,0.192166,-0.438278,0.415922,-2.5115,0.0,-0.063088,0.365565
2021-10-13,0.320991,0.80079,1.112233,1.4221,0.0,0.191868,0.479438,0.279156,1.834316,2.426862,0.0,1.13637,0.270198
2021-10-14,1.679817,1.841679,1.080317,0.30275,0.0,0.235018,0.190883,0.813709,0.174321,-0.138628,0.0,0.84267,0.175794
2021-10-15,0.779335,0.630036,0.796745,1.25496,0.0,-0.494983,-0.142887,0.821286,-1.566128,7.453441,0.0,0.866611,-0.245635
2021-10-16,,,,,,,,,,-1.139348,,,
2021-10-17,,,,,,,,,,1.086244,,,
2021-10-18,,,,,,,,,,0.76756,,,
2021-10-19,0.778258,0.756753,0.696587,1.258241,-0.008957,-0.358255,-0.27081,0.770305,0.354397,3.604797,-0.008957,0.800256,-0.281572
2021-10-20,0.38853,-0.130507,0.345888,-0.046597,0.0,-0.043873,0.175719,0.347158,0.824011,2.693418,0.0,0.259531,-0.1177
2021-10-21,0.245183,0.610681,-0.497887,-0.854691,0.00997,-0.263198,0.239131,0.363419,-0.058367,-5.731931,0.00997,-0.593869,-0.141344
2021-10-22,-0.100716,-0.840215,0.461889,-0.219435,-0.003995,0.255111,0.159095,-0.139284,0.584103,-2.439965,-0.003995,0.306376,0.212312
2021-10-23,,,,,,,,,,1.155586,,,
2021-10-24,,,,,,,,,,-0.753794,,,
2021-10-25,,,,,,,,,,3.461282,,,
2021-10-26,0.095529,0.314851,0.1917,-0.577934,0.010017,0.122732,0.364251,0.048621,-0.749718,-4.244985,0.010017,-0.076263,0.199986
2021-10-27,-0.434232,0.232119,-0.535774,-0.722702,-0.007024,0.560209,0.457665,-0.565888,0.290535,-3.116779,-0.007024,-0.534365,0.364062
2021-10-28,0.977675,1.110534,1.019613,0.079122,0.002016,-0.261159,-0.895394,-0.038392,0.0,3.658794,0.002016,0.736754,-0.128707
2021-10-29,0.17795,0.491907,-0.742719,-1.280834,0.005008,0.043643,-0.174367,1.536827,-0.869059,2.648914,0.005008,-0.838022,0.023451
2021-10-30,,,,,,,,,,-0.544985,,,
2021-10-31,,,,,,,,,,-0.920804,,,
2021-11-01,,,,,,,,,,-0.512975,,,
2021-11-02,0.387671,0.41814,-0.228108,-0.889877,0.010015,0.244448,0.351651,-0.364074,-0.174423,3.642353,0.010015,-0.502182,0.187832
2021-11-03,0.602793,1.061569,0.685846,0.513061,0.0,-0.31355,-0.143371,-0.737714,-0.931857,-0.405456,0.0,0.657667,-0.17577
2021-11-04,0.468102,1.281834,-0.075674,-0.191407,-0.010014,0.541641,0.638084,-0.816129,1.175772,-2.410378,-0.010014,-0.106371,0.457827
2021-11-05,0.340135,0.095431,0.20828,-0.047945,0.0,0.54746,0.364555,1.4531,1.278334,-0.531396,0.0,0.212989,0.303795
2021-11-06,,,,,,,,,,0.657342,,,
2021-11-07,,,,,,,,,,2.924722,,,
2021-11-08,,,,,,,,,,6.695155,,,
2021-11-09,-0.350157,-0.688319,-0.245524,-0.36444,-0.005007,0.459987,0.56667,0.71945,0.39977,-0.88061,-0.005007,-0.302594,0.280223
2021-11-10,-0.805174,-1.469695,-1.268479,-0.381685,0.010015,-0.855366,-0.25045,-0.291912,1.080777,-2.951387,0.010015,-1.001681,-0.675289
2021-11-11,0.032854,0.27726,0.345185,1.596433,-0.010014,-0.322434,-0.047051,-0.017211,0.562748,-0.069651,-0.010014,0.6592,-0.164139
2021-11-12,0.743424,1.052264,0.687918,0.29855,0.0,0.209846,0.015684,0.172238,0.167872,-1.22251,0.0,0.57874,0.011754
2021-11-13,,,,,,,,,,0.488787,,,
2021-11-14,,,,,,,,,,1.546952,,,
2021-11-15,,,,,,,,,,-2.915932,,,
2021-11-16,0.381601,0.71209,-0.228109,0.0,-0.009979,-0.087615,-0.156984,0.496745,-0.727065,-5.344145,-0.009979,-0.212404,-0.070754
2021-11-17,-0.241078,0.052851,-0.247731,-0.534162,0.00998,0.359419,0.204378,-1.401045,0.901408,0.343686,0.00998,-0.22812,0.212338
2021-11-18,0.346209,1.036141,0.076405,-1.074096,0.0,0.061185,0.062779,0.608492,-0.223333,-5.674984,0.0,-0.274347,0.117708
2021-11-19,-0.187531,0.557537,-0.763485,-0.143691,0.0,0.270612,-0.203863,-1.408935,-0.839404,2.067786,0.0,-0.641885,0.211671
2021-11-20,,,,,,,,,,2.714433,,,
2021-11-21,,,,,,,,,,-1.61937,,,
2021-11-22,,,,,,,,,,-4.156594,,,
2021-11-23,0.130253,-0.4558,-0.174044,-0.032236,0.005993,-0.412214,-0.411772,1.102041,-0.750573,2.273586,0.005993,-0.061944,-0.400858
2021-11-24,0.246236,0.322037,-0.52305,-0.161315,0.004022,0.308195,0.333973,-0.273372,-0.232699,-2.238439,0.004022,-0.40269,0.236732
2021-11-25,,,,,,,,,,1.766607,,,
2021-11-26,,,,,,,,,,-6.468677,,,
2021-11-27,,,,,,,,,,2.324655,,,
2021-11-28,,,,,,,,,,4.439251,,,
2021-11-29,,,,,,,,,,0.97489,,,
2021-11-30,-1.914616,-1.468652,-0.976266,0.033282,-0.005007,0.59944,0.047423,1.775118,-0.700939,-1.385899,-0.005007,-0.669541,0.187645
2021-12-01,-1.150182,-1.701286,-0.52315,0.216239,-0.002016,0.188408,-0.286585,-3.012682,0.352938,0.393651,-0.002016,-0.481458,0.064505
2021-12-02,1.525689,0.720701,1.395623,1.211609,0.0,-0.215648,0.2858,-0.007258,-0.527551,-1.314021,0.0,1.322372,0.011691
2021-12-03,-0.884545,-1.738838,-0.498675,-1.262715,0.005035,0.587823,0.174178,0.479602,0.883922,-5.098586,0.005035,-0.716196,0.386643
2021-12-04,,,,,,,,,,-8.20464,,,
2021-12-05,,,,,,,,,,0.341752,,,
2021-12-06,,,,,,,,,,2.45859,,,
2021-12-07,2.055407,3.011408,2.144563,1.516151,-0.001998,-0.380012,0.126904,1.499558,0.351285,0.232216,-0.001998,1.920913,-0.22239
2021-12-08,0.281059,0.447431,0.13607,0.487017,-0.003037,-0.320802,-0.158431,0.302587,-0.058344,-0.385185,-0.003037,0.233649,-0.304927
2021-12-09,-0.681019,-1.471456,-0.873597,-0.613885,0.005035,0.252249,-0.396751,-0.479139,-0.583762,-5.608726,0.005035,-0.745914,0.047015
2021-12-10,0.95391,1.087053,0.137083,0.16254,0.004962,0.06941,0.0,0.017822,0.469759,-0.899512,0.004962,0.15658,0.035334
2021-12-11,,,,,,,,,,4.485722,,,
2021-12-12,,,,,,,,,,1.490662,,,
2021-12-13,,,,,,,,,,-6.708517,,,
2021-12-14,-0.68065,-1.035015,-0.513743,-0.219218,-0.004962,-0.172583,-0.254978,0.178275,-0.990676,-0.267125,-0.004962,-0.395649,-0.163994
2021-12-15,1.563051,2.279748,1.231402,-0.236601,0.0,-0.146958,0.095845,0.533787,0.470865,4.900152,0.0,0.826208,-0.129099
2021-12-16,-0.903526,-2.571458,0.019605,0.135522,0.009979,0.291131,0.175626,0.035406,1.171651,-2.518158,0.009979,0.126057,0.129266
2021-12-17,-1.03767,-0.49893,-1.157301,-0.609042,-0.005016,0.22464,0.105998,-0.626314,-0.173716,-3.069901,-0.005016,-1.054454,0.176003
2021-12-18,,,,,,,,,,1.399573,,,
2021-12-19,,,,,,,,,,-0.302594,,,
2021-12-20,,,,,,,,,,0.370954,,,
2021-12-21,1.774726,2.238028,1.255567,1.656017,0.004032,-0.396847,0.1767,0.649898,-0.116485,4.386356,0.004032,1.333136,-0.105587
2021-12-22,1.010102,1.217849,1.020006,0.576963,0.00093,0.095277,0.320738,-0.847968,0.932944,-0.629593,0.00093,0.898428,0.105699
2021-12-23,0.616316,0.753912,0.613743,0.472425,0.009002,-0.207684,-0.239771,0.772924,0.288857,4.433669,0.009002,0.556539,-0.151823
2021-12-24,,,,,,,,,,0.074149,,,
2021-12-25,,,,,,,,,,-0.771978,,,
2021-12-26,,,,,,,,,,0.75284,,,
2021-12-27,,,,,,,,,,-0.332807,,,
2021-12-28,-0.07519,-0.463477,0.0,-0.367531,0.0,-0.017325,-0.063848,1.509449,-0.45977,-6.025943,0.0,-0.109892,-0.011782
2021-12-29,0.120874,-0.014943,-0.019498,-0.368894,-0.004962,-0.511573,0.079833,-2.079744,0.0,-2.404228,-0.004962,-0.094289,-0.329883
2021-12-30,-0.282466,-0.298838,-0.234407,1.04343,0.0,0.331188,0.526683,1.044105,0.635107,1.579112,0.0,0.141588,0.224576
2021-12-31,-0.274109,-0.624475,-0.039138,-0.29979,0.009979,-0.112933,-0.158746,-0.166426,0.745836,-1.847635,0.009979,-0.141388,-0.023581
2022-01-01,,,,,,,,,,2.98094,,,
2022-01-02,,,,,,,,,,-0.716327,,,
2022-01-03,,,,,,,,,,-1.873688,,,
2022-01-04,-0.04098,-1.297054,0.369863,-0.381982,-0.008929,-0.05266,-0.399631,-0.760676,0.635842,-1.206556,-0.008929,0.125043,-0.011889
2022-01-05,-1.915423,-3.072114,-0.872763,-1.500492,0.003968,-0.421516,-0.738266,-0.201278,-0.287187,-5.073406,0.003968,-0.999086,-0.344573
2022-01-06,-0.134671,-0.070253,-0.547836,0.372361,0.004962,-0.246942,-0.452699,0.426669,-1.152078,-0.936616,0.004962,-0.283784,-0.107308
2022-01-07,-0.346452,-1.083278,0.413149,0.893773,0.005016,-0.327132,-0.129965,0.618024,0.407924,-3.71407,0.005016,0.442746,-0.274492
2022-01-08,,,,,,,,,,0.423599,,,
2022-01-09,,,,,,,,,,0.425697,,,
2022-01-10,,,,,,,,,,-0.215549,,,
2022-01-11,0.87613,1.502191,1.18648,2.141186,0.0,0.239558,0.698861,-0.015587,1.21457,2.186911,0.0,1.427447,0.203609
2022-01-12,0.29876,0.396575,1.074847,1.654117,-0.00093,0.017698,-0.62946,-0.471622,0.228577,2.838942,-0.00093,1.172773,-0.035877
2022-01-13,-1.378536,-2.501615,-0.715389,-1.417752,-0.004031,0.318622,0.081204,-0.73228,-0.399097,-3.088871,-0.004031,-0.865531,0.167431
2022-01-14,0.030432,0.62223,-0.233671,-0.016343,0.009979,-0.688114,-0.503096,1.400462,-0.171716,1.193027,0.009979,-0.093533,-0.549114
2022-01-15,,,,,,,,,,0.180278,,,
2022-01-16,,,,,,,,,,-0.147113,,,
2022-01-17,,,,,,,,,,-2.002437,,,
2022-01-18,,,,,,,,,,0.296048,,,
2022-01-19,-1.050646,-1.098359,-0.019815,0.465499,-0.002016,0.241675,-0.16391,-0.2682,1.666672,-1.489782,-0.002016,0.079201,0.241563
2022-01-20,-1.100313,-1.29885,-0.63404,0.463349,-0.005016,0.214277,0.164179,0.268921,-0.339182,-2.548634,-0.005016,-0.28491,0.108491
2022-01-21,-1.964642,-2.772857,-1.37587,-1.515401,0.0,0.5791,0.57355,-1.30267,-0.340326,-10.381166,0.0,-1.444434,0.373121
2022-01-22,,,,,,,,,,-3.914348,,,
2022-01-23,,,,,,,,,,3.558509,,,
2022-01-24,,,,,,,,,,1.040674,,,
2022-01-25,-1.214262,-2.318133,-0.531576,-0.237557,0.012031,-0.133004,-0.276181,1.010091,0.339556,0.817573,0.012031,-0.374786,-0.132115
2022-01-26,-0.22528,-0.156457,-0.472791,-1.173684,0.003001,-0.710233,-0.553953,0.617776,-1.579237,-0.275702,0.003001,-0.637877,-0.553198
2022-01-27,-0.506831,-1.007055,-0.660875,-1.135956,-0.005016,0.420263,0.327659,-0.038361,-1.260752,0.776382,-0.005016,-0.707821,0.32648
2022-01-28,2.451194,3.136929,0.457411,0.626735,0.009002,0.231466,0.326573,0.76775,-0.348227,1.73971,0.009002,0.480781,0.120572
2022-01-29,,,,,,,,,,0.936493,,,
2022-01-30,,,,,,,,,,-0.578366,,,
2022-01-31,,,,,,,,,,1.491454,,,
2022-02-01,0.652663,0.68033,0.998135,0.570647,0.003995,-0.135118,-0.622634,0.038626,0.057905,0.676007,0.003995,0.85803,-0.039812
2022-02-02,0.953416,0.812542,0.806799,-0.100116,-0.006995,0.204788,0.065433,0.127374,0.405091,-4.620903,-0.006995,0.51363,0.144838
2022-02-03,-2.324182,-4.054381,-1.600657,-1.06918,0.0,-0.426536,-0.621222,0.104058,-0.115276,0.545605,0.0,-1.341425,-0.421926
2022-02-04,0.470041,1.261508,0.264365,0.303956,-0.000967,-0.767413,-0.542855,1.116683,0.115409,11.697807,-0.000967,0.161878,-0.617416
2022-02-05,,,,,,,,,,-0.143879,,,
2022-02-06,,,,,,,,,,2.343731,,,
2022-02-07,,,,,,,,,,3.366587,,,
2022-02-08,0.809897,1.123528,0.485834,0.85932,-0.002016,-0.323691,-0.148938,-0.346674,0.400696,0.634485,-0.002016,0.58094,-0.328641
2022-02-09,1.466857,2.119088,1.591444,1.536905,0.002016,0.135329,0.198868,0.850415,0.228045,0.499455,0.002016,1.636426,0.07325
2022-02-10,-1.757129,-2.263279,-1.169905,-0.707468,-0.005007,-0.918772,-0.860065,0.229986,-0.28441,-1.744936,-0.005007,-1.136535,-0.915176
2022-02-11,-1.994293,-3.172148,-1.384445,-1.524441,-0.010023,1.03639,0.93425,2.1797,1.882487,-2.656198,-0.010023,-1.373147,0.652703
2022-02-12,,,,,,,,,,-0.385467,,,
2022-02-13,,,,,,,,,,-0.111146,,,
2022-02-14,,,,,,,,,,0.922809,,,
2022-02-15,1.605481,2.486404,1.657793,2.067794,0.0,-0.298996,-0.447103,-1.530438,-0.947076,4.66877,0.0,1.824107,-0.209188
2022-02-16,0.119488,-0.025255,0.422806,0.846898,0.010023,0.209004,0.182991,-0.113715,1.068609,-1.375975,0.010023,0.447852,0.135663
2022-02-17,-2.126211,-2.974375,-1.52368,-1.185578,0.0,0.535054,0.265633,-1.024665,1.391208,-7.788223,0.0,-1.385348,0.221657
2022-02-18,-0.639549,-1.140575,-0.529303,-0.849855,0.0,0.324724,0.248408,0.076691,-0.109762,-1.250765,0.0,-0.629739,0.171985
2022-02-19,,,,,,,,,,0.227773,,,
2022-02-20,,,,,,,,,,-4.214074,,,
2022-02-21,,,,,,,,,,-3.528621,,,
2022-02-22,,,,,,,,,,3.265642,,,
2022-02-23,-1.80036,-2.561481,-0.930698,-1.006148,0.008965,-0.521506,0.098768,0.608593,0.493422,-2.584382,0.008965,-0.986662,-0.503179
2022-02-24,1.53683,3.360431,-1.294398,-1.981051,-0.010022,0.235011,0.411243,1.474456,-0.600112,2.77784,-0.010022,-1.27887,0.22205
2022-02-25,2.184025,1.550698,2.516937,1.810194,0.010023,-0.027058,-0.098275,-0.149022,-0.493964,2.299894,0.010023,2.271211,0.086146
2022-02-26,,,,,,,,,,-0.27814,,,
2022-02-27,,,,,,,,,,-3.568234,,,
2022-02-28,,,,,,,,,,14.541184,,,
2022-03-01,-1.499883,-1.531131,-1.966927,-1.432824,0.007998,0.974005,0.799894,2.078271,1.800327,2.688852,0.007998,-1.866337,0.52451
2022-03-02,1.836398,1.677935,1.21663,0.354553,-0.010031,-1.50299,-0.673317,0.887742,-1.071815,-0.97063,-0.010031,1.052794,-1.228412
2022-03-03,-0.501745,-1.428499,-1.581612,-1.201208,0.004989,0.430862,-0.112983,-0.225432,0.595886,-3.351981,0.004989,-1.529158,0.443306
2022-03-04,-0.808816,-1.449164,-2.571239,-1.984614,0.005043,0.992034,0.743237,-0.583087,1.615515,-7.806935,0.005043,-2.320797,0.355513
2022-03-05,,,,,,,,,,0.671938,,,
2022-03-06,,,,,,,,,,-2.488799,,,
2022-03-07,,,,,,,,,,-0.931664,,,
2022-03-08,-0.754644,-0.464815,0.61184,0.379089,0.0,-0.648767,0.398492,1.134781,2.766183,1.774026,0.0,0.577426,-0.466493
2022-03-09,2.665282,3.599805,3.828823,2.870085,-0.010031,-0.61721,-0.95255,-2.180779,-2.945657,8.37864,-0.010031,3.444562,-0.271327
2022-03-10,-0.445431,-1.110475,-1.127994,-1.74377,0.010032,-0.45907,-0.224416,0.809052,0.261639,-6.063095,0.010032,-1.24872,-0.531761
2022-03-11,-1.275706,-2.073843,-0.943378,-1.9802,0.0,-0.027123,0.690794,0.588554,-0.678492,-1.629132,0.0,-1.194217,-0.074606
2022-03-12,,,,,,,,,,0.281065,,,
2022-03-13,,,,,,,,,,-2.710126,,,
2022-03-14,,,,,,,,,,4.800808,,,
2022-03-15,2.193896,3.136693,0.880267,0.273058,-0.010031,-0.04585,-0.822455,-1.033115,-1.761879,-0.82681,-0.010031,0.694185,0.163228
2022-03-16,2.236098,3.708648,3.381346,7.488813,0.010032,-0.137485,-0.504043,-1.295889,0.597829,4.588714,0.010032,4.330933,0.150511
2022-03-17,1.22344,1.210633,0.907356,-0.434304,0.0,-0.192747,1.323716,0.776789,0.378172,-0.467993,0.0,0.508278,0.087564
2022-03-18,1.105056,2.04678,0.857391,1.344961,0.0,0.294297,-0.274181,0.02533,-0.86114,2.075088,0.0,1.163199,0.287718
2022-03-19,,,,,,,,,,0.931783,,,
2022-03-20,,,,,,,,,,-2.234685,,,
2022-03-21,,,,,,,,,,-0.411726,,,
2022-03-22,1.161234,1.96525,0.918768,1.673328,0.004988,-0.548074,-0.473195,2.254385,-0.700049,3.118001,0.004988,1.076182,-0.252045
2022-03-23,-1.28776,-1.437133,-1.262131,-0.67978,0.004997,0.672545,1.2625,0.961533,1.301517,1.261009,0.004997,-1.031424,0.454787
2022-03-24,1.486416,2.222693,0.796282,0.666428,0.0,-0.556692,-0.6153,-1.19048,0.695927,2.489865,0.0,0.689181,-0.12573
2022-03-25,0.507223,-0.083432,0.145543,-0.840938,-0.009984,-1.026305,-0.700563,1.194497,-0.372141,0.88214,-0.009984,-0.066782,-0.881395
2022-03-26,,,,,,,,,,0.342958,,,
2022-03-27,,,,,,,,,,5.212631,,,
2022-03-28,,,,,,,,,,0.656789,,,
2022-03-29,1.264952,1.720999,1.957508,1.690049,0.009985,0.498482,-0.394025,-0.564545,0.108698,0.716615,0.009985,1.958169,0.443316
2022-03-30,-0.622231,-1.104566,-0.367632,-0.282888,0.010021,0.393082,0.428509,-0.485196,0.76004,-0.849174,0.010021,-0.344707,0.226986
2022-03-31,-1.536797,-1.239477,-1.537542,-1.507095,0.0,0.186493,-0.361059,-1.130714,0.107761,-3.238211,0.0,-1.597751,0.075487
2022-04-01,0.276989,-0.19033,0.874456,1.656166,-0.002024,-0.65117,-0.476516,0.898821,-0.699673,1.631512,-0.002024,1.088031,-0.216794
2022-04-02,,,,,,,,,,-0.891704,,,
2022-04-03,,,,,,,,,,1.274538,,,
2022-04-04,,,,,,,,,,0.36404,,,
2022-04-05,-1.236146,-2.22038,-1.19192,-1.74065,-0.00599,-1.191631,-0.748377,1.14091,-0.593315,-2.287907,-0.00599,-1.363334,-1.009686
2022-04-06,-1.012904,-2.171156,-1.289534,-1.222313,0.000985,-0.351318,-0.40213,-0.101619,0.217032,-5.156849,0.000985,-1.248941,-0.306055
2022-04-07,0.504321,0.237787,0.105335,-0.771145,0.005006,-0.247764,-0.151407,0.410298,0.379002,0.687646,0.005006,-0.067472,-0.204637
2022-04-08,-0.242389,-1.397916,-0.021036,0.126495,0.0,-0.506294,0.168486,0.807145,0.593305,-2.795577,0.0,0.033748,-0.538232
2022-04-09,,,,,,,,,,1.169307,,,
2022-04-10,,,,,,,,,,-1.342768,,,
2022-04-11,,,,,,,,,,-6.363226,,,
2022-04-12,-0.365977,-0.422427,-0.659588,-0.365629,0.0,0.482377,-0.016816,0.559242,0.747062,1.531508,0.0,-0.546248,0.323624
2022-04-13,1.12925,2.032678,1.178006,1.376151,0.004996,0.220859,-0.151644,0.801124,0.529663,2.59063,0.004996,1.18434,0.116098
2022-04-14,-1.21482,-2.286703,-0.486889,-1.321254,0.003018,-0.900582,-0.050643,0.821027,-0.316119,-2.990801,0.003018,-0.661583,-0.683035
2022-04-15,,,,,,,,,,1.547368,,,
2022-04-16,,,,,,,,,,-0.31805,,,
2022-04-17,,,,,,,,,,-1.750254,,,
2022-04-18,,,,,,,,,,2.792917,,,
2022-04-19,1.597161,2.2351,0.448595,-0.404361,0.0,-0.659295,-0.540466,1.005814,-1.580607,1.65711,0.0,0.205702,-0.624929
2022-04-20,-0.075802,-1.458463,0.744373,-0.535127,0.0,0.780801,0.764151,-1.697948,0.4818,-0.309307,0.0,0.359212,0.628858
2022-04-21,-1.482703,-2.069092,-1.182165,-1.836756,0.0,-0.551989,0.387604,1.363625,-0.266389,-2.047198,0.0,-1.295372,-0.533791
2022-04-22,-2.729432,-2.618574,-1.837213,-0.888286,0.0,0.048641,-0.386108,-0.256237,-0.96153,-1.942004,0.0,-1.554137,-0.130887
2022-04-23,,,,,,,,,,-0.638117,,,
2022-04-24,,,,,,,,,,-0.04416,,,
2022-04-25,,,,,,,,,,2.505785,,,
2022-04-26,-2.859317,-3.774484,-2.714552,-2.229064,0.00505,0.667307,0.202292,0.064967,0.054916,-5.785827,0.00505,-2.560941,0.260467
2022-04-27,0.258774,-0.119835,0.45004,1.139921,0.0,-0.557219,-0.185095,0.941254,-0.713497,2.947888,0.0,0.670663,-0.311797
2022-04-28,2.505689,3.551576,1.568119,1.30199,0.009954,-0.144887,0.556307,1.977486,0.497513,1.357522,0.009954,1.476406,-0.039052
2022-04-29,-3.673005,-4.499868,-1.257175,0.230194,0.0,-0.532133,-0.888523,-0.299546,0.0,-2.926557,0.0,-0.887123,-0.677875
2022-04-30,,,,,,,,,,-2.317931,,,
2022-05-01,,,,,,,,,,1.999791,,,
2022-05-02,,,,,,,,,,0.156579,,,
2022-05-03,0.432968,0.106764,0.806819,0.728653,0.0,0.117729,0.258668,-1.795141,0.33632,-2.021512,0.0,0.8619,0.237907
2022-05-04,3.033475,3.38121,1.711874,1.142215,0.0,0.646856,0.842784,-1.084122,1.005588,5.159986,0.0,1.442041,0.64611
2022-05-05,-3.512172,-5.036394,-3.191271,-3.670235,0.00999,-1.002935,-1.074544,1.701384,-0.387166,-7.867402,0.00999,-3.194096,-0.995683
2022-05-06,-0.628161,-1.198067,-0.903129,-1.172327,0.0,-0.570455,-0.293105,1.472433,0.166578,-1.460606,0.0,-1.033347,-0.423466
2022-05-07,,,,,,,,,,-1.495436,,,
2022-05-08,,,,,,,,,,-4.063685,,,
2022-05-09,,,,,,,,,,-11.04637,,,
2022-05-10,0.256906,1.214853,0.493781,0.468224,0.0,0.333843,-0.451113,-0.907124,-0.900393,2.396126,0.0,0.510206,0.291015
2022-05-11,-1.611058,-2.965807,-0.514738,-0.769996,0.0,0.616588,1.167833,0.558721,0.908574,-6.725839,0.0,-0.545215,0.342976
2022-05-12,-0.07758,-0.236449,-0.376304,-0.735145,0.0,0.330702,-0.499677,-0.436319,-1.519417,0.384971,0.0,-0.37806,0.197197
2022-05-13,2.359644,3.705976,2.809229,2.756641,0.0,-0.523493,0.588772,1.298945,-0.857141,0.810223,0.0,2.694496,-0.367357
2022-05-14,,,,,,,,,,2.793973,,,
2022-05-15,,,,,,,,,,3.999326,,,
2022-05-16,,,,,,,,,,-4.6069,,,
2022-05-17,2.000865,2.590131,1.92617,2.451282,0.010016,-0.756993,-0.533476,-1.330051,-0.513993,1.885079,0.010016,2.051394,-0.591598
2022-05-18,-3.960563,-4.909027,-2.384706,-2.373028,0.0,0.71386,0.709384,0.0,0.0,-5.605712,0.0,-2.2999,0.423195
2022-05-19,-0.668791,-0.535818,1.037117,1.586999,0.009952,0.359265,-0.395144,-0.877738,1.492539,5.550304,0.009952,1.093592,0.210747
2022-05-20,0.025129,-0.310851,0.570232,0.395472,-0.009951,0.464423,0.086227,-0.158133,0.113125,-3.673489,-0.009951,0.568396,0.302273
2022-05-21,,,,,,,,,,0.792741,,,
2022-05-22,,,,,,,,,,3.028979,,,
2022-05-23,,,,,,,,,,-4.039123,,,
2022-05-24,-0.720911,-2.126246,-0.356764,-1.66145,0.004975,0.862302,0.518815,-0.890588,0.731565,1.913047,0.004975,-0.790788,0.815243
2022-05-25,0.83383,1.39957,-0.044745,0.477035,0.0,0.201772,0.12037,0.256738,-0.614518,-0.314358,0.0,0.163055,0.404343
2022-05-26,1.987977,2.770703,1.09692,1.463901,0.010022,-0.047946,0.395197,0.096017,-0.112425,-0.998353,0.010022,1.193682,-0.103913
2022-05-27,2.507636,3.263947,1.240056,1.130825,0.0,0.143865,0.239614,-0.447715,0.0,-2.185552,0.0,1.268998,0.286115
2022-05-28,,,,,,,,,,0.654356,,,
2022-05-29,,,,,,,,,,2.190036,,,
2022-05-30,,,,,,,,,,7.744471,,,
2022-05-31,,,,,,,,,,0.207776,,,
2022-06-01,-0.837538,-0.739623,-0.900879,-0.684802,0.000975,-0.563008,-0.44275,1.724683,0.681812,-6.269536,0.000975,-0.969853,-0.446827
2022-06-02,1.899085,2.738569,2.106425,1.742961,0.010003,0.146193,0.453435,-0.345369,1.128673,2.24305,0.010003,1.994321,0.091893
2022-06-03,-1.618664,-2.601929,-1.541797,-1.675458,0.0,-0.194656,0.694463,1.26024,-1.004466,-2.504629,0.0,-1.51887,-0.144282
2022-06-04,,,,,,,,,,0.432675,,,
2022-06-05,,,,,,,,,,0.247204,,,
2022-06-06,,,,,,,,,,4.895263,,,
2022-06-07,0.977603,0.862582,0.241733,0.362247,0.0,0.402752,0.260513,-0.308842,0.679506,-0.68597,0.0,0.300039,0.343454
2022-06-08,-1.093751,-0.719643,-1.249487,0.303938,0.0,-0.371823,-0.294443,1.301142,-0.056244,-3.020731,0.0,-0.809443,-0.408115
2022-06-09,-2.351903,-2.678458,-2.086541,-2.25304,0.010003,-0.088353,0.052096,0.366963,-0.337655,-0.338771,0.010003,-2.093287,-0.132189
2022-06-10,-2.934199,-3.527049,-2.31242,-0.999604,0.0,-0.983039,-0.468742,0.213278,1.355176,-3.414564,0.0,-1.99312,-0.847125
2022-06-11,,,,,,,,,,-2.485899,,,
2022-06-12,,,,,,,,,,-5.635107,,,
2022-06-13,,,,,,,,,,-15.974726,,,
2022-06-14,-0.249672,0.181553,-0.913031,1.292588,0.0,-0.798472,-1.348694,-0.059995,-0.686886,-1.247791,0.0,-0.229582,-0.542727
2022-06-15,1.431877,2.497185,1.770155,1.377346,-0.004992,1.39581,1.367133,-1.801273,1.268008,1.648355,-0.004992,1.553193,1.145952
2022-06-16,-3.285291,-4.034663,-2.406494,-3.136852,0.025027,0.653153,-0.195187,-0.24458,1.138308,-9.707194,0.025027,-2.586842,0.215806
2022-06-17,0.261096,1.215994,-0.341816,0.453794,0.009956,0.029968,-0.053344,0.061311,-0.844117,0.44075,0.009956,-0.310121,0.053882
2022-06-18,,,,,,,,,,-7.101781,,,
2022-06-19,,,,,,,,,,8.07476,,,
2022-06-20,,,,,,,,,,0.225101,,,
2022-06-21,,,,,,,,,,0.539141,,,
2022-06-22,-0.21086,-0.145853,-0.928888,-1.783528,-0.010016,1.264017,0.660818,-1.668176,0.513103,-3.493711,-0.010016,-1.102301,0.824303
2022-06-23,1.050693,1.489276,-0.370088,0.371421,0.010017,0.564697,0.248431,-1.079591,-0.680652,5.497804,0.010017,-0.13688,0.482479
2022-06-24,3.113438,3.426385,2.971779,2.343761,-0.020024,-0.354647,0.12388,-0.218258,-0.114223,0.69136,-0.020024,2.721762,-0.186776
2022-06-25,,,,,,,,,,1.274896,,,
2022-06-26,,,,,,,,,,-2.209262,,,
2022-06-27,,,,,,,,,,-1.387798,,,
2022-06-28,-2.16087,-3.046659,-0.530142,-0.68286,0.0,0.129205,-0.320567,0.900048,-0.228827,-2.193553,0.0,-0.515264,0.053747
2022-06-29,0.049227,0.091692,-0.605618,-0.303337,0.009934,0.804281,-0.196488,0.461396,0.0,-0.870837,0.009934,-0.633049,0.577091
2022-06-30,-0.789388,-1.240318,-0.560562,-0.486801,0.019985,0.76832,-0.107445,-0.796073,-0.630737,-1.588224,0.019985,-0.366801,0.426993
2022-07-01,1.026283,0.660042,0.220588,-0.733809,-0.010987,1.072009,1.63102,-0.740737,-0.173114,-2.604834,-0.010987,-0.038742,0.797572
2022-07-02,,,,,,,,,,-0.140697,,,
2022-07-03,,,,,,,,,,0.284895,,,
2022-07-04,,,,,,,,,,4.841073,,,
2022-07-05,,,,,,,,,,-0.203381,,,
2022-07-06,0.361758,0.641175,0.0,-0.64155,0.0,-0.849246,-0.925927,0.09351,-1.417601,1.773793,0.0,-0.177724,-0.606523
2022-07-07,1.467404,2.139908,1.624613,2.103727,0.010041,-0.6132,-0.16179,0.311417,0.0,5.301386,0.010041,1.740861,-0.278604
2022-07-08,-0.058762,0.12546,0.245905,-0.122395,0.0,-0.60717,-0.017979,0.310487,0.059917,0.432254,0.0,0.07778,-0.332593
2022-07-09,,,,,,,,,,-0.639222,,,
2022-07-10,,,,,,,,,,-3.38899,,,
2022-07-11,,,,,,,,,,-4.265932,,,
2022-07-12,-0.922867,-0.96871,-0.099813,-0.398082,-0.01004,0.234636,-0.035953,-1.014456,-0.301212,-3.23798,-0.01004,-0.138672,0.172832
2022-07-13,-0.465704,-0.206141,-0.124862,-0.168289,-0.009995,0.429107,0.449664,0.590076,0.362546,4.596171,-0.009995,-0.119084,0.31866
2022-07-14,-0.264112,0.357077,-1.475341,-0.75853,0.02998,-0.553553,-0.143227,0.740958,-1.324511,1.770455,0.02998,-1.350803,-0.317647
2022-07-15,1.891004,1.813945,1.522831,0.552034,-0.009939,0.341821,0.537864,-0.766153,-0.305059,1.295135,-0.009939,1.248476,0.35846
2022-07-16,,,,,,,,,,1.6989,,,
2022-07-17,,,,,,,,,,-1.939436,,,
2022-07-18,,,,,,,,,,8.21174,,,
2022-07-19,2.71447,3.075306,2.583875,1.615276,0.010048,-0.458793,-0.142818,-0.859147,0.244493,4.019197,0.010048,2.371544,-0.079605
2022-07-20,0.640605,1.585642,-0.4844,-0.43354,0.0,-0.098027,-0.089412,0.464244,-0.914632,-0.674241,0.0,-0.540545,-0.09297
2022-07-21,1.011208,1.435542,1.119508,1.119647,0.009974,1.138595,0.644234,-1.44793,1.476922,-0.288844,0.009974,1.125775,0.824065
2022-07-22,-0.911071,-1.753557,-0.336951,-0.984201,0.02001,1.145184,0.835691,-1.00033,0.181933,-1.941108,0.02001,-0.499047,0.817248
2022-07-23,,,,,,,,,,-1.098394,,,
2022-07-24,,,,,,,,,,0.639584,,,
2022-07-25,,,,,,,,,,-5.51751,,,
2022-07-26,-1.199083,-1.964879,-1.365253,-0.886601,-0.010071,0.038512,0.070722,0.911377,-0.121288,-0.570869,-0.010071,-1.168794,0.026258
2022-07-27,2.619324,4.225951,2.282648,1.934685,0.019999,0.202129,0.582921,-1.058866,0.910756,7.96052,0.019999,2.132597,0.275522
2022-07-28,1.264044,0.977813,0.641034,0.408157,0.0,0.989456,1.053751,-1.101679,1.263532,3.983062,0.0,0.607458,0.693483
2022-07-29,1.465235,1.823711,1.34465,-0.284533,-0.019995,0.038076,0.59088,-0.572869,0.297084,-0.164629,-0.019995,0.92452,-0.078018
2022-07-30,,,,,,,,,,-0.623516,,,
2022-07-31,,,,,,,,,,-1.349796,,,
2022-08-01,,,,,,,,,,-0.097259,,,
2022-08-02,-0.646067,-0.29815,-1.559569,-0.555091,0.004993,-1.382591,-1.2023,1.198574,-0.589266,-1.441534,0.004993,-1.237344,-1.011929
2022-08-03,1.561771,2.723253,0.709362,0.826955,0.014969,0.41292,0.511468,0.57617,0.355658,-0.57276,0.014969,0.645413,0.498046
2022-08-04,-0.078702,0.467671,0.493079,0.738164,0.010038,0.506822,-0.017552,-1.527689,1.594805,-0.943474,0.010038,0.528099,0.2478
2022-08-05,-0.207495,-0.816896,-0.700919,-0.020348,0.0,-1.446208,-0.947727,1.163552,-1.220936,2.909101,0.0,-0.487803,-1.131825
2022-08-06,,,,,,,,,,-1.408522,,,
2022-08-07,,,,,,,,,,0.934666,,,
2022-08-08,,,,,,,,,,2.733857,,,
2022-08-09,-0.395111,-1.131863,-0.609912,-0.243846,0.02002,-0.297513,-0.26405,0.0,0.291722,-2.70971,0.02002,-0.526328,-0.222689
2022-08-10,2.094468,2.791096,2.383789,1.242617,-0.010026,0.057751,-0.141239,-1.58881,-0.232699,3.381598,-0.010026,2.07863,0.275687
2022-08-11,0.0,-0.567596,0.0,0.382285,0.019972,-0.663807,-0.424269,0.678101,-0.23323,0.041285,0.019972,0.148085,-0.56297
2022-08-12,1.712158,1.94704,0.829864,1.062338,0.009961,0.397052,0.443843,-0.513162,0.876678,1.85866,0.009961,0.794814,0.460851
2022-08-13,,,,,,,,,,0.08708,,,
2022-08-14,,,,,,,,,,-0.428816,,,
2022-08-15,,,,,,,,,,-0.749862,,,
2022-08-16,0.174966,-0.234196,0.092094,0.059807,0.010015,-0.115354,-0.017695,0.096317,-0.058687,-1.051009,0.010015,0.055319,-0.130914
2022-08-17,-0.68349,-1.140593,-0.851155,-0.358644,0.009987,-0.673944,-0.283065,0.28862,-0.645923,-2.291531,0.009987,-0.700432,-0.589909
2022-08-18,0.308422,0.240484,-0.324823,-0.619852,0.009986,0.193879,0.567768,0.86346,-0.295504,-0.528196,0.009986,-0.389847,0.1846
2022-08-19,-1.379724,-1.9497,-1.48976,-1.287717,0.0,-0.861005,-0.17643,0.919476,-0.711327,-10.059931,0.0,-1.341775,-0.631841
2022-08-20,,,,,,,,,,1.381904,,,
2022-08-21,,,,,,,,,,1.738919,,,
2022-08-22,,,,,,,,,,-0.627901,,,
2022-08-23,-0.236876,-0.082702,0.192137,0.513986,-0.029924,-0.245013,0.123991,0.094053,0.721593,0.603674,-0.029924,0.268304,-0.039945
2022-08-24,0.303409,0.289723,0.119803,0.184099,0.019977,-0.334068,0.0,-0.093964,0.238811,-0.618115,0.019977,0.191121,-0.252935
2022-08-25,1.457168,1.768215,1.17308,1.980398,0.02495,0.640775,0.318341,-0.846385,0.357352,0.962302,0.02495,1.316321,0.547179
2022-08-26,-3.42727,-4.098837,-2.650226,-1.601603,0.0,-0.117544,-0.158661,0.474218,-1.246297,-6.20754,0.0,-2.278307,-0.19907
2022-08-27,,,,,,,,,,-1.077399,,,
2022-08-28,,,,,,,,,,-2.120194,,,
2022-08-29,,,,,,,,,,3.472428,,,
2022-08-30,-1.086331,-1.113625,-0.828467,-1.206312,0.0,-0.029554,-0.15957,0.438605,-0.840837,-2.469138,0.0,-0.888892,0.080211
2022-08-31,-0.786845,-0.581339,-0.589683,0.289759,0.009933,-0.414376,-0.781414,0.093561,-0.787408,1.277757,0.009933,-0.389969,-0.413901
2022-09-01,0.308439,0.043421,-1.33467,-0.680989,0.028,-0.794993,-0.7882,1.589274,-0.793646,0.385925,0.028,-1.096089,-0.542663
2022-09-02,-1.048671,-1.412818,-0.62625,-0.768741,0.0,0.560282,0.52602,-0.092019,0.861535,-0.781875,0.0,-0.613473,0.25661
2022-09-03,,,,,,,,,,-0.68946,,,
2022-09-04,,,,,,,,,,0.779671,,,
2022-09-05,,,,,,,,,,-0.872288,,,
2022-09-06,,,,,,,,,,-4.919669,,,
2022-09-07,1.79269,2.020136,0.860734,0.805418,0.02003,0.653928,0.382525,-0.697186,0.920255,2.402931,0.02003,0.861738,0.720467
2022-09-08,0.653573,0.518438,0.150617,-0.399487,0.019998,-0.36976,-0.508077,0.396829,-0.547113,0.204816,0.019998,0.039718,-0.310406
2022-09-09,1.543182,2.186225,2.581439,1.477725,-0.010006,0.009982,0.018243,-0.334434,0.550123,10.612188,-0.010006,2.164825,-0.040617
2022-09-10,,,,,,,,,,1.400237,,,
2022-09-11,,,,,,,,,,0.4092,,,
2022-09-12,,,,,,,,,,2.761662,,,
2022-09-13,-4.361388,-5.48369,-3.425815,-3.160261,0.029913,-0.563076,-0.292712,1.539856,-1.210658,-9.270007,0.029913,-3.357624,-0.501755
2022-09-14,0.373572,0.793322,0.449651,0.656903,-0.009905,0.050522,0.256871,-0.1213,-0.367644,-0.274021,-0.009905,0.496335,0.12269
2022-09-15,-1.116527,-1.665363,-0.969913,-1.03157,0.029934,-0.343596,-0.457478,0.242924,-1.968024,-2.667242,0.029934,-0.987759,-0.299511
2022-09-16,-0.786226,-0.611474,-0.65292,-1.021066,0.0,0.081149,-0.441169,-0.302948,0.564624,0.362277,0.0,-0.758192,-0.10928
2022-09-17,,,,,,,,,,1.795376,,,
2022-09-18,,,,,,,,,,-3.517911,,,
2022-09-19,,,,,,,,,,0.641742,,,
2022-09-20,-1.126637,-0.797112,-1.667057,-0.449964,0.019939,-0.619903,-0.148343,0.697186,-0.561104,-3.342896,0.019939,-1.408436,-0.492415
2022-09-21,-1.759966,-1.790619,-1.28438,-1.6143,0.009981,0.398789,0.204255,0.541843,0.438876,-1.817757,0.009981,-1.428574,0.274959
2022-09-22,-0.844089,-1.230766,-0.468385,-0.459414,0.010026,-1.507414,-1.16751,0.209574,0.062423,4.669929,0.010026,-0.310574,-1.02812
2022-09-23,-1.66198,-1.628151,-3.267971,-2.483516,0.019949,0.124102,-0.412517,1.105467,-1.746729,-0.597068,0.019949,-3.032185,-0.277004
2022-09-24,,,,,,,,,,-1.868762,,,
2022-09-25,,,,,,,,,,-0.712436,,,
2022-09-26,,,,,,,,,,2.236847,,,
2022-09-27,-0.282473,0.040101,-0.604242,-0.114263,0.010004,-0.682724,-0.459524,0.699283,0.192683,-0.583296,0.010004,-0.478592,-0.436126
2022-09-28,1.964224,1.989196,2.238208,0.915138,0.0,2.252558,1.711872,-2.141182,2.05128,1.654447,0.0,1.92351,1.554315
2022-09-29,-2.085283,-2.882756,-1.243233,-2.131055,0.029883,-0.465397,-1.361592,0.118273,-0.062816,0.753241,0.029883,-1.544088,-0.514817
2022-09-30,-1.523777,-1.695638,-0.492635,-0.440111,0.01,-0.259802,-0.690164,0.236259,0.062855,-0.721715,0.01,-0.304943,-0.237752
2022-10-01,,,,,,,,,,-0.615967,,,
2022-10-02,,,,,,,,,,-1.387671,,,
2022-10-03,,,,,,,,,,3.042792,,,
2022-10-04,3.0358,3.144086,3.981733,3.202949,0.009935,0.206301,0.363429,-1.848547,1.410187,3.634728,0.009935,3.551579,0.250797
2022-10-05,-0.172814,-0.053153,-1.19018,-0.110843,0.0,-0.947076,-0.762346,0.972077,-0.604597,-0.866049,0.0,-0.888442,-0.528102
2022-10-06,-1.053057,-0.787312,-1.675833,-0.510441,0.029984,-0.55078,-0.364886,1.143177,-0.121657,-1.018185,0.029984,-1.375862,-0.377281
2022-10-07,-2.80792,-3.810386,-1.571223,-2.09681,0.009986,-0.491196,0.077115,1.041065,-1.035323,-2.04753,0.009986,-1.733237,-0.518955
2022-10-08,,,,,,,,,,-0.666508,,,
2022-10-09,,,,,,,,,,0.153773,,,
2022-10-10,,,,,,,,,,-1.56811,,,
2022-10-11,-0.658929,-1.373827,-1.171315,-1.430893,0.009957,0.253521,0.289859,0.233644,-0.187498,-0.47053,0.009957,-1.322362,0.028346
2022-10-12,-0.310344,-0.034227,-0.2481,0.0,-0.01994,0.326619,0.211962,-0.233099,0.563552,0.556533,-0.01994,-0.153773,0.113276
2022-10-13,2.618735,2.345224,2.072416,0.327799,0.029966,-0.420091,-0.115388,-0.087618,-0.684929,1.176874,0.029966,1.606167,-0.353589
2022-10-14,-2.251513,-3.005734,-1.705476,-1.493572,0.019938,-0.559017,0.038518,1.023075,-1.253917,-1.017639,0.019938,-1.580777,-0.482508
2022-10-15,,,,,,,,,,-0.615155,,,
2022-10-16,,,,,,,,,,1.051305,,,
2022-10-17,,,,,,,,,,1.467006,,,
2022-10-18,1.178051,0.790806,0.670787,0.06925,0.019981,0.254301,-0.268562,-0.380893,0.253485,-1.106565,0.019981,0.514825,0.227712
2022-10-19,-0.692138,-0.364682,-1.146039,-1.730113,0.0,-1.046285,-0.480863,1.764682,-1.264221,-1.007948,0.0,-1.429809,-0.823536
2022-10-20,-0.821003,-0.510191,-0.269615,0.657271,0.019932,-0.747632,-0.135285,0.549146,-0.256082,-0.44826,0.019932,0.108285,-0.672853
2022-10-21,2.402988,2.344786,1.865341,1.352636,0.019928,0.225993,0.232234,-1.034781,1.86136,0.623124,0.019928,1.730076,0.172987
2022-10-22,,,,,,,,,,0.186312,,,
2022-10-23,,,,,,,,,,1.868049,,,
2022-10-24,,,,,,,,,,-1.131678,,,
2022-10-25,1.62601,2.068579,2.232823,1.049876,-0.009984,1.247089,0.404403,-1.242038,0.189752,3.87833,-0.009984,1.719692,0.950972
2022-10-26,-0.746285,-2.209631,1.014081,1.416744,0.0,0.509654,-0.153427,-1.374665,0.694442,3.356831,0.0,1.162306,0.399671
2022-10-27,-0.535441,-1.820613,-0.669252,-0.62863,0.049887,0.707766,0.768341,0.266886,-0.125389,-2.33315,0.049887,-0.772933,0.526025
2022-10-28,2.333711,3.060089,0.777404,-0.468607,0.0,-0.513978,-0.076263,0.62112,-1.004393,1.525772,0.0,0.484209,-0.197977
2022-10-29,,,,,,,,,,1.083376,,,
2022-10-30,,,,,,,,,,-0.878417,,,
2022-10-31,,,,,,,,,,-0.677616,,,
2022-11-01,-0.402882,-1.021777,0.855594,1.723724,0.011019,-0.01805,0.082494,-0.612769,1.087652,-0.05123,0.011019,1.098691,0.10395
2022-11-02,-2.55147,-3.427721,-1.516705,-0.858885,0.019957,-0.16985,-0.268323,0.880776,-0.696206,-1.590262,0.019957,-1.253924,-0.156539
2022-11-03,-1.065317,-1.95348,-0.809206,0.608776,0.039979,-0.436043,-1.095306,0.611178,-0.446142,0.250425,0.039979,-0.359781,-0.384887
2022-11-04,1.464075,1.608531,3.815799,4.072603,0.009991,-0.213614,0.330273,-1.15708,3.137009,4.63752,0.009991,3.823295,0.028607
2022-11-05,,,,,,,,,,0.640561,,,
2022-11-06,,,,,,,,,,-1.673684,,,
2022-11-07,,,,,,,,,,-1.5467,,,
2022-11-08,0.544177,0.728756,1.211478,0.760296,0.00998,0.666044,0.135299,-1.490786,2.242995,-10.006132,0.00998,1.081149,0.445199
2022-11-09,-2.042514,-2.307656,-1.396489,-1.731041,0.02999,0.341486,-0.193019,0.356081,-0.426567,-14.349022,0.02999,-1.614515,0.142967
2022-11-10,5.473005,7.378868,5.56398,3.63595,0.009958,2.243986,1.605376,-3.903016,2.998775,10.74249,0.009958,4.92308,2.070253
2022-11-11,0.956745,1.84258,1.868702,2.266295,0.009975,-0.208024,-0.076098,-1.507705,0.594179,-3.141444,0.009975,1.99412,0.0
2022-11-12,,,,,,,,,,-1.380201,,,
2022-11-13,,,,,,,,,,-2.653821,,,
2022-11-14,,,,,,,,,,1.619446,,,
2022-11-15,0.825967,1.383838,0.618647,2.184623,0.0,0.741796,0.632917,-0.995971,0.412502,1.603146,0.0,1.006373,0.701679
2022-11-16,-0.759115,-1.36495,-0.37833,-1.697753,-0.009974,0.736388,0.228722,-0.723041,-0.293434,-1.274378,-0.009974,-0.728097,0.571356
2022-11-17,-0.288911,-0.2207,-0.118706,0.255874,0.049874,-0.679491,-0.684542,0.759986,-0.647443,0.108451,0.049874,0.077189,-0.415696
2022-11-18,0.44151,0.003489,0.166345,-0.595495,0.0,-0.352495,-0.459521,0.502826,-0.710894,0.061482,0.0,-0.115716,-0.166991
2022-11-19,,,,,,,,,,0.082463,,,
2022-11-20,,,,,,,,,,-2.511526,,,
2022-11-21,,,,,,,,,,-3.096937,,,
2022-11-22,1.331645,1.440286,1.482931,0.216363,0.029921,0.572508,0.382747,-0.653168,0.0,2.549427,0.029921,1.187681,0.515714
2022-11-23,0.6258,1.003648,1.154809,0.841963,0.019948,0.538192,0.514813,-1.158444,0.599882,2.600022,0.019948,1.01982,0.610078
2022-11-24,,,,,,,,,,-0.037579,,,
2022-11-25,,,,,,,,,,-0.497595,,,
2022-11-26,,,,,,,,,,-0.348391,,,
2022-11-27,,,,,,,,,,-0.119375,,,
2022-11-28,,,,,,,,,,-1.382243,,,
2022-11-29,-0.175829,-0.756928,0.258819,2.0505,0.0,-0.421995,-0.380353,0.221085,0.419662,1.403809,0.0,0.788006,-0.372602
2022-11-30,3.077246,4.558577,1.877495,2.707285,0.009978,0.899315,1.37454,-1.544263,1.194034,4.400029,0.009978,2.021377,0.775624
2022-12-01,0.013358,0.122699,0.852334,-0.185332,0.042981,1.092208,1.080862,-1.056346,1.946902,-1.17327,0.042981,0.523354,0.833396
2022-12-02,-0.14418,-0.398316,-0.091366,0.433263,0.009928,0.203119,0.805211,-0.323507,-0.289358,0.716252,0.009928,0.092962,0.409813
2022-12-03,,,,,,,,,,-1.05581,,,
2022-12-04,,,,,,,,,,1.314448,,,
2022-12-05,,,,,,,,,,-0.908673,,,
2022-12-06,-1.445529,-2.072059,-0.673172,-0.187075,0.019982,0.614241,-0.075074,-0.064263,0.295504,0.675575,0.019982,-0.45206,0.329115
2022-12-07,-0.193348,-0.408242,0.0,-0.520613,-0.01003,0.875038,0.413137,-0.836012,0.942839,-1.412428,-0.01003,-0.22706,0.874765
2022-12-08,0.788745,1.183452,0.560849,1.088556,0.049937,-0.564863,0.01871,-0.097278,0.058378,2.287184,0.049937,0.720673,-0.284513
2022-12-09,-0.730399,-0.637647,0.069744,-0.579843,0.0,-0.740491,-0.897544,0.746509,0.291722,-0.582136,0.0,-0.150649,-0.584329
2022-12-10,,,,,,,,,,-0.025843,,,
2022-12-11,,,,,,,,,,-0.143217,,,
2022-12-12,,,,,,,,,,0.597772,,,
2022-12-13,0.739088,1.075,1.297199,0.803124,0.009943,0.900609,0.30207,-0.806438,1.64127,3.34108,0.009943,1.187111,0.683435
2022-12-14,-0.603705,-0.741373,-0.045716,0.042044,0.0,0.273835,-0.263519,-0.19514,-0.230686,0.193079,0.0,-0.130349,0.244352
2022-12-15,-2.459395,-3.357657,-2.608082,-2.227379,0.037032,0.194622,0.018862,-0.032582,-1.61849,-2.530276,0.037032,-2.386727,0.054188
2022-12-16,-1.192317,-0.953416,-0.775199,0.150465,0.009992,-0.252886,-0.511716,0.717072,0.94007,-4.13122,0.009992,-0.55396,-0.257167
2022-12-17,,,,,,,,,,0.886665,,,
2022-12-18,,,,,,,,,,-0.220989,,,
2022-12-19,,,,,,,,,,-1.899375,,,
2022-12-20,0.15238,-0.077833,0.480094,-0.085654,0.020036,-0.725869,-0.038385,0.647471,1.692942,2.838407,0.020036,0.311474,-0.655206
2022-12-21,1.495688,1.450578,1.003332,0.836016,0.0,0.123567,0.575815,-0.41816,-0.17222,-0.525068,0.0,0.950897,0.233543
2022-12-22,-1.406046,-2.446522,-0.875124,-0.80784,0.059979,-0.030851,-0.534338,0.678305,-1.322597,0.076151,0.059979,-0.768948,-0.013699
2022-12-23,0.560184,0.224921,0.501083,-0.128573,0.0,-0.452723,-0.230236,-0.09624,0.349647,-0.198384,0.0,0.232474,-0.313326
2022-12-24,,,,,,,,,,0.302452,,,
2022-12-25,,,,,,,,,,-0.034245,,,
2022-12-26,,,,,,,,,,0.46205,,,
2022-12-27,,,,,,,,,,-1.197596,,,
2022-12-28,-1.226922,-1.320243,-1.137452,-1.481164,0.009989,-0.239735,-0.115931,0.853395,-0.460829,-0.984626,0.009989,-1.191845,-0.138916
2022-12-29,1.773695,2.437504,1.581999,1.739703,0.039961,0.49108,0.386877,-0.548133,0.578695,0.54233,0.039961,1.634253,0.375663
2022-12-30,-0.27533,-0.060045,-0.967433,-1.414406,0.0,-0.415921,-0.211984,0.275581,0.517837,-0.238884,0.0,-0.995417,-0.415857
2022-12-31,,,,,,,,,,-0.331815,,,
2023-01-01,,,,,,,,,,0.468856,,,
2023-01-02,,,,,,,,,,0.381295,,,
2023-01-03,,,,,,,,,,-0.051612,,,
2023-01-04,0.72003,0.476373,1.492897,2.910591,-0.01,0.766575,0.077034,-0.757562,1.022729,1.099415,-0.01,1.709237,0.567731
2023-01-05,-1.092185,-1.565438,-1.120721,-0.495472,0.039923,-0.143906,0.0,0.173483,-1.293596,-0.157158,0.039923,-0.868576,-0.110173
2023-01-06,2.274421,2.760149,2.762694,2.157688,0.019967,1.286899,0.865862,-1.281615,1.937323,0.684411,0.019967,2.342846,1.10272
2023-01-07,,,,,,,,,,0.018342,,,
2023-01-08,,,,,,,,,,0.802511,,,
2023-01-09,,,,,,,,,,0.616753,,,
2023-01-10,0.712837,0.846437,0.251654,0.665459,0.0,-0.628611,-0.380305,0.456633,0.390405,1.452258,0.0,0.40724,-0.394301
2023-01-11,1.276247,1.730025,0.753087,0.540866,0.0,0.642765,0.439001,-0.629389,-0.111114,2.800615,0.0,0.60841,0.532338
2023-01-12,0.374162,0.540403,1.449612,0.478187,0.069857,0.892172,0.722157,-0.211104,1.16797,5.21158,0.069857,1.209462,0.773956
2023-01-13,0.389263,0.688088,0.513511,0.535388,0.009988,-0.532548,-0.735816,0.141034,1.209452,5.511442,0.009988,0.561295,-0.336841
2023-01-14,,,,,,,,,,5.357847,,,
2023-01-15,,,,,,,,,,-0.455276,,,
2023-01-16,,,,,,,,,,1.383252,,,
2023-01-17,,,,,,,,,,-0.038325,,,
2023-01-18,-1.624413,-1.299971,-0.442965,-0.674058,0.02991,1.357878,0.686362,-0.667116,-0.328056,-2.233952,0.02991,-0.539751,0.920512
2023-01-19,-0.720001,-0.98246,-0.111236,0.798411,0.019934,-0.189952,0.586994,0.671597,1.645645,1.923805,0.019934,0.198975,-0.201166
2023-01-20,1.839626,2.736684,1.024496,1.405924,0.01993,-0.661118,-0.527104,-0.070212,-0.323807,7.539125,0.01993,0.992977,-0.443567
2023-01-21,,,,,,,,,,0.445713,,,
2023-01-22,,,,,,,,,,-0.251163,,,
2023-01-23,,,,,,,,,,0.941953,,,
2023-01-24,-0.10594,-0.204188,-0.021947,-0.019372,0.029889,0.576609,0.549231,-0.035131,0.432666,-1.299195,0.029889,0.017778,0.446605
2023-01-25,0.035354,-0.221946,0.505044,0.116301,0.009978,0.110686,0.207208,-0.07031,0.430802,2.126615,0.009978,0.409116,0.121285
2023-01-26,1.068275,1.949757,0.305898,0.929529,0.029868,-0.361721,0.03759,0.175862,-0.857908,-0.368036,0.029868,0.354298,-0.18843
2023-01-27,0.285099,0.995432,-0.108919,-0.537219,0.009965,-0.151285,-0.244277,-0.210675,-0.216328,0.199503,0.009965,-0.229465,-0.107851
2023-01-28,,,,,,,,,,-0.206418,,,
2023-01-29,,,,,,,,,,3.228143,,,
2023-01-30,,,,,,,,,,-3.930367,,,
2023-01-31,1.420377,1.498615,0.615641,0.058997,0.0,0.506488,-0.037853,-0.879645,0.380226,1.309732,0.0,0.500624,0.4602
2023-02-01,1.095208,2.13837,0.895975,1.258121,0.01398,0.719248,0.795309,0.390479,1.244586,2.525948,0.01398,0.94289,0.642862
2023-02-02,1.433023,3.588985,-0.021643,-0.543589,0.049977,-0.040121,-0.187875,-0.565763,-2.084444,-1.061798,0.049977,-0.246735,0.067094
2023-02-03,-1.068063,-1.777222,-1.126517,-1.756791,0.009946,-1.073536,-0.865814,0.071111,-2.565498,-0.096067,0.009946,-1.183746,-0.885042
2023-02-04,,,,,,,,,,-0.500972,,,
2023-02-05,,,,,,,,,,-1.61231,,,
2023-02-06,,,,,,,,,,-0.851888,,,
2023-02-07,1.2903,2.071903,0.93024,0.402572,0.01997,-0.245499,0.286171,0.67281,0.055867,2.215199,0.01997,0.68654,-0.136061
2023-02-08,-1.095614,-1.778127,-0.592516,-0.220527,0.009996,0.36919,0.532585,-0.773832,0.279169,-1.396529,0.009996,-0.448583,0.177235
2023-02-09,-0.856023,-0.883794,0.088318,0.482197,0.039946,-0.449582,-0.529764,0.602617,-0.723826,-4.883996,0.039946,0.180231,-0.408335
2023-02-10,0.243243,-0.656301,-0.286741,-0.879816,0.009974,-0.482394,-0.380458,-0.38759,0.16826,-0.769307,0.009974,-0.467796,-0.423592
2023-02-11,,,,,,,,,,1.014685,,,
2023-02-12,,,,,,,,,,-0.378,,,
2023-02-13,,,,,,,,,,0.091327,,,
2023-02-14,-0.036911,0.738922,0.087719,-0.280162,-0.009953,-0.452718,-0.266982,0.70424,0.0,1.89243,-0.009953,0.017896,-0.342129
2023-02-15,0.334918,0.766083,-0.503938,-0.782673,0.029959,-0.299762,0.0,-0.17484,-1.012945,9.392266,0.029959,-0.501768,-0.219693
2023-02-16,-1.390346,-1.876418,-0.462461,0.080907,0.039874,-0.331682,-0.267697,0.245202,0.0,-2.815417,0.039874,-0.396261,-0.385425
2023-02-17,-0.258531,-0.705554,0.154864,-0.86905,0.009991,0.280813,0.268415,-0.279521,0.284248,3.988096,0.009991,-0.090413,0.221124
2023-02-18,,,,,,,,,,0.308056,,,
2023-02-19,,,,,,,,,,-1.272802,,,
2023-02-20,,,,,,,,,,2.061465,,,
2023-02-21,,,,,,,,,,-1.581991,,,
2023-02-22,-0.125404,0.07483,-0.581665,-0.454174,0.019897,0.178278,-0.038412,-0.350025,-0.569154,-1.012875,0.019897,-0.567756,0.222533
2023-02-23,0.502282,0.873423,0.585068,0.518458,0.039901,0.387279,0.230634,-0.49172,0.0,-0.99778,0.039901,0.515747,0.360759
2023-02-24,-1.070152,-1.674429,-1.566007,-2.125032,0.009982,-0.604774,-0.594457,0.564757,-0.744128,-3.129201,0.009982,-1.649253,-0.553072
2023-02-25,,,,,,,,,,-0.098077,,,
2023-02-26,,,,,,,,,,1.664861,,,
2023-02-27,,,,,,,,,,-0.162733,,,
2023-02-28,-0.377568,-0.129291,-0.719286,-0.671279,0.019934,0.156891,0.385213,-0.907836,0.517242,-1.596393,0.019934,-0.701228,0.027751
2023-03-01,-0.365273,-0.803924,0.633939,2.154156,0.008008,-0.799502,-0.364555,0.810449,0.628934,2.156606,0.008008,1.022117,-0.5925
2023-03-02,0.747001,0.827589,0.157448,0.351465,0.049924,-0.411394,0.115552,0.384474,-0.113639,-0.723505,0.049924,0.220757,-0.209839
2023-03-03,1.584182,2.067391,1.460038,0.844676,0.009982,0.805035,0.980922,-0.591932,1.080777,-4.740213,0.009982,1.266509,0.771065
2023-03-04,,,,,,,,,,-0.041722,,,
2023-03-05,,,,,,,,,,0.367569,,,
2023-03-06,,,,,,,,,,-0.025655,,,
2023-03-07,-1.546819,-1.226559,-1.819778,-1.639006,0.029927,0.010529,-0.631592,-1.322631,-1.86546,-0.936204,-1.226357,-1.707528,-0.111511
2023-03-08,0.155737,0.499426,0.519904,0.499892,0.009979,-0.031528,-0.462245,0.282175,0.0,-2.257852,0.021042,0.462036,-0.083785
2023-03-09,-1.830582,-1.732605,-0.989443,-2.134713,0.029942,0.621123,0.251556,-0.879343,1.036868,-6.239311,-1.115085,-1.158954,0.335326
2023-03-10,-1.433955,-1.404357,-0.976597,-0.487082,0.019923,1.841573,1.428295,-3.051821,2.109458,-0.863218,-1.127659,-0.856128,1.197588
2023-03-11,,,,,,,,,,2.205185,,,
2023-03-12,,,,,,,,,,7.422977,,,
2023-03-13,,,,,,,,,,9.175188,,,
2023-03-14,1.660653,2.297983,1.176469,0.0,0.01993,-0.944078,-0.302716,2.151746,-0.600112,2.266929,0.37369,0.886464,-0.628071
2023-03-15,-0.616728,0.524606,-2.98678,-1.702126,0.039889,1.444993,1.138742,-3.584607,0.768394,-1.495644,-0.553133,-2.598638,1.030446
2023-03-16,1.710744,2.63606,1.55111,1.450216,0.019874,-0.899118,-1.088379,1.226516,0.163392,2.776621,1.433307,1.439561,-0.475969
2023-03-17,-1.09383,-0.472588,-1.157136,-0.640065,0.009988,1.182505,0.246624,-1.931076,2.936384,9.464577,-0.706522,-0.983936,0.724143
2023-03-18,,,,,,,,,,-1.670259,,,
2023-03-19,,,,,,,,,,3.978349,,,
2023-03-20,,,,,,,,,,-0.968089,,,
2023-03-21,1.308085,1.428258,1.296276,0.984388,0.029897,-0.86993,-0.18903,1.06789,-1.953542,1.471447,1.299252,1.192044,-0.272502
2023-03-22,-1.658149,-1.359794,-0.38848,0.360245,-0.009966,1.316324,1.231052,-1.547152,1.723208,-3.082001,-1.157456,-0.26178,0.887985
2023-03-23,0.237727,1.1858,0.068825,1.224647,0.039831,0.574084,0.318037,-0.498296,1.270512,3.759178,-0.147694,0.393708,0.230176
2023-03-24,0.666474,0.368059,-0.343868,-0.187723,0.039824,0.030032,-0.317029,-1.001524,-1.045472,-2.967065,0.253568,-0.261446,0.202697
2023-03-25,,,,,,,,,,0.005172,,,
2023-03-26,,,,,,,,,,1.817161,,,
2023-03-27,,,,,,,,,,-3.052195,,,
2023-03-28,-0.17577,-0.531157,0.136814,1.260234,0.029856,-0.060837,0.245052,-0.037961,0.853788,0.472523,-0.127555,0.409782,-0.17716
2023-03-29,1.422214,1.82341,1.138699,0.290399,0.009949,-0.172426,0.188068,0.607433,-0.476191,3.961806,0.78737,0.945994,0.109237
2023-03-30,0.596719,0.946533,1.238466,1.054814,0.019869,0.152392,0.13137,0.075475,0.850611,-1.110745,0.340969,1.102546,0.136291
2023-03-31,1.396648,1.663063,0.467084,-0.143255,0.009964,0.547806,0.487323,-0.829556,-0.52714,1.587104,0.744712,0.345315,0.517356
2023-04-01,,,,,,,,,,-0.236843,,,
2023-04-02,,,,,,,,,,-0.745226,,,
2023-04-03,,,,,,,,,,-1.450702,,,
2023-04-04,-0.564161,-0.337358,-0.021953,0.040884,0.019994,0.643928,0.298354,-0.535387,1.788533,1.35972,-0.306862,-0.053951,0.405631
2023-04-05,-0.242389,-0.98724,-0.76874,-0.817159,0.039882,0.419872,0.223077,-0.61514,0.0,0.035127,-0.115101,-0.701686,0.26932
2023-04-06,0.38183,0.674233,0.332004,0.432543,0.029902,0.029865,0.204051,-0.038678,-0.67184,-0.474994,0.290034,0.344267,-0.026876
2023-04-07,,,,,,,,,,-0.421768,,,
2023-04-08,,,,,,,,,,0.078549,,,
2023-04-09,,,,,,,,,,1.378484,,,
2023-04-10,,,,,,,,,,4.658622,,,
2023-04-11,0.013301,-0.641779,0.440837,0.695864,0.0,-0.040187,0.149078,0.114859,0.576523,1.962967,0.083883,0.451096,0.040586
2023-04-12,-0.3985,-0.883374,0.570553,-0.630083,0.019921,0.291605,0.0,0.458893,0.468995,-0.317532,-0.233404,0.269451,0.108169
2023-04-13,1.296316,1.958215,1.4619,1.41134,0.059786,-0.33086,-0.204715,0.304526,1.29668,0.862713,0.778116,1.307763,-0.054014
2023-04-14,-0.20539,-0.187999,-0.494606,-0.605088,0.009979,-0.492921,-0.391445,0.569242,-1.638513,0.284985,-0.066696,-0.40671,-0.445916
2023-04-15,,,,,,,,,,-0.548464,,,
2023-04-16,,,,,,,,,,-0.010359,,,
2023-04-17,,,,,,,,,,-2.870857,,,
2023-04-18,0.068366,0.006287,0.389395,-0.181816,0.019903,0.16277,0.075232,0.112583,0.366107,3.234866,0.049953,0.319605,0.150104
2023-04-19,-0.005255,-0.04705,-0.387885,-1.011959,0.029866,-0.213318,-0.075175,-0.14994,-0.521107,-5.180921,-0.003838,-0.601755,-0.136256
2023-04-20,-0.565003,-0.762456,0.04326,-0.184,0.039813,0.580214,0.357355,-0.15014,0.419067,-2.000825,-0.321333,-0.017828,0.436608
2023-04-21,0.05814,0.104335,0.324342,-0.942228,0.009934,-0.242875,0.0,0.0,-0.938969,-3.430852,0.152841,0.017831,-0.176582
2023-04-22,,,,,,,,,,1.981859,,,
2023-04-23,,,,,,,,,,-0.812852,,,
2023-04-24,,,,,,,,,,-0.239368,,,
2023-04-25,-1.580093,-1.886391,-1.570236,-1.92626,0.0,0.989382,0.578621,-1.201202,0.472442,2.841955,-0.897465,-1.582504,0.650646
2023-04-26,-0.444925,0.606483,0.021857,0.718055,0.0,-0.389899,-0.371133,0.189978,-0.574706,0.406617,-0.262614,0.126468,-0.350119
2023-04-27,1.984163,2.719091,1.267231,1.362969,0.029813,-0.65234,-0.372499,0.739487,0.0,3.698051,1.238734,1.281139,-0.432466
2023-04-28,0.855302,0.689841,0.021579,0.496497,0.0,0.747574,0.093473,-0.018835,0.10509,-0.453031,0.512484,0.213776,0.556513
2023-04-29,,,,,,,,,,-0.31279,,,
2023-04-30,,,,,,,,,,0.069468,,,
2023-05-01,,,,,,,,,,-4.02216,,,
2023-05-02,-1.121051,-0.872157,-1.05786,-0.888058,0.019961,1.301851,0.736254,-0.745702,2.005273,2.096603,-0.699305,-1.05094,0.984409
2023-05-03,-0.696665,-0.654406,0.196374,-0.125027,0.0,0.652619,0.449775,-0.375673,0.775994,1.135863,-0.464352,0.126012,0.419701
2023-05-04,-0.730868,-0.352975,-0.152455,0.813681,0.049902,-0.019953,0.0,-0.301655,0.770019,-0.54677,-0.469094,0.179803,-0.134799
2023-05-05,1.835308,2.125442,1.613969,1.221016,0.009974,-0.538761,-0.186573,0.529506,-1.579213,2.380341,1.252065,1.435745,-0.364561
2023-05-06,,,,,,,,,,-2.1323,,,
2023-05-07,,,,,,,,,,-1.555615,,,
2023-05-08,,,,,,,,,,-2.673364,,,
2023-05-09,-0.432508,-0.633307,-0.386193,-0.633802,0.009936,-0.121142,-0.131366,0.451122,0.67183,-0.128178,-0.195545,-0.459705,-0.108894
2023-05-10,0.437027,1.08818,-0.150744,0.061733,0.019959,0.747792,0.263046,-0.860782,-0.205334,-0.133844,0.242032,-0.071036,0.613308
2023-05-11,-0.139754,0.326035,-0.453015,-0.493536,0.059848,0.371129,0.262364,-0.226493,-0.771603,-2.248108,-0.057484,-0.426595,0.325137
2023-05-12,-0.134693,-0.358706,-0.216666,-1.053925,0.01989,-0.599581,-0.355142,0.567536,-0.155525,-0.72516,-0.04602,-0.446272,-0.526611
2023-05-13,,,,,,,,,,-0.078016,,,
2023-05-14,,,,,,,,,,0.547193,,,
2023-05-15,,,,,,,,,,0.973073,,,
2023-05-16,-0.661472,0.1132,-1.033359,-0.677629,0.029877,-0.322417,-0.244241,-0.523353,-1.243522,-0.573842,-0.310249,-0.940371,-0.244949
2023-05-17,1.193787,1.210444,0.522074,0.49618,0.009985,-0.323469,-0.056493,0.338216,-0.419727,1.339487,0.622439,0.519425,-0.17738
2023-05-18,0.977848,1.857317,-0.194768,-0.473154,0.029847,-0.618592,-0.301478,0.037438,-1.317176,-2.067951,0.454388,-0.320737,-0.409993
2023-05-19,-0.15834,-0.225345,0.607121,0.062014,0.009955,-0.37755,-0.28348,0.224636,1.014418,0.21586,-0.035477,0.339659,-0.274454
2023-05-20,,,,,,,,,,0.890502,,,
2023-05-21,,,,,,,,,,-1.385055,,,
2023-05-22,,,,,,,,,,0.364251,,,
2023-05-23,-1.117512,-1.26763,-1.39966,-1.414242,0.019915,0.164186,0.303751,-0.223623,0.211971,1.39453,-0.488987,-1.456484,0.06878
2023-05-24,-0.749053,-0.512922,-1.41952,-0.582126,0.0,-0.256127,-0.359594,-0.635025,-0.793229,-3.272303,-0.407368,-1.189621,-0.275049
2023-05-25,0.871231,2.433245,-0.221514,-0.209102,0.059714,-0.626525,-0.360842,0.413518,-1.066102,0.536889,0.471662,-0.255389,-0.372437
2023-05-26,1.299489,2.555068,0.932471,1.634532,0.029808,0.186049,0.018997,0.41184,0.484915,0.918122,0.667924,1.17046,0.124612
2023-05-27,,,,,,,,,,0.557883,,,
2023-05-28,,,,,,,,,,4.530583,,,
2023-05-29,,,,,,,,,,-1.209734,,,
2023-05-30,,,,,,,,,,-0.156907,,,
2023-05-31,-0.544027,-0.568623,-0.976243,-0.812994,0.0,0.378757,0.01896,-0.558467,0.106555,-1.74242,-0.180728,-0.948901,0.329669
2023-06-01,0.958592,1.155216,1.546037,1.723411,0.071889,0.278036,0.279796,-0.149755,0.798295,-1.468371,0.41782,1.565952,0.270423
2023-06-02,1.468129,0.749987,1.478379,1.673539,0.0,-0.795129,-0.531405,0.262487,-1.478356,1.601855,0.683394,1.469264,-0.56128
2023-06-03,,,,,,,,,,-0.640233,,,
2023-06-04,,,,,,,,,,0.16228,,,
2023-06-05,,,,,,,,,,-5.011119,,,
2023-06-06,0.206339,-0.016918,0.875262,0.956261,0.029925,0.061676,0.076177,0.225235,0.053278,5.740217,0.095214,0.843974,0.13767
2023-06-07,-0.327996,-1.696548,-0.954431,-0.421275,0.009954,-0.729305,-0.513898,0.337076,-1.118216,-3.277625,-0.086367,-0.74787,-0.563583
2023-06-08,0.599467,1.241314,1.029342,0.71531,0.039901,0.672572,0.516553,-0.261294,1.238554,0.615724,0.270603,0.879065,0.497606
2023-06-09,0.16736,0.382284,-0.043345,0.426147,0.009958,-0.359732,-0.285493,0.449096,-0.159568,-0.105031,0.072463,0.071147,-0.206274
2023-06-10,,,,,,,,,,-2.375853,,,
2023-06-11,,,,,,,,,,0.343998,,,
2023-06-12,,,,,,,,,,-0.145211,,,
2023-06-13,0.659729,0.768383,0.971499,0.927054,0.009982,-0.710622,-0.4768,0.296301,-0.747062,0.062652,0.148283,0.938546,-0.440091
2023-06-14,0.077238,0.726743,0.256554,0.678907,0.019935,0.134846,0.19163,-0.369284,0.107529,-3.063625,0.043554,0.403529,0.082853
2023-06-15,1.282378,1.191596,0.938396,0.912336,0.049761,0.776882,0.650347,0.333603,0.644463,1.797909,0.146765,0.926075,0.621208
2023-06-16,-0.368775,-0.629301,-0.295818,-0.35378,0.0,-0.431691,-0.209047,0.960464,-0.160089,2.936569,0.074512,-0.242382,-0.219501
2023-06-17,,,,,,,,,,0.6959,,,
2023-06-18,,,,,,,,,,-0.658085,,,
2023-06-19,,,,,,,,,,1.954785,,,
2023-06-20,,,,,,,,,,5.498705,,,
2023-06-21,-0.547873,-1.36278,0.151746,-0.361444,0.009962,0.092612,-0.056962,0.183553,-0.107936,6.000562,0.024828,0.08904,0.164741
2023-06-22,0.363935,1.179892,-0.606057,-0.362763,0.039791,-0.565567,-0.323134,0.769505,-1.080501,-0.383037,0.124139,-0.533638,-0.479809
2023-06-23,-0.750065,-0.991335,-1.611533,-1.436083,0.019879,0.41367,0.247901,0.0,0.273081,2.618281,-0.176055,-1.555789,0.289314
2023-06-24,,,,,,,,,,-0.47816,,,
2023-06-25,,,,,,,,,,-0.224015,,,
2023-06-26,,,,,,,,,,-0.686119,,,
2023-06-27,1.108156,1.719435,0.816406,0.960574,0.009945,-0.349297,-0.285308,0.326906,-0.434782,1.37766,0.278442,0.851589,-0.192015
2023-06-28,0.04474,0.195144,0.021901,-0.627536,0.029824,0.402051,0.209813,0.289665,-0.272922,-1.961401,-0.008682,-0.107771,0.316103
2023-06-29,0.383067,-0.200255,-0.131287,-0.468531,0.039765,-1.026791,-0.628089,0.036071,-0.109472,1.193587,0.112814,-0.179845,-0.753543
2023-06-30,1.185071,1.542008,1.183163,0.880053,0.0,0.217856,0.421361,-0.288709,0.657539,0.104779,0.188217,1.045021,0.345106
2023-07-01,,,,,,,,,,0.370198,,,
2023-07-02,,,,,,,,,,0.100331,,,
2023-07-03,,,,,,,,,,1.749368,,,
2023-07-04,,,,,,,,,,-1.215984,,,
2023-07-05,,,,,,,,,,-0.85587,,,
2023-07-06,-0.815436,-0.761582,-1.770096,-1.937051,0.039884,-0.816829,-0.52009,0.072265,-0.272773,-1.982122,-0.063013,-1.793076,-0.638874
2023-07-07,-0.23275,-0.332009,0.845379,1.152259,0.009971,-0.126698,-0.116223,-0.794249,0.711155,1.447467,0.112504,0.96768,-0.05594
2023-07-08,,,,,,,,,,-0.163879,,,
2023-07-09,,,,,,,,,,-0.400451,,,
2023-07-10,,,,,,,,,,0.806186,,,
2023-07-11,0.641127,0.494028,0.968088,1.037224,0.009978,0.210336,-0.038683,-0.072943,0.43431,0.678889,0.188963,0.974919,0.209068
2023-07-12,0.787095,1.263017,1.917658,2.032998,0.019963,0.9761,0.986656,-0.912407,1.297296,-0.748849,0.152859,1.859464,0.792764
2023-07-13,0.815103,1.697865,1.539445,1.144217,0.03984,0.831515,0.536406,-0.294639,0.053363,3.568093,0.086159,1.421799,0.607146
2023-07-14,-0.079889,-0.021094,-0.610674,-0.546122,0.009945,-0.494804,-0.495421,0.738807,-0.266663,-3.628093,0.043038,-0.553833,-0.466356
2023-07-15,,,,,,,,,,-0.126134,,,
2023-07-16,,,,,,,,,,-0.15406,,,
2023-07-17,,,,,,,,,,-0.341313,,,
2023-07-18,0.758077,0.818067,0.720646,-0.606778,0.009986,0.113711,-0.07644,0.146304,1.175848,-0.959753,0.007368,0.295699,0.123853
2023-07-19,0.215657,-0.023328,-0.021049,-0.157544,0.019926,0.340915,0.344287,-0.109566,0.052827,0.192123,-0.081079,-0.05202,0.233746
2023-07-20,-0.652737,-2.305196,-0.589355,-0.788947,0.039817,-0.792745,-0.057191,0.36563,-0.475186,-0.40753,0.068856,-0.572636,-0.466356
2023-07-21,0.012039,-0.299938,0.127061,-0.039772,0.009961,0.083031,0.0,0.109286,-0.371351,0.391811,0.060203,0.157078,0.068943
2023-07-22,,,,,,,,,,-0.457864,,,
2023-07-23,,,,,,,,,,1.050445,,,
2023-07-24,,,,,,,,,,-3.016909,,,
2023-07-25,0.294746,0.677785,0.296362,0.785084,0.009915,-0.187111,-0.190561,-0.218421,0.427589,0.172995,0.02456,0.382532,-0.110328
2023-07-26,0.02388,-0.332672,0.126641,0.506321,0.019897,0.343649,0.038197,0.14593,0.585411,0.436515,0.171842,0.329125,0.331374
2023-07-27,-0.678351,-0.238399,-0.421593,-1.240076,0.039804,-1.089635,-0.744286,0.0,-1.534386,-0.491512,-0.120083,-0.638794,-0.853259
2023-07-28,0.97398,1.821466,0.82559,2.35432,0.019885,0.325222,0.384551,0.473592,0.698545,0.371633,0.169301,1.233689,0.347044
2023-07-29,,,,,,,,,,0.128489,,,
2023-07-30,,,,,,,,,,-0.27799,,,
2023-07-31,,,,,,,,,,-0.154387,,,
2023-08-01,-0.309018,-0.231938,-1.112756,-1.244487,0.021943,-0.58431,-0.589613,0.690153,-1.063824,1.524528,0.045352,-1.184329,-0.618905
2023-08-02,-1.385392,-2.194431,-1.93205,-2.326493,0.029929,-0.200115,-0.193214,0.036069,-0.430107,-1.764989,-0.022049,-1.945477,-0.320409
2023-08-03,-0.282907,-0.160267,-0.303108,0.377125,0.029929,-0.73882,-0.600068,0.324564,-0.107994,0.09166,-0.100481,-0.123995,-0.614948
2023-08-04,-0.489802,-0.468175,0.282308,0.019801,0.01997,1.06329,0.954221,-1.006473,0.378377,-0.358439,-0.120207,0.266065,0.829701
2023-08-05,,,,,,,,,,-0.109943,,,
2023-08-06,,,,,,,,,,-0.000935,,,
2023-08-07,,,,,,,,,,0.477665,,,
2023-08-08,-0.432276,-0.850235,-0.751868,-1.16878,0.009956,0.506241,0.019263,0.0,-0.539667,2.004464,-0.067329,-0.82689,0.363201
2023-08-09,-0.664566,-1.099462,0.086574,0.320709,0.029908,0.062968,-0.077064,-0.036137,-0.488335,-0.685351,-0.197226,0.088709,0.027838
2023-08-10,0.058593,0.184827,0.302762,0.039971,0.029925,-0.765572,-0.462872,0.361393,-0.218107,-0.446196,-0.02209,0.265869,-0.556585
2023-08-11,-0.092734,-0.637569,-0.560581,-1.358118,0.009931,-0.52835,-0.17442,0.612173,0.054646,-0.108316,-0.055243,-0.777799,-0.321781
2023-08-12,,,,,,,,,,0.06208,,,
2023-08-13,,,,,,,,,,-0.452308,,,
2023-08-14,,,,,,,,,,0.428678,,,
2023-08-15,-1.14642,-1.061171,-1.393433,-0.9774,0.009954,-0.191512,-0.311286,-0.071834,-0.328584,-0.809617,-0.379165,-1.234786,-0.224846
2023-08-16,-0.739536,-1.058886,-0.79489,-0.863676,0.019905,-0.383859,-0.214679,0.035931,-0.494506,-1.606317,-0.44199,-0.779127,-0.281788
2023-08-17,-0.809431,-1.092305,-0.667684,0.269662,0.039864,-0.128397,-0.078234,0.0,-0.165658,-7.097917,0.037004,-0.438277,-0.098858
2023-08-18,0.092323,-0.1255,0.0,-0.641297,0.009955,0.300058,0.137013,0.035942,-0.055311,-2.306411,-0.049311,-0.165072,0.212087
2023-08-19,,,,,,,,,,0.179076,,,
2023-08-20,,,,,,,,,,0.357826,,,
2023-08-21,,,,,,,,,,-0.249883,,,
2023-08-22,-0.279888,-0.142901,-0.223372,-0.186794,0.00998,0.043026,0.196063,-0.285718,0.165556,-0.354019,-0.057859,-0.183165,0.127624
2023-08-23,1.07798,1.576876,1.074541,1.517988,0.02984,1.085344,0.919577,-1.074496,1.101933,1.536531,0.320279,1.192877,0.906274
2023-08-24,-1.329416,-2.137589,-1.262456,-0.32773,0.039789,-0.372076,-0.426511,0.217243,-0.054497,-1.018732,-0.184187,-1.10628,-0.238578
2023-08-25,0.66245,0.775151,0.62808,0.123304,0.009937,-0.032047,-0.038942,0.397376,-0.109054,-0.438435,0.109481,0.531813,0.0
2023-08-26,,,,,,,,,,-0.150513,,,
2023-08-27,,,,,,,,,,0.312323,,,
2023-08-28,,,,,,,,,,0.063079,,,
2023-08-29,1.420625,2.183965,1.279509,1.301613,0.019902,0.713143,0.467255,-0.540539,0.925422,6.210192,0.186485,1.283219,0.617858
2023-08-30,0.416841,0.557677,-0.021778,-0.321224,0.0,-0.010584,-0.116266,0.507252,0.269683,-1.551271,-0.001233,-0.035693,-0.04193
2023-08-31,-0.127913,0.299875,-0.326796,-1.188318,0.049651,0.200822,0.194039,-0.432591,-0.107587,-5.003406,0.001233,-0.571219,0.167594
2023-09-01,0.212647,-0.105824,0.153007,1.141455,0.030937,-0.611235,-0.503103,0.362064,-0.053852,-0.504206,-0.023273,0.412926,-0.480788
2023-09-02,,,,,,,,,,0.263846,,,
2023-09-03,,,,,,,,,,0.389533,,,
2023-09-04,,,,,,,,,,-0.605133,,,
2023-09-05,,,,,,,,,,-0.125651,,,
2023-09-06,-0.69025,-0.880787,-0.396395,-0.547882,0.019941,-0.256897,-0.156458,0.107216,-0.488335,-0.103748,-0.044058,-0.342642,-0.112982
2023-09-07,-0.297519,-0.715176,-0.397963,-0.979395,0.049848,0.343436,0.333039,-0.678326,0.163581,1.890865,-0.003672,-0.560999,0.33933
2023-09-08,0.136976,0.139783,-0.133153,0.185447,0.009985,0.021396,0.234253,0.467278,-0.054438,-1.274918,0.063671,-0.054586,0.028126
2023-09-09,,,,,,,,,,-0.038511,,,
2023-09-10,,,,,,,,,,-0.245026,,,
2023-09-11,,,,,,,,,,-2.592004,,,
2023-09-12,-0.536291,-1.108829,-0.43955,-0.365926,0.009983,0.139268,0.019496,0.249719,-0.489397,2.665416,-0.020784,-0.41413,0.070546
2023-09-13,0.117102,0.380908,-0.198688,-0.122423,0.029878,0.117658,0.155925,-0.106766,-0.163928,1.528956,0.085609,-0.21696,0.155104
2023-09-14,0.86512,0.817725,1.34927,0.694571,0.029904,-0.224357,-0.155683,0.641242,-0.054736,1.187074,0.041551,1.105262,-0.168916
2023-09-15,-1.246702,-1.712293,-0.218254,-0.405745,0.019883,-0.310582,-0.253359,0.212414,0.7667,0.260062,0.062287,-0.232962,-0.197384
2023-09-16,,,,,,,,,,-0.151876,,,
2023-09-17,,,,,,,,,,-0.128325,,,
2023-09-18,,,,,,,,,,0.829472,,,
2023-09-19,-0.200375,-0.213135,0.022107,-0.571189,0.009947,-0.364911,-0.27299,0.317891,0.0,1.707525,-0.002441,-0.072499,-0.211693
2023-09-20,-0.935441,-1.441032,-0.331492,-0.348786,0.029822,-0.075378,-0.175949,-0.42253,0.0,-0.290724,-0.131906,-0.308277,-0.12729
2023-09-21,-1.638851,-1.832472,-1.662963,-1.750042,0.029874,-0.743788,-0.567927,0.636496,-0.648994,-2.080108,-0.573553,-1.655465,-0.623069
2023-09-22,-0.241261,0.013973,0.112718,1.068732,0.019881,0.390948,0.354515,-0.316216,0.326617,0.044925,-0.161135,0.388452,0.413195
2023-09-23,,,,,,,,,,-0.000669,,,
2023-09-24,,,,,,,,,,-1.213589,,,
2023-09-25,,,,,,,,,,0.158642,,,
2023-09-26,-1.467614,-1.501609,-1.424364,-1.41549,0.0,-0.032694,-0.257083,0.42017,-0.818775,-0.308879,-0.526776,-1.405342,-0.100084
2023-09-27,0.022905,0.234328,-0.229361,0.168912,0.029853,-0.44696,-0.138778,0.871694,-1.155757,0.516709,-0.006178,-0.037487,-0.357757
2023-09-28,0.583376,0.836512,0.827577,0.29512,0.029801,0.27377,0.476497,-0.103718,-0.556784,2.537993,0.283937,0.619128,0.258473
2023-09-29,-0.238802,0.072642,-0.319204,0.021019,0.029801,0.021835,-0.237102,0.0,-0.951848,-0.406439,0.078787,-0.205101,-0.042967
2023-09-30,,,,,,,,,,0.208814,,,
2023-10-01,,,,,,,,,,3.766824,,,
2023-10-02,,,,,,,,,,-1.618671,,,
2023-10-03,-1.344634,-1.754963,-1.254648,-1.267169,0.009996,-0.827735,-0.679166,0.55228,-0.342854,-0.36616,-0.494332,-1.230347,-0.810311
2023-10-04,0.735706,1.360876,0.047046,-0.32084,0.019929,0.634343,0.462579,-1.304499,0.0,1.34676,0.407812,-0.057514,0.656457
2023-10-05,-0.084581,-0.294659,0.917236,0.386264,0.059844,0.187965,-0.160163,-0.104345,-0.172022,-1.379463,0.033231,0.690312,0.072477
2023-10-06,1.192595,1.675555,1.048698,1.410851,0.009935,-0.584989,-0.36094,0.731206,0.516945,1.935684,0.452768,1.237877,-0.391011
2023-10-07,,,,,,,,,,0.079588,,,
2023-10-08,,,,,,,,,,-0.12067,,,
2023-10-09,,,,,,,,,,-1.257959,,,
2023-10-10,0.516123,0.553815,1.269323,1.441301,0.0,-0.197324,0.039827,0.139566,-0.112236,-0.69845,0.096571,1.35721,-0.100747
2023-10-11,0.423303,0.713511,0.433003,0.501451,0.019918,0.549201,0.478174,-0.69687,0.674162,-1.890033,0.090384,0.409142,0.461013
2023-10-12,-0.601106,-0.347493,-0.862272,-1.018706,0.049802,-0.961311,-0.694007,0.736834,-0.223219,-0.433595,0.081747,-0.963158,-0.860478
2023-10-13,-0.526937,-1.256994,-0.892625,-0.420089,0.0,0.639743,0.678886,-0.383119,3.131999,0.394577,-0.124357,-0.710668,0.462955
2023-10-14,,,,,,,,,,-0.002487,,,
2023-10-15,,,,,,,,,,1.109182,,,
2023-10-16,,,,,,,,,,5.006745,,,
2023-10-17,0.002501,-0.327552,0.022918,-0.230219,0.00994,-0.981244,-0.477335,1.249999,0.163392,-0.363677,0.024343,-0.074805,-0.651326
2023-10-18,-1.338064,-1.311784,-1.695311,-1.636248,0.019896,-0.467666,-0.199831,-0.445827,1.468192,-0.307598,-0.204461,-1.702512,-0.437056
2023-10-19,-0.847622,-0.935672,-0.815658,-0.469195,0.039784,-0.49224,-0.040062,0.310037,1.178989,1.381884,-0.242683,-0.685188,-0.438974
2023-10-20,-1.245304,-1.491813,-0.939863,-1.285606,0.01991,0.58464,0.22038,-0.65247,0.317804,3.353583,-0.256732,-1.054042,0.367442
2023-10-21,,,,,,,,,,0.79326,,,
2023-10-22,,,,,,,,,,0.252301,,,
2023-10-23,,,,,,,,,,10.309891,,,
2023-10-24,0.74811,0.972788,0.497867,1.281494,0.00999,0.177982,0.059952,-0.348181,-0.052957,2.464146,0.395003,0.716899,0.335547
2023-10-25,-1.410591,-2.447578,-0.872851,-1.286744,0.0,-0.877325,-0.399296,0.943374,0.370958,1.773646,-0.466758,-0.942658,-0.756028
2023-10-26,-1.227496,-1.906719,-0.737748,-0.543113,0.059631,0.761848,0.521159,-0.657657,0.263988,-1.003315,-0.430884,-0.563222,0.673882
2023-10-27,-0.443258,0.480118,-0.311689,-0.08738,0.0,0.155673,0.159507,0.0,1.10585,-0.722693,-0.239185,-0.27345,0.0
2023-10-28,,,,,,,,,,0.530152,,,
2023-10-29,,,,,,,,,,1.316843,,,
2023-10-30,,,,,,,,,,-0.104571,,,
2023-10-31,0.604941,0.478216,0.213523,-0.648794,0.019832,-0.211623,-0.239351,0.593992,-0.628277,0.47944,0.305507,0.058051,-0.029174
2023-11-01,1.101062,1.735704,1.017977,1.001324,0.016959,1.15177,0.906978,-1.042034,-0.316119,2.219561,0.448919,0.986067,0.970341
2023-11-02,1.900116,1.815318,2.249836,1.767228,0.039892,0.619676,0.397689,-0.77221,0.422833,-1.408156,0.420109,2.029488,0.579814
2023-11-03,0.924765,1.174885,1.283518,1.948327,0.009973,0.769811,0.554559,-1.273442,0.315787,-0.589377,0.157649,1.351097,0.590857
2023-11-04,,,,,,,,,,1.007336,,,
2023-11-05,,,,,,,,,,-0.093608,,,
2023-11-06,,,,,,,,,,-0.034193,,,
2023-11-07,0.28236,0.945259,-0.74914,-0.226436,0.0,0.570772,0.395174,-0.285193,-0.370173,1.159309,0.024221,-0.611669,0.503603
2023-11-08,0.082233,0.064408,-0.228732,-0.680834,0.019949,0.403879,0.137769,-0.214525,-1.061575,0.597329,-0.010898,-0.298409,0.314959
2023-11-09,-0.754347,-0.769563,-0.045828,-0.934772,0.049764,-0.989261,-0.864803,0.931581,0.482833,2.910783,0.059326,-0.205761,-0.742093
2023-11-10,1.560295,2.248209,0.527501,0.691969,0.0,0.109805,0.059512,0.141985,-1.121191,1.691989,0.141557,0.524837,0.186868
2023-11-11,,,,,,,,,,-0.471453,,,
2023-11-12,,,,,,,,,,-0.224921,,,
2023-11-13,,,,,,,,,,-1.49014,,,
2023-11-14,1.921135,2.152656,2.711342,2.581173,0.039798,1.503313,0.872676,-2.301695,0.85929,-2.642884,0.054382,2.530692,1.220173
2023-11-15,0.218318,0.075249,-0.088725,0.771111,0.0,-0.778363,-0.45221,0.761153,-0.212997,6.592845,-0.006036,0.163338,-0.553115
2023-11-16,0.140402,0.085591,-0.222028,-0.845746,0.049775,0.75181,0.355512,-0.863314,1.120603,-4.555929,0.016911,-0.434876,0.598954
2023-11-17,0.147446,0.023314,1.246104,0.182773,0.01989,0.064858,0.098403,-0.253994,0.0,1.222284,0.001207,1.037328,0.141785
2023-11-18,,,,,,,,,,-0.030004,,,
2023-11-19,,,,,,,,,,2.188953,,,
2023-11-20,,,,,,,,,,0.241825,,,
2023-11-21,-0.261121,-0.580945,-0.393873,-0.600726,0.029817,0.129496,-0.215652,0.036506,1.057086,-4.437779,-0.019331,-0.447712,0.141354
2023-11-22,0.432361,0.409284,0.197706,-0.201446,0.039807,-0.032343,0.117889,0.839113,-0.41841,4.519282,0.057987,0.089942,0.084717
2023-11-23,,,,,,,,,,-0.381271,,,
2023-11-24,,,,,,,,,,1.154906,,,
2023-11-25,,,,,,,,,,0.20284,,,
2023-11-26,,,,,,,,,,-0.840473,,,
2023-11-27,,,,,,,,,,-0.600209,,,
2023-11-28,0.098167,0.262088,0.174699,0.849526,0.009923,0.441042,0.392837,-0.583516,1.349949,1.5486,0.003619,0.340687,0.422598
2023-11-29,-0.064592,-0.097372,0.239814,-0.58164,0.029819,0.524718,0.391325,-0.51357,0.204913,0.072444,-0.028973,-0.035755,0.519022
2023-11-30,0.387779,-0.251418,-0.043485,0.161398,0.029801,-0.49003,-0.155913,0.626854,-0.460123,-0.384976,0.057953,0.071514,-0.321011
2023-12-01,0.586538,0.28549,1.022608,0.543799,0.032889,0.943522,0.526724,-1.392453,1.746277,2.587995,0.061547,0.911052,0.815728
2023-12-02,,,,,,,,,,2.035687,,,
2023-12-03,,,,,,,,,,1.271796,,,
2023-12-04,,,,,,,,,,5.006973,,,
2023-12-05,-0.030965,0.251094,-0.325945,-0.425353,0.019919,0.704736,0.488853,-0.811518,-0.361009,5.003682,-0.013261,-0.321491,0.643163
2023-12-06,-0.417078,-0.578379,0.196225,-0.183079,0.0,0.413536,0.175136,0.074389,0.362317,-0.758163,0.004823,0.107502,0.29178
2023-12-07,0.782579,1.397216,0.478653,0.529863,0.04986,-0.147857,-0.135981,-0.891875,0.103148,-1.037299,0.074785,0.501172,-0.027731
2023-12-08,0.42505,0.445666,0.238205,-0.364896,0.00994,-0.64507,-0.097241,1.087377,-1.287996,2.018673,0.002409,-0.017828,-0.484957
2023-12-09,,,,,,,,,,-0.997625,,,
2023-12-10,,,,,,,,,,0.122844,,,
2023-12-11,,,,,,,,,,-5.792336,,,
2023-12-12,0.496992,0.796444,0.021536,0.081001,0.010005,0.212815,-0.019498,-0.553717,-0.105543,0.500416,-0.015675,0.106642,0.292354
2023-12-13,1.361695,1.271706,1.615336,1.031969,0.009901,1.48684,1.308052,-0.705284,2.218701,3.4753,0.022919,1.455969,1.277065
2023-12-14,0.293668,-0.086685,0.86901,1.34188,0.055043,0.831249,1.098481,-1.009339,0.67183,0.310628,0.081986,1.015061,0.753818
2023-12-15,-0.152185,0.483399,-1.029632,-0.573118,0.009955,-0.083276,-0.120397,0.604222,-0.975352,-2.543268,-0.002408,-0.900902,-0.149647
2023-12-16,,,,,,,,,,0.740189,,,
2023-12-17,,,,,,,,,,-2.072563,,,
2023-12-18,,,,,,,,,,3.043358,,,
2023-12-19,0.608459,0.510935,0.964625,0.796171,0.029953,0.187922,0.0,0.0,0.774391,-0.828208,0.044598,0.903282,0.191109
2023-12-20,-1.443434,-1.485971,-1.040321,-1.838394,0.010018,0.489809,0.441473,-0.112702,-0.614758,3.268761,0.136132,-1.263811,0.327061
2023-12-21,0.974198,1.163552,1.694925,1.928202,0.059899,-0.155545,-0.152889,-0.263268,0.773194,0.496887,-0.144373,1.760009,-0.013588
2023-12-22,0.232576,0.149581,0.232064,-0.402483,0.009986,-0.093478,-0.248826,0.301672,0.460359,0.293486,0.060245,0.034926,-0.066754
2023-12-23,,,,,,,,,,-0.587208,,,
2023-12-24,,,,,,,,,,-1.65394,,,
2023-12-25,,,,,,,,,,1.387906,,,
2023-12-26,,,,,,,,,,-2.505525,,,
2023-12-27,0.183023,0.203574,0.565797,0.661732,0.009958,0.779223,0.459963,0.077523,0.505819,2.169436,0.175785,0.608285,0.640054
2023-12-28,0.015983,-0.048603,-0.16671,0.657374,0.059862,-0.38145,-0.343403,-0.116178,-0.553601,-1.876028,-0.072112,0.051818,-0.243582
2023-12-29,-0.267141,-0.432774,-0.020846,0.09894,0.009985,-0.248336,-0.076544,-0.11633,-0.101217,-1.23969,-0.038487,0.069067,-0.230564
2023-12-30,,,,,,,,,,0.136582,,,
2023-12-31,,,,,,,,,,0.256862,,,
2024-01-01,,,,,,,,,,4.500499,,,
2024-01-02,,,,,,,,,,1.790094,,,
2024-01-03,-0.741924,-1.058155,-0.80218,-0.48049,0.009982,0.239503,0.134292,-0.232373,-0.813007,-4.692812,-0.204006,-0.628288,0.081891
2024-01-04,-0.315697,-0.51464,0.234063,-0.281633,0.049821,-0.602525,-0.478945,0.776387,0.102461,3.108058,-0.025397,0.052697,-0.450159
2024-01-05,0.128067,0.118603,0.063717,0.221918,0.01001,-0.365816,-0.346485,-0.346672,-0.051178,-0.039001,-0.036296,0.070219,-0.301525
2024-01-06,,,,,,,,,,-0.392857,,,
2024-01-07,,,,,,,,,,-0.104793,,,
2024-01-08,,,,,,,,,,6.889378,,,
2024-01-09,-0.243056,0.197555,-0.902996,-1.384982,0.009972,-0.041843,-0.134647,0.115258,0.051574,-1.768713,0.100242,-0.974264,-0.013711
2024-01-10,0.659664,0.677756,0.550971,-0.223905,0.019926,-0.156897,-0.115595,0.920957,-0.309276,1.057758,0.129091,0.43922,-0.177887
2024-01-11,-0.034256,0.208078,-0.10536,0.489597,0.059773,0.534275,0.520705,-0.836504,0.20682,0.0,0.060252,0.052471,0.52099
2024-01-12,0.045676,0.051301,0.358631,0.385713,0.009929,0.270931,0.441312,0.038346,0.980395,-6.186381,0.021674,0.349661,0.204682
2024-01-16,-0.340182,-0.009774,-1.786844,-2.406468,0.009945,-0.810587,-0.55394,0.613268,-0.919777,-1.001669,-0.006017,-1.811843,-0.707892
2024-01-17,-0.556702,-0.564067,-1.091589,-1.367599,0.009944,-0.324793,-0.26892,0.190469,-1.134602,-1.349071,-0.244426,-1.100075,-0.233075
2024-01-18,0.889262,1.419405,0.908874,0.651265,0.039816,-0.220719,0.019238,0.152083,0.834637,-4.529912,0.484008,0.753498,-0.137432
2024-01-19,1.223945,1.983104,0.321691,1.022744,0.029827,0.01054,0.038517,0.151868,0.310396,1.745745,0.082882,0.498585,0.0
2024-01-22,0.227835,0.130593,0.256515,-0.785124,0.009936,0.30546,0.077012,0.379078,-0.412583,-3.3436,-0.048009,-0.053164,0.165171
2024-01-23,0.297101,0.414949,-0.170584,0.749698,0.019879,-0.252022,-0.307762,0.0,0.414293,-2.639963,0.0,0.070916,-0.233579
2024-01-24,0.083032,0.554925,0.619414,0.992147,0.009951,-0.284232,-0.212235,-0.33988,-0.825167,0.981772,0.00841,0.708585,-0.206534
2024-01-25,0.562787,0.122114,0.254727,0.081864,0.049663,0.432815,0.328673,0.075782,0.416016,0.601848,0.075637,0.263846,0.469162
2024-01-26,-0.060198,-0.595754,0.423455,0.143153,0.0,-0.178653,-0.096342,0.530088,0.0,5.430282,-0.012,0.315779,-0.151094
2024-01-29,0.727303,1.024057,0.590331,0.102092,0.009962,0.600255,0.34722,0.113016,0.621444,2.880837,-0.004797,0.472214,0.398878
2024-01-30,-0.070876,-0.665668,-0.125736,-0.713996,0.029797,0.13608,0.057667,0.037616,0.154394,0.890967,0.025204,-0.31332,0.178081
2024-01-31,-1.629097,-1.958622,-0.566654,-0.452018,0.0,0.836248,0.595585,-0.75216,-0.051379,-2.354926,0.051584,-0.523844,0.424002
2024-02-01,1.315846,1.177549,1.055295,0.949436,0.05785,0.619426,0.171894,0.94732,1.028272,0.990532,0.167865,0.930316,0.603724
2024-02-02,1.027446,1.690066,-0.710106,-0.347583,0.009969,-1.3014,-0.953292,0.600607,-0.966924,-0.17058,-0.037106,-0.695646,-0.89604
2024-02-05,-0.365414,-0.13054,-0.652066,0.164139,0.019936,-0.973217,-0.519728,-0.44776,-0.462478,-1.238783,0.001197,-0.437828,-0.794561
2024-02-06,0.311526,-0.200723,0.614011,2.191721,0.009966,0.538939,0.328944,0.037483,0.464627,1.730102,-0.023954,1.055413,0.469527
2024-02-07,0.821534,1.029014,0.063119,0.100225,0.019938,-0.178648,-0.21212,0.074938,-0.051379,2.465986,-0.029946,0.017403,-0.192425
2024-02-08,0.067712,0.185189,-0.168235,-0.620749,0.029872,-0.326442,-0.096654,0.37437,-0.10283,3.112033,0.053922,-0.261052,-0.261658
2024-02-09,0.567601,0.984324,0.35812,0.423134,0.029905,-0.17959,-0.135435,0.298403,-0.411734,4.426561,-0.001197,0.418771,-0.082789
2024-02-12,-0.045587,-0.391266,0.251885,0.682177,0.0,0.095238,0.03874,-0.185944,-0.155042,5.587664,0.011968,0.295389,0.027619
2024-02-13,-1.409465,-1.559712,-1.779744,-1.893189,0.019888,-1.099591,-0.619664,-0.558856,-1.449269,-1.49635,0.192774,-1.767149,-0.870326
2024-02-14,0.951598,1.089734,1.236434,1.503167,0.019944,0.374177,0.389713,0.561997,-0.052522,4.705448,-0.096799,1.234578,0.376268
2024-02-15,0.67644,0.297777,1.116002,0.520304,0.04974,0.276918,0.17468,0.633399,0.735677,-0.10616,0.008378,0.975607,0.277694
2024-02-16,-0.511494,-0.906774,0.083311,0.41808,0.00994,-0.435459,-0.096864,-0.222159,0.312986,0.389659,0.023918,0.20703,-0.318428
2024-02-20,-0.548986,-0.754819,0.353715,0.178432,0.019911,0.170686,0.019388,-0.742113,0.676033,0.10586,-0.065769,0.309921,0.124931
2024-02-21,0.100746,-0.400168,0.062216,0.138519,0.009954,-0.319478,-0.135725,0.560768,-0.051654,-1.938672,0.041885,0.102993,-0.277369
2024-02-22,2.100806,2.927581,1.056773,0.948627,0.039759,0.010646,-0.097104,0.96652,0.051681,2.156723,0.216491,1.028811,0.041711
2024-02-23,0.045011,-0.29448,0.164044,-0.058738,0.029863,0.459359,0.252678,0.257737,0.568175,-1.829699,0.033418,0.050913,0.361506
2024-02-26,-0.366335,-0.052658,-0.225176,-0.391776,0.009895,-0.148852,-0.03877,-0.073444,-0.154077,6.702512,-0.041763,-0.220534,-0.180096
2024-02-27,0.184914,0.240529,0.184652,0.176994,0.019872,-0.223651,-0.135776,0.33077,-0.205766,4.635536,-0.047745,0.187027,-0.152656
2024-02-28,-0.154528,-0.53247,-0.532466,-1.295648,0.009934,0.36288,0.310735,-0.219784,0.257738,5.842702,0.094342,-0.729683,0.222379
2024-02-29,0.369729,0.856945,0.226474,0.119336,0.029808,0.202067,0.271071,0.403815,0.411311,2.608434,-0.003577,0.222217,0.166475
2024-03-01,0.963738,1.5057,1.068196,1.251498,0.029892,0.456564,0.386176,0.804381,1.94572,1.773569,0.046532,1.142766,0.419311
2024-03-04,-0.118787,-0.356828,-0.264222,-0.333527,0.009995,-0.222518,-0.057717,0.217631,1.657458,7.3192,0.009535,-0.303545,-0.235052
2024-03-05,-1.002392,-1.794948,-0.244536,-0.767724,0.009952,0.615807,0.423399,-0.904813,0.59289,-8.497968,0.056049,-0.372128,0.540514
2024-03-06,0.529867,0.628374,1.2053,1.408454,0.019935,0.242693,0.076673,0.401758,0.834971,8.251988,-0.056018,1.290324,0.179234
2024-03-07,0.990154,1.517794,1.150584,0.606413,0.049811,0.168419,-0.038295,0.327393,0.535795,0.983608,0.002384,0.955408,0.165147
2024-03-08,-0.606439,-1.443489,-0.279396,-0.17499,0.009986,0.073563,0.038309,-1.196518,0.872095,2.408007,0.097777,-0.282238,0.096158
2024-03-11,-0.082908,-0.371274,-0.500291,0.214259,0.019919,-0.126013,-0.153203,-0.477081,0.144096,3.989438,0.051222,-0.333004,-0.041191
2024-03-12,1.070196,1.433501,0.764282,0.991246,0.009924,-0.410058,-0.1918,0.331867,-1.103115,-0.940038,0.023817,0.818565,-0.302073
2024-03-13,-0.151562,-0.768606,0.019959,-0.461887,0.009974,-0.221687,-0.153725,1.249557,0.678949,3.000765,-0.130938,-0.149118,-0.165249
2024-03-14,-0.219264,-0.252122,-0.658558,-0.541383,0.039814,-0.740668,-0.577394,0.362964,-0.337185,-5.801788,0.131109,-0.630595,-0.593226
2024-03-15,-0.688816,-1.188699,-0.086874,-0.563753,0.019904,-0.170555,-0.058036,0.470163,-0.290002,-0.317216,-0.007147,-0.110649,-0.055472
2024-03-18,0.62551,0.953749,0.020212,0.195489,0.00995,-0.117456,-0.116214,0.611951,0.048474,-3.208696,0.048808,0.016777,-0.125001
2024-03-19,0.560297,0.249157,0.161758,-0.409743,0.019889,0.288642,0.174486,0.787121,-0.096892,-3.726029,-0.053541,0.033562,0.264165
2024-03-20,0.872587,1.185655,1.090025,1.097175,0.009955,0.234529,0.348455,0.745458,1.163917,2.276606,0.167856,1.073474,0.180254
2024-03-21,0.333518,0.473234,0.059915,0.096912,0.039758,0.010605,0.17361,0.599029,0.0,-1.08514,0.033277,0.01659,0.08303
2024-03-22,-0.130676,0.114378,-0.339265,-0.619558,0.019867,0.489163,0.385143,-0.385301,-0.814957,-1.997185,0.013071,-0.38162,0.331938
2024-03-25,-0.258791,-0.362918,-0.140164,0.116879,0.019897,-0.26457,-0.345297,0.105491,0.338326,11.366243,0.009507,-0.083275,-0.192963
2024-03-26,-0.280361,-0.323773,0.140361,-0.233509,0.009938,0.148555,0.077012,-0.257834,0.240844,-2.293813,0.07364,0.0,0.082835
2024-03-27,0.872844,0.340615,0.660801,0.253559,0.049685,0.381396,0.326974,0.141644,0.720805,-1.187024,-0.023735,0.550091,0.344975
2024-03-28,-0.012476,-0.184347,-0.198933,0.389108,0.009924,-0.094982,0.0,1.414429,1.335881,3.336893,0.083105,-0.033154,-0.123752
2024-04-01,-0.131049,0.211713,-0.398643,0.174413,0.02992,-0.904789,-0.641291,1.011153,0.988705,-1.653318,-0.042708,-0.182426,-0.682231
2024-04-02,-0.654077,-0.863017,-0.620376,0.29019,0.019974,-0.213857,0.019346,-0.34518,1.538461,-5.51615,-0.052215,-0.41534,-0.111214
2024-04-03,0.090152,0.224425,0.543683,0.173621,0.009926,0.117864,-0.019342,0.069269,0.872354,-0.139013,-0.052243,0.433764,0.069628
2024-04-04,-1.231772,-1.529052,-0.80111,-0.385145,0.049853,0.342465,0.405804,-1.176871,-0.546195,4.064596,-0.150873,-0.681074,0.2086
2024-04-05,1.062616,1.178387,0.36341,0.251313,0.009962,-0.661286,-0.442643,1.436075,1.647591,-1.738902,0.298635,0.367957,-0.499694
2024-04-08,0.039864,0.02951,0.482808,0.655606,0.019931,-0.225463,-0.019329,0.552482,0.675378,6.670299,-0.018988,0.499923,-0.083687
2024-04-09,0.12377,0.369945,0.020026,0.6705,0.009926,0.398154,0.232011,-0.583784,0.536668,-3.930579,-0.087795,0.265291,0.363009
2024-04-10,-0.967991,-0.872849,-1.50121,-1.370119,0.019967,-1.32903,-0.945216,1.899836,-0.978645,1.620618,-0.175754,-1.405657,-1.168613
2024-04-11,0.721458,1.596837,0.365798,0.636692,0.039834,-0.141227,-0.058408,0.610173,1.931717,0.470589,0.295022,0.352244,0.0
2024-04-12,-1.363258,-1.59419,-1.741258,-2.204754,0.009919,0.413355,0.370237,-1.381421,-1.322173,-5.10018,-0.563395,-1.738275,0.225231
2024-04-15,-1.269269,-1.645096,-0.350294,-0.646919,0.019903,-0.639144,-0.368871,1.26409,1.875838,-5.374288,-0.056059,-0.459255,-0.660118
2024-04-16,-0.179023,0.009282,-1.054601,-1.262833,0.0,-0.392503,-0.311786,-0.236165,0.175366,-0.840328,-0.116961,-1.127819,-0.25448
2024-04-17,-0.602884,-1.220142,0.062699,-0.039975,0.029882,0.634834,0.312761,-1.521812,-0.743983,-2.805385,-0.137418,0.069128,0.481936
2024-04-18,-0.228246,-0.57063,-0.104436,0.499792,0.029822,-0.348034,-0.155877,0.343394,0.308641,4.269399,-0.137598,0.017266,-0.268035
2024-04-19,-0.836724,-2.06892,0.062742,-0.477423,0.029839,0.13098,0.15612,0.136908,0.351648,1.239909,0.023969,-0.034534,0.1273
2024-04-22,0.867937,1.005665,1.086494,0.999417,0.009924,0.010911,-0.097426,-0.102533,-2.452911,3.474797,-0.059898,1.036462,0.042375
2024-04-23,1.261311,1.492286,1.012812,0.870766,0.009956,0.130758,0.214536,0.786857,-0.314323,-0.192688,0.071914,0.957412,0.183573
2024-04-24,-0.073149,0.338764,-0.286458,0.313908,0.009938,-0.304773,-0.194633,0.067896,-0.135138,-3.860998,-0.073059,-0.135469,-0.253738
2024-04-25,-0.413347,-0.482989,-0.430951,0.215147,0.049704,-0.382113,-0.136508,0.033925,0.541276,1.233506,-0.010791,-0.186547,-0.282583
2024-04-26,1.000901,1.543173,0.741957,1.092885,0.019857,0.273994,0.234346,2.4415,0.358905,-1.530181,-0.001198,0.815508,0.226731
2024-04-29,0.348882,0.406034,0.552367,1.02318,0.0,0.404412,0.253253,-1.390249,-0.223519,-1.179856,0.014386,0.623527,0.296927
2024-04-30,-1.580508,-1.885616,-1.403861,-1.299443,0.009931,-0.468106,-0.446944,0.469938,-1.926525,-6.260925,-0.148626,-1.356562,-0.380655
2024-05-01,-0.325072,-0.723056,-0.12382,0.077426,0.037872,0.396007,0.152874,-0.935508,0.822295,-3.634664,-0.020404,-0.084894,0.360519
2024-05-02,0.932766,1.276341,1.466942,2.476301,0.039905,0.469837,0.352247,-1.956154,-0.27186,4.319794,0.026408,1.716238,0.396016
2024-05-03,1.240783,2.009832,0.916298,0.887289,0.019936,0.554685,0.448518,-0.309611,-0.045435,4.728055,0.237668,0.885383,0.507149
2024-05-06,1.008544,1.095351,0.78694,0.018727,0.009945,0.086511,0.097072,0.621122,1.045452,1.770441,0.150879,0.546461,0.098049
2024-05-07,0.143246,0.015907,0.140153,-0.617418,0.0,0.259335,-0.019379,0.582998,-0.494821,-0.376924,0.148262,-0.065885,0.196022
2024-05-08,0.004217,-0.059061,-0.099968,-0.037642,0.029891,-0.280213,-0.097013,0.409133,-0.316463,-1.367873,0.0,-0.131844,-0.237536
2024-05-09,0.574232,0.218159,0.740446,0.282492,0.029882,0.302645,0.310683,0.509345,1.587303,0.442613,0.274589,0.610576,0.266147
2024-05-10,0.123389,0.235814,0.039726,0.11268,0.029873,-0.323285,-0.154864,-0.06759,0.848217,-2.849592,0.071443,0.131203,-0.279437
2024-05-13,0.006258,0.230741,-0.019863,0.694039,0.009944,0.118903,0.03876,0.405697,-1.150953,4.142724,-0.008333,0.163802,0.084065
2024-05-14,0.474138,0.643226,0.695139,0.540252,0.0,0.291548,0.213211,-0.235688,0.850876,-2.526129,0.160635,0.621427,0.293963
2024-05-15,1.218188,1.563019,1.005919,1.074667,0.019919,0.753649,0.522113,-0.911234,1.243334,7.417342,0.109287,1.007649,0.641995
2024-05-16,-0.191,-0.203126,-0.566303,0.238313,0.049753,-0.192342,-0.115417,0.272481,-0.350877,-1.46978,0.035607,-0.337912,-0.166405
2024-05-17,0.148167,-0.048679,0.353497,0.493781,0.009944,-0.310506,-0.134803,0.917115,1.67254,3.067831,-0.022544,0.435925,-0.250035
2024-05-20,0.098625,0.697268,0.039136,-0.327567,0.009943,-0.150332,-0.057869,0.639509,0.389611,4.478426,0.010682,0.0,-0.097455
2024-05-21,0.268893,0.19565,-0.156489,-0.620773,0.019851,0.258126,0.27016,-0.200663,-0.172492,-1.332981,-0.007123,-0.289349,0.209078
2024-05-22,-0.290701,-0.019753,-0.940438,-0.330704,0.009965,-0.12874,-0.076985,-0.502688,-1.814255,0.566889,0.034416,-0.757708,-0.125174
2024-05-23,-0.743228,-0.449843,-0.553806,-0.755759,0.06959,-0.354484,-0.365945,-0.23576,-1.935762,-3.513854,0.054556,-0.666014,-0.2925
2024-05-24,0.680535,0.945646,0.815445,0.334321,0.009907,0.129364,0.096675,0.202574,0.044856,2.975703,0.066383,0.801317,0.11175
2024-05-28,0.080133,0.377771,0.019726,-0.111074,0.009973,-0.55984,-0.289698,1.078152,1.076241,-1.086956,-0.022505,-0.032471,-0.474401
2024-05-29,-0.704148,-0.704848,-1.715973,-1.389927,0.0,-0.487256,-0.21307,-0.299998,-0.931681,-1.768962,-0.04266,-1.67153,-0.364459
2024-05-30,-0.671914,-1.071327,0.903058,-0.319471,0.019827,0.500527,0.388229,-0.735545,0.179135,2.23738,-0.284492,0.627184,0.436126
2024-05-31,0.870034,-0.18602,0.875105,-0.848427,0.039721,0.465514,0.386671,-0.168412,-0.625844,-1.654664,0.228238,0.492038,0.364285
2024-06-03,0.109358,0.536927,0.256319,1.045831,0.019965,0.654943,0.38934,-0.910919,0.944674,2.469471,0.046258,0.424355,0.558651
2024-06-04,0.121628,0.273652,-0.294992,-1.430192,0.019928,0.547635,0.308691,-1.634332,-0.891269,1.827337,0.023716,-0.650091,0.375932
2024-06-05,1.1961,2.015974,0.69034,1.546405,0.019932,0.363081,0.269269,1.10765,1.124101,1.14434,0.164748,0.89973,0.277432
2024-06-06,-0.022388,-0.034505,0.254646,0.545213,0.0,-0.042553,-0.076729,0.239642,0.755892,-1.182821,0.059159,0.324252,0.013817
2024-06-07,-0.130215,-0.088492,-1.230947,-0.991023,0.039849,-1.053873,-0.767891,0.819678,-3.486315,-1.847513,0.127722,-1.131236,-0.802191
2024-06-10,0.328035,0.403916,0.138465,0.509914,0.019887,-0.215159,-0.174107,0.880772,0.868764,0.397661,0.067321,0.261532,-0.153405
2024-06-11,0.22745,0.686277,-1.126029,-0.248521,0.019942,0.528288,0.290665,-0.268646,0.22666,-2.983885,-0.031868,-0.89665,0.405001
2024-06-12,0.832777,1.309779,1.21879,0.950932,0.019904,0.557705,0.115958,-0.336695,0.316597,0.108865,0.0,1.052813,0.45897
2024-06-13,0.188882,0.54201,-1.401508,-0.169559,0.009967,0.661257,0.386013,-0.675695,-0.766457,-1.386619,0.008269,-1.041844,0.44301
2024-06-14,0.080241,0.518139,-0.900905,0.188713,0.049746,0.233089,0.096162,0.0,1.226717,-1.599123,0.044855,-0.559298,0.151627
2024-06-17,0.793611,1.224984,0.363646,0.659257,0.009936,-0.465104,-0.134466,0.952409,-0.538603,1.877282,0.016529,0.347401,-0.371563
2024-06-18,0.26645,0.030915,0.402583,0.842063,0.029846,0.435417,0.442387,0.0,0.406138,-3.49285,0.038931,0.461591,0.34533
2024-06-20,-0.277636,-0.770801,0.0,-0.24123,0.009957,-0.253769,0.019171,1.246621,1.303375,1.082933,0.007072,-0.065634,-0.192759
2024-06-21,-0.218741,-0.267928,-0.66574,-0.297623,0.039765,0.021193,-0.153187,-0.299506,-1.597163,-1.26868,0.069586,-0.589259,0.0276
2024-06-24,-0.269048,-1.138462,0.875916,-0.018659,0.009935,0.084808,0.057526,0.40053,0.450858,-7.709882,-0.005898,0.7326,0.055151
2024-06-25,0.415653,1.143567,0.141373,-0.223918,0.019885,0.084709,0.114995,-0.232711,-0.493719,4.579207,0.047143,0.0,0.05512
2024-06-26,0.111439,0.206502,-0.665473,-0.243124,0.009924,-0.603097,-0.287152,0.566478,-0.902123,-1.68639,-0.014137,-0.595047,-0.468292
2024-06-27,0.155053,0.258142,0.243613,0.112491,0.00994,0.223536,0.191981,0.113617,1.092398,0.752332,0.049483,0.182901,0.179927
2024-06-28,-0.3856,-0.519096,0.081013,0.243443,0.03973,-0.531045,-0.34491,0.333769,0.045026,-2.35962,-0.058874,0.082999,-0.46965
2024-07-01,0.229931,0.586507,0.080939,0.205493,0.038882,-0.744422,-0.347734,1.630076,0.270033,5.353319,0.077759,0.116088,-0.527723
2024-07-02,0.648343,1.049957,0.222402,0.279636,0.009997,0.377712,0.193866,-0.327323,-0.089769,-2.119627,0.170722,0.380972,0.293948
2024-07-03,0.451904,0.833721,1.190235,1.375727,0.029898,0.666512,0.386997,0.032827,1.168015,-2.254519,0.086973,1.188131,0.57216
2024-07-05,0.597859,1.042684,0.637958,0.476797,0.039849,0.555314,0.443358,-0.131319,1.376552,-6.464343,0.090427,0.505546,0.457876
2024-07-08,0.096096,0.237826,-0.435816,0.018246,0.019937,0.031843,0.0,-0.493079,-1.314057,-0.097335,0.010554,-0.292055,0.0
2024-07-09,0.109743,0.086451,-0.338241,0.346718,0.0,-0.137985,-0.211125,0.429458,0.177537,2.500807,-0.030503,-0.179015,-0.041422
2024-07-10,0.96302,1.042652,1.397508,0.472816,0.019892,0.095656,0.230779,0.592108,0.443068,-0.950568,0.061024,1.173784,0.082855
2024-07-11,-0.856905,-2.19302,0.393762,0.597295,0.019938,0.637308,0.287786,-1.373437,1.720333,0.0,0.026977,0.467288,0.497074
2024-07-12,0.617921,0.587494,1.000187,0.377826,0.049768,0.211076,0.13395,-0.198945,0.0,0.511836,-0.009384,0.866074,0.261016
2024-07-15,0.303199,0.268783,-0.757265,-0.94999,0.0,-0.315952,-0.057336,0.066445,0.303555,10.057294,-0.019932,-0.826833,-0.315165
2024-07-16,0.567692,0.038289,0.586969,0.579088,0.019899,0.443717,0.344101,0.597605,1.988764,2.776168,0.076236,0.561168,0.384862
2024-07-17,-1.396806,-2.935494,-0.564108,-1.583302,0.009952,0.084162,0.038096,-1.749155,-0.466302,-0.844117,0.021092,-0.765312,0.095866
2024-07-18,-0.75227,-0.473244,-0.978098,-0.932368,0.019901,-0.283776,-0.247567,0.067174,-0.68143,-1.645862,0.060929,-0.964003,-0.259921
2024-07-19,-0.667395,-0.886364,-0.592643,-0.996488,0.039762,-0.316176,-0.248197,-0.402831,-1.758147,5.741494,0.070255,-0.665157,-0.260564
2024-07-22,1.038557,1.489769,0.973775,0.782843,0.019898,-0.095174,-0.133961,0.572972,0.0,1.527961,-0.058502,0.914583,-0.041274
2024-07-23,-0.166751,-0.352456,-0.511726,-1.0357,0.009934,0.074101,-0.019173,-0.837803,0.349192,-3.977424,-0.029272,-0.598813,0.01379
2024-07-24,-2.289055,-3.587038,-1.246282,-1.121277,0.009925,-0.222096,-0.287502,-1.216626,-0.304479,0.139936,0.113603,-1.253654,-0.28887
2024-07-25,-0.504749,-1.102759,-0.620985,-0.415802,0.019915,0.22259,0.230682,-0.615809,-1.614314,-1.481271,-0.177816,-0.494644,0.22068
2024-07-26,1.121713,1.025586,1.31021,1.024856,0.029775,0.475882,0.268495,0.275371,1.064309,5.276597,0.019921,1.259333,0.399189
2024-07-29,0.073962,0.200886,-0.39793,-0.375725,0.029799,0.168413,0.153029,-0.308943,-0.08776,-1.185671,0.0,-0.425472,0.123368
2024-07-30,-0.523281,-1.373149,0.219736,-0.339431,0.0,0.210118,0.057298,-0.413235,0.966181,-2.045269,-0.056237,0.049303,0.123262
2024-07-31,1.576067,2.959369,1.474992,2.062439,0.009941,0.733994,0.572605,0.069171,1.826882,-1.030064,0.20867,1.64258,0.547038
2024-08-01,-1.363836,-2.422136,-2.553523,-1.594351,0.03291,0.42704,0.091428,-1.79683,-0.384452,-2.92546,-0.118158,-2.262447,0.373844
2024-08-02,-1.827546,-2.373505,-1.753677,-1.450646,0.049842,1.54899,0.475652,-3.307529,-0.12864,-1.303961,0.297505,-1.703035,1.141768
2024-08-05,-3.002591,-2.98161,-2.338939,-3.03957,0.009973,0.102407,0.284023,-2.401737,-1.245173,-14.415742,1.94558,-2.388569,-0.094091
2024-08-06,0.997477,0.955511,0.168059,0.414037,0.019928,-0.889751,-0.509823,0.260982,-0.869569,6.106349,-1.484601,0.310188,-0.618783
2024-08-07,-0.693845,-1.082981,0.482374,0.805023,0.0,-0.361183,-0.341621,0.260334,-0.043852,-3.556419,0.220933,0.566917,-0.243628
2024-08-08,2.333151,3.059101,1.711558,2.201019,0.029878,-0.300311,-0.095234,1.261126,1.579634,8.581963,-0.232051,1.861964,-0.149259
2024-08-09,0.428508,0.522237,0.348861,0.533637,0.029894,0.405088,0.266896,0.073267,0.215988,2.099414,-0.581463,0.335415,0.353307
2024-08-12,0.051042,0.215364,0.040891,0.303314,0.019896,0.27934,0.266146,0.549037,1.724136,-2.751738,0.15207,0.083568,0.176032
2024-08-13,1.660995,2.481275,1.63533,1.039497,0.019908,0.443611,0.208574,0.473248,-0.169495,3.171643,0.023355,1.469604,0.378495
2024-08-14,0.319129,0.032433,0.382131,-0.48634,0.019913,0.13354,-0.075669,0.072471,-0.806446,-3.254978,0.005835,0.032913,0.188506
2024-08-15,1.716691,2.526313,1.222199,1.071421,0.00995,-0.625716,-0.208297,1.049964,0.342319,-3.146412,0.066562,1.233952,-0.416655
2024-08-16,0.210477,0.128562,0.593824,1.153063,0.039789,0.196126,0.0,0.358284,2.174833,4.63171,0.012828,0.650095,0.215949
2024-08-19,0.961821,1.313598,1.160975,1.066382,0.00997,0.133914,0.037958,0.321319,-0.125204,-1.137408,-0.002332,1.130304,0.121212
2024-08-20,-0.16526,-0.209854,-0.272328,-0.782253,0.009919,0.401246,0.43625,-0.533819,0.376098,0.839554,0.054841,-0.479006,0.29597
2024-08-21,0.350548,0.466415,0.877713,0.476709,0.02983,0.204935,0.169984,-0.071548,-0.124899,3.546104,-0.009332,0.818233,0.214588
2024-08-22,-0.809247,-1.585484,-0.696063,-1.186126,0.0,-0.460174,-0.301676,0.107411,-1.208833,-2.144137,0.059478,-0.79568,-0.401529
2024-08-23,1.081924,1.084553,1.927568,1.625114,0.039778,0.462301,0.548407,-0.14306,1.181429,5.62994,-0.041961,1.764505,0.443445
2024-08-26,-0.24582,-0.970847,-0.401154,-0.890422,0.019856,-0.122704,0.018831,0.107441,0.333611,-0.60501,0.026821,-0.472871,-0.107032
2024-08-27,0.133885,0.298748,0.38359,0.256692,0.009926,-0.040977,-0.018827,-0.21466,0.207819,-1.855071,-0.067607,0.348435,0.0
2024-08-28,-0.571613,-1.134747,-0.496736,-0.731531,0.009933,-0.051217,0.0,-0.035863,-0.622155,-5.256937,0.079311,-0.520844,-0.066963
2024-08-29,0.015595,-0.146395,0.268809,0.073693,0.009949,-0.174212,-0.112843,0.32281,0.459101,0.561086,-0.032635,0.25386,-0.14743
2024-08-30,0.941124,1.191942,0.325538,0.257739,0.049657,-0.349023,-0.338888,0.286034,-0.664727,-0.960935,0.032645,0.284845,-0.201319
2024-09-03,-2.023007,-3.036083,-1.736979,-1.836219,0.043886,0.659201,0.240398,-0.713015,-0.418237,-1.064163,0.251758,-1.688489,0.426236
2024-09-04,-0.248244,-0.259854,-0.310792,-0.0187,0.009947,0.585106,0.188878,-0.215446,0.042,0.094903,0.094172,-0.208672,0.443282
2024-09-05,-0.246905,0.093358,0.019501,0.074837,0.029895,0.234707,0.094237,0.107959,0.839634,-3.53982,-0.134741,0.160846,0.240714
2024-09-06,-1.665157,-2.678734,-1.870273,-1.794736,0.039862,0.142538,0.056499,-0.826753,-0.79101,-4.521629,0.157018,-1.846783,0.120062
2024-09-09,1.125556,1.285977,1.072074,0.875697,0.009931,0.142318,0.244689,0.434937,0.461606,6.897736,-0.091733,1.03076,0.133227
2024-09-10,0.412141,0.924157,-0.392866,-0.283074,0.019925,0.426414,0.244076,0.360886,0.459477,1.348315,0.069736,-0.404869,0.332696
2024-09-11,1.02321,2.171544,0.571887,0.643456,0.0,-0.07076,0.037492,0.107889,-0.166316,-0.50681,0.226494,0.569107,-0.053041
2024-09-12,0.859751,0.981618,0.901976,0.808575,0.009952,-0.161855,-0.018731,0.251435,1.749271,1.273479,0.104295,0.905415,-0.106182
2024-09-13,0.531271,0.447984,0.272048,0.466331,0.059725,0.192526,0.39326,0.286626,0.941464,2.389187,-0.013893,0.27241,0.212547
2024-09-16,0.151001,-0.441784,0.794565,0.464159,0.019891,0.26292,0.335751,0.321549,0.0,-3.07031,0.094943,0.655159,0.265131
2024-09-17,0.046411,0.05283,-0.480676,0.036966,0.0,-0.181539,-0.037198,-0.178061,-0.527166,3.452645,-0.021975,-0.31753,-0.13222
2024-09-18,-0.324598,-0.432955,-0.347751,-0.351017,0.029831,-0.434537,-0.353342,-0.463785,-0.733797,0.214329,0.160822,-0.334427,-0.304479
2024-09-19,1.744489,2.528421,1.919339,2.03931,0.019898,-0.081199,-0.503924,1.003569,1.478434,5.316229,-0.103958,1.949486,0.0
2024-09-20,-0.196232,-0.19033,-0.907946,-0.25436,0.039779,-0.030466,0.637786,0.354867,1.295029,-0.696262,-0.061287,-0.7052,-0.013306
2024-09-23,0.246263,0.265071,0.404248,0.765026,0.029812,-0.060959,0.018624,0.0,0.23971,0.817992,0.003469,0.523155,-0.066387
2024-09-24,0.28752,0.482352,0.613483,3.199565,0.009923,0.111841,0.260916,0.565782,1.355122,1.477839,0.046281,1.387795,0.119622
2024-09-25,-0.203157,0.092714,-0.628799,-1.156066,0.0,-0.406215,-0.371764,-0.140668,-0.078649,-1.684752,0.011567,-0.762181,-0.371672
2024-09-26,0.397632,0.751308,2.224345,3.437885,0.009939,-0.071382,-0.149242,0.457766,0.432903,2.439733,0.034689,2.460827,0.0
2024-09-27,-0.129448,-0.555703,-0.619031,-0.256976,0.039719,0.397959,0.280268,-0.385452,-0.744516,1.50269,-0.013872,-0.443627,0.293109
2024-09-30,0.435865,0.27119,-0.320859,-1.39128,0.0,-0.27441,-0.074531,-0.141995,-0.789581,-3.379886,-0.026593,-0.52245,-0.225793
2024-10-01,-0.934298,-1.39325,-0.700627,0.609649,0.039892,0.363881,0.317102,0.106646,0.994827,-2.746461,0.208153,-0.262572,0.295077
2024-10-02,0.017205,0.141299,-0.171633,1.731303,0.0,-0.285159,-0.111557,0.106547,0.039402,-2.526749,0.028852,0.356193,-0.186377
2024-10-03,-0.189333,-0.074695,-0.936,-1.276386,0.009963,-0.510692,-0.409542,-1.099684,-0.039386,1.372372,0.103826,-1.049379,-0.440184
2024-10-04,0.921751,1.189806,0.597755,0.896402,0.039872,-0.964972,-0.710279,-0.358683,-0.197003,2.286397,-0.115245,0.76419,-0.656475
2024-10-07,-0.900054,-1.071164,-0.555871,0.649245,0.00995,-0.362836,-0.094125,-0.755947,-0.355311,1.55882,0.076153,-0.201198,-0.296709
2024-10-08,0.946514,1.493455,-0.154216,-2.22373,0.009981,0.083248,0.16959,-0.036258,-0.792389,-1.795537,0.097997,-0.946042,0.148785
2024-10-09,0.683332,0.786846,0.038614,-0.538193,0.019895,-0.374228,-0.150483,0.0,-0.479237,-2.005309,0.079474,-0.1096,-0.270127
2024-10-10,-0.167767,-0.113561,-0.17367,0.22692,0.019941,-0.010421,0.207216,-0.29029,0.682183,-2.196809,0.046036,-0.094032,-0.040638
2024-10-11,0.594818,0.156319,0.502616,0.696609,0.039816,0.031293,0.018802,0.509472,1.076128,5.876923,0.046015,0.580478,0.013559
2024-10-14,0.818447,0.839148,0.211575,-0.328601,0.0,-0.177342,-0.187966,0.0362,-0.118299,4.475446,-0.068986,0.062391,-0.067752
2024-10-15,-0.761525,-1.336684,-1.420342,-2.030192,0.019904,0.512094,0.150677,-0.289547,0.355311,1.585535,0.046017,-1.590023,0.393135
2024-10-16,0.420265,0.012228,0.38942,0.938731,0.019908,0.15594,0.037587,0.326688,0.511405,1.067906,-0.011495,0.506892,0.134999
2024-10-17,0.014952,0.06925,-0.038801,-0.26322,0.0,-0.519043,-0.30074,-0.434153,0.58709,-1.408834,0.011496,-0.157617,-0.485411
2024-10-18,0.384842,0.655472,0.562674,0.844479,0.039776,0.114793,0.113114,0.472385,1.011667,2.720532,-0.011495,0.805058,0.054199
2024-10-21,-0.154487,0.192127,-1.138339,-0.558276,0.019888,-0.771341,-0.677971,-0.795647,0.077043,-1.230612,-0.011505,-0.986535,-0.677141
2024-10-22,-0.06895,0.109002,-0.507431,-0.298237,0.009963,-0.09451,0.151713,-0.036474,1.039263,-0.487531,-0.011506,-0.395381,0.040915
2024-10-23,-0.912041,-1.532384,-0.961153,-0.56309,0.0,-0.231316,-0.265076,-0.948215,-1.219046,-1.578666,0.080533,-0.889178,-0.245324
2024-10-24,0.225866,0.810876,0.356507,-0.212347,0.029819,0.221283,0.113895,0.368199,0.732744,2.848448,-0.034485,0.20827,0.16394
2024-10-25,-0.039428,0.609372,-0.315765,-0.1064,0.039736,-0.220795,-0.303355,-0.183428,0.267993,-2.204893,0.1035,-0.271772,-0.204593
2024-10-28,0.311864,0.016138,0.732523,0.355041,0.0,-0.231861,-0.114111,0.367515,-0.038183,4.399237,-0.068932,0.673288,-0.123025
2024-10-29,0.159206,0.96084,-0.334126,-0.300717,0.019909,0.042244,0.114242,0.29294,1.14591,4.082168,0.022996,-0.350314,0.082099
2024-10-30,-0.301059,-0.755752,-0.492988,-0.869417,0.0,-0.147814,0.190167,-0.7302,0.528706,-0.986841,0.011487,-0.591245,-0.095728
2024-10-31,-1.967523,-2.52428,-0.713429,-0.44746,0.019848,-0.052868,-0.113903,-0.956228,-1.540202,-2.683361,0.126408,-0.578692,-0.013676
2024-11-01,0.434309,0.739905,0.219557,0.2517,0.054823,-0.592193,-0.460386,0.148525,-0.381528,-1.07669,-0.011471,0.113173,-0.387227
2024-11-04,-0.21715,-0.291328,0.139411,0.32282,0.009978,0.533821,0.191138,-0.370778,0.076593,-2.840456,-0.080349,0.306859,0.399774
2024-11-05,1.202749,1.2757,1.054112,1.304966,0.019946,0.053059,0.076283,0.297729,0.229626,3.278691,0.103385,1.094834,0.24716
2024-11-06,2.490086,2.71631,-1.27928,-1.19993,0.0,-1.029489,-0.076224,0.333945,-2.978239,9.894185,-0.048198,-1.210383,-0.821808
2024-11-07,0.778581,1.574424,1.515136,2.196826,0.019901,0.804303,0.343355,0.961548,1.613537,0.385171,0.059705,1.724965,0.745746
2024-11-08,0.441972,0.116855,-1.315782,-2.429229,0.049808,0.212749,0.190121,-0.293047,-0.697135,0.311753,-0.022954,-1.664023,0.191903
2024-11-11,0.081841,-0.058356,-0.039805,-0.770189,-0.00996,-0.275996,-0.265637,-0.293909,-2.340088,13.339703,0.114778,-0.128919,-0.191535
2024-11-12,-0.299791,-0.181003,-1.632494,-1.73286,0.009961,-0.628064,-0.532737,-0.147391,-0.838662,2.995153,-0.215526,-1.645971,-0.603184
2024-11-13,0.051031,-0.12867,-0.566681,-0.753119,0.029871,-0.064279,-0.114774,0.036918,-1.006847,0.102395,0.434271,-0.508614,-0.041345
2024-11-14,-0.635673,-0.694978,0.081416,-0.499719,0.0,-0.010717,-0.038291,-0.516417,-0.284783,-2.475456,-0.366049,-0.115438,-0.027597
2024-11-15,-1.290446,-2.382585,-0.284719,-0.037199,0.04976,0.042873,0.0,-0.074152,-0.204003,4.573108,0.103334,-0.264145,0.027605
2024-11-18,0.414077,0.694767,0.673044,1.06067,0.009944,0.225031,0.191578,0.0371,1.92151,0.140421,-0.119284,0.645579,0.096591
2024-11-19,0.364351,0.687969,-0.121559,0.05523,0.009959,0.213871,0.229452,-0.037086,0.842355,1.101769,0.013781,0.032891,0.179176
2024-11-20,0.036853,-0.057604,-0.283977,-0.110421,0.0199,-0.149405,-0.076322,0.408145,0.596665,1.902118,0.03559,-0.246622,-0.110086
2024-11-21,0.504692,0.35972,0.244098,-0.239496,0.0,-0.053414,-0.114539,0.25869,0.869906,4.044328,0.070016,0.049452,-0.055081
2024-11-22,0.335371,0.160402,0.446436,0.110801,0.029828,0.064157,0.038234,0.442329,1.29361,1.102598,-0.06652,0.345958,0.041305
2024-11-25,0.321471,0.15817,0.484868,0.110686,0.009945,1.079061,0.573172,-0.440382,-2.979878,-4.436225,0.043606,0.328353,0.923008
2024-11-26,0.560801,0.536924,-0.603158,-0.331683,0.019872,-0.211403,-0.227962,0.331745,0.239328,-4.197296,-0.011466,-0.507282,-0.17745
2024-11-27,-0.318677,-0.787333,0.525905,0.03698,0.019876,0.402505,0.304628,-0.624541,0.159176,6.359785,-0.011476,0.444081,0.273498
2024-11-29,0.526751,0.878672,1.207239,0.36963,0.039777,0.422013,0.265785,0.591496,0.913784,0.474563,0.034422,1.047968,0.368212
2024-12-02,0.281883,1.088795,0.099397,0.239349,0.017918,-0.008439,-0.00762,0.404268,-0.90551,-1.473642,-0.057356,0.194473,0.058587
2024-12-03,0.023431,0.306613,0.417086,0.238807,0.009991,-0.284556,0.0,-0.073202,0.238377,-0.038352,0.074604,0.420495,-0.231529
2024-12-04,0.630478,1.236296,0.01978,0.238231,0.019916,0.380468,0.341687,0.329672,0.317083,3.491271,-0.051606,0.016113,0.341288
2024-12-05,-0.166486,-0.2771,0.454808,0.639845,0.009972,-0.010528,-0.15135,-0.657184,-0.750686,0.018533,0.022945,0.611906,0.013599
2024-12-06,0.199038,0.894954,-0.1378,-0.199826,0.049815,0.315888,0.037905,0.514527,0.039802,2.538923,-0.055061,-0.176051,0.272082
2024-12-09,-0.520768,-0.778753,-0.236536,1.856569,0.009958,-0.346374,-0.113632,0.03655,0.955041,-5.2955,0.123966,0.545145,-0.298454
2024-12-10,-0.284212,-0.340756,-0.731075,-1.518935,0.019922,-0.179068,-0.037925,-0.073103,1.261331,0.190837,-0.011466,-1.084359,-0.108865
2024-12-11,0.757686,1.790255,0.716553,0.508074,0.0,-0.295451,-0.11382,0.58523,0.973141,5.180955,-0.011468,0.61259,-0.217956
2024-12-12,-0.515643,-0.645382,-0.968387,-0.577722,0.009939,-0.381,-0.379792,-0.43637,-1.38782,-1.285771,0.012615,-0.897286,-0.395926
2024-12-13,-0.007212,0.765433,-0.259421,0.054468,0.049778,-0.467437,-0.26684,-0.840026,-1.172788,1.632734,-0.024081,-0.242515,-0.397467
2024-12-16,0.392357,1.440062,-0.420166,-0.417412,0.009949,0.032003,-0.076491,-0.036834,0.158224,4.061372,0.114686,-0.340357,0.110104
2024-12-17,-0.419495,-0.440392,-0.241115,-0.366818,0.0,0.0,-0.076487,0.036848,-0.315955,0.849953,-0.13746,-0.357784,0.013739
2024-12-18,-2.936354,-3.607672,-2.477346,-2.317316,0.021993,-0.772912,-0.612568,-0.883976,-1.941362,-5.779155,0.416379,-2.3829,-0.783426
2024-12-19,-0.037108,-0.445341,-0.247821,0.459156,0.019949,-0.453107,-0.50077,-0.260108,0.121215,-4.326395,0.293574,0.0,-0.277035
2024-12-20,1.131856,0.873257,-0.035727,0.323755,0.019993,0.368462,0.272184,0.074512,1.089582,0.1908,-0.448753,0.127545,0.305596
2024-12-23,0.715793,0.974279,0.588605,0.569474,0.019949,-0.44271,-0.155105,0.260608,-0.55888,-3.561225,-0.024021,0.577443,-0.318519
2024-12-24,1.028901,1.355976,0.397077,0.283128,0.029925,0.054228,0.194162,0.371328,0.20072,6.338861,-0.005727,0.320838,0.143565
2024-12-26,-0.001804,-0.067946,0.39549,-0.338804,0.009978,0.075887,0.0,-0.258977,0.76122,-3.435466,-0.022885,0.201985,0.069582
2024-12-27,-1.036523,-1.329307,-0.2488,-0.3966,0.02993,-0.259956,-0.232559,-0.111024,-0.755469,-1.115388,0.034339,-0.218375,-0.208602
2024-12-30,-1.113189,-1.329983,-0.623565,-0.81531,0.0,0.586444,0.349652,-0.306633,-0.280448,-0.175022,-0.034327,-0.673394,0.390224
2024-12-31,-0.402976,-0.849474,0.020918,-0.172057,0.029896,-0.183557,0.0,0.576693,0.642828,-0.935132,0.206044,-0.118646,-0.166582
2025-01-02,-0.250518,-0.195601,-0.209115,-0.172346,0.019949,0.054099,-0.077424,0.726316,1.357286,4.228125,-0.159926,-0.169693,0.041712
2025-01-03,1.291254,1.636522,0.586755,0.901589,0.02989,-0.162174,-0.154969,-0.037955,-0.827094,1.075471,0.129289,0.526942,-0.125107
2025-01-06,0.582299,1.14929,0.979152,0.285174,0.0,-0.097434,0.038802,-0.341692,-0.15886,3.901438,0.065132,0.777818,-0.097429
2025-01-07,-1.125008,-1.784432,-0.330099,-0.682467,0.019923,-0.455246,-0.155173,0.304772,0.636435,-5.767156,0.034257,-0.453022,-0.348273
2025-01-08,0.134862,0.01748,-0.124182,-0.515369,0.019944,0.174219,0.19427,0.60766,0.474312,-2.554814,0.057081,-0.219111,0.111827
2025-01-10,-1.521741,-1.568126,-1.492233,-1.78434,0.039814,-0.72827,-0.387762,1.057009,1.022818,0.93915,0.050198,-1.638523,-0.516682
2025-01-13,0.129244,-0.321373,-0.273522,-0.703257,0.019915,-0.175192,0.116769,0.298844,-1.090345,-1.182401,-0.004559,-0.377811,-0.098263
2025-01-14,0.1272,-0.094949,0.379773,1.082036,0.009948,0.032904,0.038894,-0.782131,0.551186,3.020794,-0.022812,0.551628,0.070259
2025-01-15,1.828992,2.300626,1.239994,1.226148,0.009947,1.052621,0.660697,0.112609,0.743926,3.236864,-0.045627,1.182933,0.800337
2025-01-16,-0.148585,-0.700588,0.332172,-0.057676,0.0,0.238716,0.115831,-0.112483,0.73844,0.848394,0.0,0.321919,0.19502
2025-01-17,0.959118,1.687836,0.496596,0.769529,0.049744,0.07578,0.077134,0.337844,-0.578702,4.389176,0.045648,0.48979,0.027816
2025-01-21,0.909991,0.586502,1.935321,1.030927,0.009989,0.335331,0.077074,-1.047503,1.552191,1.296422,-0.0114,1.714285,0.291846
2025-01-22,0.568103,1.278587,-0.222169,0.018895,0.019863,-0.258723,-0.11551,0.226829,0.534961,-1.729505,0.011401,-0.214816,-0.207861
2025-01-23,0.554153,0.212602,0.688267,0.377866,0.00997,-0.259429,0.077088,0.264057,-0.11402,-1.038367,0.0,0.64581,-0.15277
2025-01-24,-0.301403,-0.565104,0.562926,0.414069,0.02981,0.205914,0.154081,-0.752442,0.64688,1.511653,0.034218,0.493584,0.194733
2025-01-27,-1.391735,-2.911475,-0.179933,-1.799436,0.0,0.648845,0.461556,-0.682339,-1.058604,-3.38122,0.057016,-0.589394,0.527485
2025-01-28,0.838114,1.478,-0.100131,0.744413,0.029817,0.010753,0.038275,0.725191,0.840655,-0.145062,-0.068373,0.115292,-0.055243
2025-01-29,-0.438979,-0.187819,0.0,0.037897,0.0,-0.118156,-0.076543,-0.075771,-0.341039,3.105137,0.079826,0.016443,-0.055263
2025-01-30,0.522244,0.426241,1.082586,1.571969,0.019862,0.215098,0.076602,0.265443,1.520918,0.47552,-0.056977,1.20065,0.138222
2025-01-31,-0.533904,-0.14529,-0.95199,-1.193358,0.01989,-0.160999,0.076535,0.113454,0.149809,-3.1376,0.125414,-0.991386,-0.138031
2025-02-03,-0.656022,-0.80033,-1.241496,-0.603889,0.022909,0.071174,0.191208,0.188898,0.560956,-0.253347,-0.045549,-1.001306,0.090147
2025-02-04,0.663993,1.227532,1.216541,1.689777,0.019954,0.247878,0.15267,-0.452491,1.004092,-2.467345,0.022789,1.276739,0.13857
2025-02-05,0.410249,0.453786,0.961533,-0.205387,0.0,0.580519,0.457319,-0.265142,0.589101,-1.469489,-0.079726,0.654879,0.511963
2025-02-06,0.359961,0.521976,0.41668,0.449019,0.01991,-0.117566,-0.151743,0.151927,-0.183013,-0.32094,0.036473,0.439169,-0.110141
2025-02-07,-0.972003,-1.261326,-0.790373,-0.093133,0.029891,-0.331737,-0.265956,0.379198,0.110007,-1.193184,0.111665,-0.64778,-0.303191
2025-02-10,0.715318,1.210508,0.63732,1.081282,0.019908,-0.021448,0.038101,0.906685,1.648354,1.571791,-0.056912,0.798697,0.027624
2025-02-11,0.089904,-0.238062,0.395808,-0.461077,0.0,-0.257756,-0.038086,0.037451,-0.360362,-2.113611,0.011391,0.177891,-0.165811
2025-02-12,-0.330555,0.05871,0.197136,0.537328,0.009972,-0.689071,-0.533338,0.224552,0.144669,1.831503,0.02277,0.274404,-0.512187
2025-02-13,1.056219,1.438582,1.29845,0.571327,0.019894,0.748069,0.536198,-0.298732,0.975076,-0.757292,-0.068303,1.078566,0.598318
2025-02-14,0.00359,0.419849,0.038837,0.678028,0.039829,0.419665,0.190456,-1.011238,-1.502139,1.106451,0.04557,0.191106,0.318106
2025-02-18,0.288904,0.226701,0.679465,0.655262,0.01989,-0.535797,-0.304147,1.513433,1.633983,-3.301887,-0.011389,0.588144,-0.372246
2025-02-19,0.241855,0.027823,-0.867704,-0.198917,0.0,0.161634,0.152545,-0.484531,0.107184,2.146338,0.0,-0.663716,0.138352
2025-02-20,-0.420428,-0.42447,0.389033,0.960313,0.019927,0.204329,0.228477,-0.561805,0.0,2.483291,0.011391,0.604519,0.12437
2025-02-21,-1.701416,-2.07544,-0.716919,-0.358932,0.039756,0.590416,0.265948,-1.054613,0.0,-3.765145,0.091098,-0.648323,0.441708
2025-02-24,-0.473043,-1.180445,-0.097579,-1.42291,0.009965,0.213421,0.11368,-0.190336,0.535331,-0.929691,-0.079636,-0.493401,0.137439
2025-02-25,-0.497161,-1.259921,0.722793,0.054809,0.009932,0.787975,0.454219,-1.029735,-1.313457,-6.314767,-0.045544,0.559818,0.63127
2025-02-26,0.062229,0.241564,0.155162,0.876555,0.0,0.274687,0.075353,0.038524,0.143888,-4.236225,-0.005692,0.302218,0.149976
2025-02-27,-1.605866,-2.777132,-1.18126,-1.973205,0.02981,-0.115902,-0.075296,-0.115551,-1.508621,-1.154933,-0.00684,-1.332063,-0.122519
2025-02-28,1.554018,1.579155,0.078375,-1.311171,0.019897,0.548547,0.640525,-0.269955,-0.583515,1.0582,0.002277,-0.273232,0.422616
2025-03-03,-1.722416,-2.188256,0.74409,-0.804645,0.022922,0.362991,0.280952,-0.657402,1.247249,2.072427,0.135568,0.338436,0.230107
2025-03-04,-1.205011,-0.301774,-0.272112,0.735714,0.009956,-0.314507,-0.298823,-0.778502,0.905797,1.004483,0.017064,0.04819,-0.285263
2025-03-05,1.121701,1.303606,2.358208,2.977524,0.0,-0.557398,-0.562002,-0.117698,0.17953,4.210753,-0.096683,2.504412,-0.354255
2025-03-06,-1.813963,-2.750951,-0.932975,-0.618293,0.029874,-0.052862,-0.037702,-0.510604,-0.50179,-1.583754,0.089941,-0.79874,-0.082032
2025-03-07,0.539245,0.735359,1.057087,0.43916,0.029881,-0.126959,-0.150771,0.157925,0.0,-2.351969,-0.039809,0.85254,-0.109474
2025-03-10,-2.643961,-3.875635,-2.301256,-2.277287,0.0,0.699224,0.41527,-1.892018,-0.864552,-9.16966,0.18322,-2.269872,0.465767
2025-03-11,-0.82054,-0.239044,-0.272528,0.689791,0.019923,-0.357705,-0.300764,-0.040173,1.199128,5.163985,-0.073837,-0.080106,-0.381788
2025-03-12,0.48506,1.128079,0.741758,0.555451,0.0,-0.295631,-0.037715,0.844061,0.466783,-0.199071,-0.18302,0.689315,-0.2053
2025-03-13,-1.306071,-1.799048,-0.755681,-0.478738,0.029858,0.40242,0.113187,0.079722,1.75125,-3.346628,-0.010244,-0.604975,0.301727
2025-03-14,2.053063,2.417052,1.913324,1.813131,0.029865,-0.348059,-0.301444,0.955792,0.035125,5.663841,0.159453,1.777985,-0.246131
2025-03-17,0.763329,0.648369,1.18773,1.65365,0.009941,0.084629,0.11337,0.394455,0.561797,-0.195313,-0.01592,1.306262,0.137091
2025-03-18,-1.054822,-1.704739,-0.132512,-0.446907,0.009956,0.116364,0.113257,0.275063,1.152234,-2.587524,-0.018196,-0.124277,0.109496
2025-03-19,1.050575,1.338137,0.454978,0.125691,0.019919,0.306314,0.490198,0.039197,0.414225,3.90625,0.136498,0.264423,0.300863
2025-03-20,-0.23018,-0.338949,-0.773739,-0.87876,0.0,0.147435,0.112561,-0.274201,-0.137507,-1.589684,-0.141997,-0.775681,0.04086
2025-03-21,0.024988,0.32966,-0.550275,-0.34377,0.029812,-0.084128,-0.074962,-0.03929,-0.826161,-0.283783,0.096694,-0.484559,-0.081742
2025-03-24,1.754893,2.194445,0.134494,0.308641,0.019885,-0.578805,-0.375097,0.117891,-0.451229,5.166376,-0.090913,0.157583,-0.436461
2025-03-25,0.238024,0.570652,0.537221,-0.162895,0.009949,0.169353,0.225917,0.156987,0.453275,-0.083266,0.119435,0.330394,0.123323
2025-03-26,-1.166505,-1.84006,-1.202289,-0.598252,0.019863,-0.232487,-0.150284,0.039197,-0.034711,-1.895833,-0.051126,-1.034962,-0.218928
2025-03-27,-0.275138,-0.569803,0.1159,0.437711,0.009946,-0.084717,0.188132,0.311614,1.319448,0.615844,0.215985,0.221829,-0.04114
2025-03-28,-1.997278,-2.632782,-1.138341,-1.779555,0.029794,0.805668,0.563276,-0.393233,0.719668,-3.79907,-0.045373,-1.169965,0.576139
2025-03-31,0.60884,-0.004266,-0.800159,-0.221846,0.0,0.29445,0.41075,-0.276358,1.463084,-1.535763,-0.190648,-0.655894,0.177287
2025-04-01,0.367776,0.806108,0.354116,0.444686,0.02593,0.351324,0.033577,0.19794,-0.234741,3.097147,0.100052,0.289858,0.314168
2025-04-02,0.602938,0.729846,0.274479,0.110685,0.009979,-0.094319,-0.111931,-0.276576,0.201679,2.290904,-0.113583,0.256903,-0.081683
2025-04-03,-4.769602,-5.353349,-2.091901,-2.04533,0.019908,1.028216,0.597688,-0.950865,-0.570279,-5.789143,0.84148,-2.001923,0.517814
2025-04-04,-5.795696,-6.210903,-6.329884,-5.455228,0.029896,0.280401,-0.297069,-1.199991,-2.294198,2.466917,1.973387,-6.112105,0.081394
2025-04-07,-0.421035,0.241328,-2.174377,-3.541591,0.009949,-1.190976,-1.11732,-0.202436,-1.968231,-7.135037,0.066347,-2.715401,-1.205634
2025-04-08,-1.471218,-1.800848,-0.522978,-1.526395,0.0,-0.50308,-0.301328,-0.162279,0.352238,-1.60264,1.105095,-0.626235,-0.575879
2025-04-09,9.274421,12.003077,7.469881,6.912443,0.019936,-0.316025,0.037793,1.991062,3.580205,7.233534,-3.005793,7.129998,0.234426
2025-04-10,-3.414142,-4.253221,-1.977181,-1.743726,0.0,-0.623465,-1.057398,-0.557773,2.541511,-3.283451,1.75795,-1.798317,-0.798059
2025-04-11,1.761181,1.842303,2.744872,3.010954,0.049747,-0.563608,-0.07635,0.360582,1.850626,5.427257,-0.575863,2.738305,-0.110912
2025-04-14,1.005001,0.677827,1.153608,0.929147,0.009973,0.802039,0.534773,-0.439118,-0.55159,1.24863,-0.723994,1.099456,0.569262
2025-04-15,-0.280541,0.111476,0.680275,-0.076709,0.00994,0.297088,-0.038001,0.481151,0.587277,-1.03851,0.056101,0.543753,0.248544
2025-04-16,-2.197975,-3.015353,-0.218611,-1.132435,0.019911,0.433653,0.342084,0.359143,3.211157,0.393521,0.37004,-0.524422,0.275433
2025-04-17,0.138657,-0.018009,1.075489,0.893029,0.039805,-0.284342,0.113627,-0.07953,-0.439973,0.67509,-0.201095,1.021413,-0.219739
2025-04-21,-2.382724,-2.474657,-0.472919,-0.038488,0.0,-0.538666,-0.454029,-0.079577,3.093433,2.898551,0.089558,-0.358773,-0.550608
2025-04-22,2.523445,2.625186,1.960027,1.501445,0.009933,0.07433,0.380108,0.677024,-1.408448,4.687828,-0.32435,1.849433,0.179939
2025-04-23,1.606472,2.267821,0.291259,1.024084,0.029821,0.106104,0.340758,-0.11867,-2.422362,2.188755,-0.370289,0.449938,0.20722
2025-04-24,2.101331,2.813728,1.277821,1.27652,0.0,0.540607,0.452837,0.316829,1.49586,0.137551,-0.135153,1.279808,0.565304
2025-04-25,0.736443,1.114785,0.229408,-0.352181,0.039757,0.379542,0.075115,0.473735,-1.160235,1.903456,0.067672,0.078969,0.329049
2025-04-28,0.061258,-0.031748,0.686626,0.260421,0.0,0.399113,0.30031,-0.51081,1.491115,-0.654728,-0.169054,0.583961,0.245953
2025-04-29,0.606214,0.660442,0.303089,0.371051,0.009941,0.345249,0.187122,-0.276443,-0.969051,0.562126,-0.011292,0.313825,0.259011
2025-04-30,0.049064,-0.012608,-0.151098,0.129392,0.029797,0.156361,0.224127,0.039596,-0.726009,-1.252894,0.056456,-0.109498,-0.068
2025-05-01,0.708205,1.306068,-0.416097,-0.055376,0.014962,-0.435465,-0.3632,-0.673004,-2.066777,2.654696,-0.050785,-0.250541,-0.278444
2025-05-02,1.433736,1.484393,1.823359,2.899882,0.02988,-0.671309,-0.601259,-0.119569,0.162341,0.418333,-0.056444,2.087913,-0.492761
2025-05-05,-0.522368,-0.593251,0.18653,0.807755,0.009949,-0.179487,0.075597,0.239432,2.949756,-2.840371,-0.016944,0.369052,-0.137536
2025-05-06,-0.851378,-0.930176,-0.018623,-0.49857,0.0,0.253879,0.226672,1.035024,2.770778,0.721105,0.101679,-0.168518,0.220387
2025-05-07,0.451737,0.392588,-0.353809,-1.145315,0.009964,0.263792,0.037703,-0.354591,-1.409311,1.354491,0.0,-0.58319,0.192432
2025-05-08,0.666799,1.032493,-0.33638,-0.126715,0.029881,-0.778782,-0.339104,-0.355893,-1.988811,5.288279,-0.079006,-0.262415,-0.534975
2025-05-09,-0.132866,-0.065529,0.656283,0.652523,0.029864,0.074257,0.113406,0.436513,0.697525,1.867631,-0.372757,0.557189,0.08272
2025-05-12,3.329791,4.07402,0.484343,2.197007,0.0,-0.635925,-0.793038,-0.513627,-2.802265,-1.334995,0.113386,0.985071,-0.344473
2025-05-13,0.656822,1.524072,0.166853,0.229081,0.019898,-0.074677,0.228367,0.079419,0.421118,2.958686,-0.033982,0.198127,-0.041519
2025-05-14,0.124191,0.599313,-0.407178,0.720816,0.009939,-0.373595,-0.151898,-0.277776,-2.161291,-1.506922,0.100832,-0.076044,-0.345807
2025-05-15,0.490652,0.109906,1.059279,0.017453,0.0,0.653576,0.380369,0.397928,1.648533,-0.14232,-0.157313,0.791596,0.541362
2025-05-16,0.644849,0.435223,0.220675,0.01745,0.039816,0.031947,0.151576,-0.158524,-1.200132,0.908602,0.226702,0.120815,0.069041
2025-05-19,0.102506,0.095886,0.807333,0.296632,0.009958,-0.053228,0.037838,0.119078,1.247541,1.430087,-0.011303,0.678837,-0.027611
2025-05-20,-0.354768,-0.333325,0.473242,-0.104381,0.019882,-0.127772,-0.226929,0.198262,1.848248,1.496955,0.079176,0.314669,-0.179386
2025-05-21,-1.67193,-1.389678,-0.543465,-0.139318,0.009915,-0.692953,-0.606509,-0.118725,0.795925,1.457723,0.056505,-0.463033,-0.622162
2025-05-22,0.046669,0.187133,-0.109293,-0.261607,0.0199,0.375747,0.305086,-0.198081,-0.884399,2.281945,-0.022587,-0.165084,0.278255
2025-05-23,-0.675354,-0.926079,0.346447,0.45463,0.029825,0.288764,0.190135,0.555772,2.198855,-2.164927,0.011292,0.330701,0.152601
2025-05-27,2.054851,2.352528,1.399236,-0.12184,0.009925,0.415918,0.417448,-0.276358,-1.683814,1.182434,0.192054,0.973762,0.470966
2025-05-28,-0.570537,-0.443188,-0.913965,-0.453124,0.029813,-0.276133,-0.453524,-0.15836,-0.222016,-2.804675,-0.101482,-0.86054,-0.220589
2025-05-29,0.385001,0.196558,0.397899,0.525208,0.0,0.415325,0.341694,0.158611,0.572156,-1.32257,0.033859,0.434023,0.359262
2025-05-30,-0.103262,-0.157718,0.126103,-1.271336,0.029788,0.296963,0.302685,-0.15836,-0.663714,-0.905136,0.146683,-0.253322,0.192765
2025-06-02,0.581441,0.789826,1.151489,0.829068,0.027897,-0.339466,-0.249952,0.594786,2.640783,-0.122957,0.056327,1.030762,-0.220602
2025-06-03,0.56707,0.78171,-0.729266,0.174952,0.009979,-0.095808,-0.151851,-0.27593,-0.867944,1.688356,0.033779,-0.487943,-0.110556
2025-06-04,-0.063885,0.278776,0.51961,1.239957,0.009954,0.735199,0.34221,0.513838,0.625393,-1.176064,-0.01125,0.653788,0.622494
2025-06-05,-0.467442,-0.752696,0.0,0.48301,0.009953,-0.296173,-0.151579,-0.196625,-0.497203,-2.97515,0.033771,0.132886,-0.192467
2025-06-06,1.021856,0.977543,0.320857,0.412018,0.029897,-0.795657,-0.455404,-0.275806,-1.31168,2.380952,-0.03376,0.265349,-0.537192
2025-06-09,0.107134,0.147195,0.035538,0.735166,0.00995,0.181792,0.038139,0.039502,0.474682,4.193096,-0.045031,0.235247,0.152357
2025-06-10,0.569617,0.661397,0.230902,0.661918,0.009949,0.170784,0.038102,0.03951,0.0,0.777814,-0.101367,0.366742,0.193562
2025-06-11,-0.275953,-0.336964,-0.017718,0.505822,0.019919,0.41562,0.152387,0.592171,0.56693,-0.654361,0.06765,0.087695,0.317415
2025-06-12,0.37801,0.234796,0.779866,0.100645,0.009954,0.435096,0.30428,0.510208,1.22142,-1.857792,0.101393,0.554917,0.371478
2025-06-13,-1.11361,-1.255475,-1.213509,-1.60884,0.039794,-0.369829,-0.113772,0.312376,1.330447,-1.531577,0.191332,-1.336051,-0.356401
2025-06-16,0.965796,1.390989,0.498493,1.137923,0.0,-0.286366,-0.189801,-0.233552,-1.435118,3.39042,-0.17973,0.662345,-0.192562
2025-06-17,-0.851887,-0.975116,-1.257753,-1.27855,0.009941,0.489281,0.53251,0.078033,0.030986,-3.684923,0.157551,-1.22824,0.317
2025-06-18,-0.019999,-0.01703,0.26911,0.051801,0.019911,0.063499,0.037851,0.0,-0.526485,-0.807299,-0.067413,0.118413,0.054937
2025-06-20,-0.276754,-0.408317,-0.809756,-0.638587,0.039759,0.063484,0.226919,0.07798,-0.062268,-0.530784,0.056213,-0.796773,0.068667
2025-06-23,1.029717,1.028251,0.763641,0.833765,0.019883,0.34882,0.075471,-0.077919,0.342681,-0.035575,-0.022471,0.765647,0.246977
2025-06-24,1.09874,1.529184,1.317212,2.515069,0.009932,0.347633,0.150821,0.35089,-1.583354,2.295375,-0.067436,1.519683,0.301125
2025-06-25,0.050045,0.255658,-0.498667,0.067218,0.009955,0.041994,0.0,0.077692,0.315453,2.035133,-0.05624,-0.264187,0.027285
2025-06-26,0.79147,0.935042,1.091824,0.688501,0.00993,0.356754,0.263545,0.504655,-0.094336,-0.221618,0.03376,0.985871,0.286489
2025-06-27,0.496319,0.342336,0.619682,-0.350238,0.039763,-0.261381,-0.150183,-0.073865,-1.825621,-0.666324,-0.011252,0.408005,-0.231272
2025-06-30,0.499816,0.647713,0.316736,0.468617,0.0,0.398346,0.33847,0.116712,1.122156,0.773995,-0.045006,0.2612,0.395405
2025-07-01,-0.045758,-0.842947,-0.070164,0.099957,0.02689,-0.185404,-0.018828,0.077741,0.919464,-2.167606,0.0,0.028961,-0.074922
2025-07-02,0.443819,0.696526,0.315958,0.382762,0.0,-0.209911,-0.075264,0.271847,0.565499,4.221916,0.011259,0.318337,-0.109083
2025-07-03,0.864488,0.98405,0.122489,0.497343,0.049817,-0.347008,-0.150657,-0.193648,-0.687277,-0.435223,-0.022506,0.230769,-0.245697
2025-07-07,-0.801431,-0.753301,-1.240829,-1.435173,0.019922,-0.316581,-0.113167,-0.31045,0.125823,-1.176867,-0.02252,-1.237604,-0.328392
2025-07-08,-0.066601,0.056163,0.725529,0.552314,0.019902,-0.148216,-0.037775,0.077854,-1.036758,0.680506,-0.045041,0.641139,-0.054911
2025-07-09,0.592753,0.707886,0.685173,-0.06658,-0.009945,0.519505,0.264459,0.194484,0.412696,2.838797,0.078855,0.448802,0.398351
2025-07-10,0.29287,-0.143822,0.069796,0.31645,0.019924,-0.052737,0.0,-0.155285,0.252924,1.445943,-0.022509,0.144152,0.013678
2025-07-11,-0.359807,-0.225047,-0.836964,-0.282247,0.039784,-0.464328,-0.150714,0.116645,0.946071,4.162611,-0.022514,-0.690846,-0.410392
2025-07-14,0.197133,0.362697,0.123085,0.183146,0.0,-0.042422,0.075478,-0.155346,-0.37488,1.461674,0.067565,0.101449,-0.013732
2025-07-15,-0.433538,0.091668,-1.00105,0.698019,0.009956,-0.392455,-0.301663,-0.427842,-0.407649,-2.896551,-0.135047,-0.492256,-0.302265
2025-07-16,0.328748,0.102414,0.478978,0.396113,0.029849,0.276881,0.340378,0.42968,0.535265,2.462117,0.157764,0.436489,0.19293
2025-07-17,0.599583,0.809272,0.229518,0.575371,0.009944,-0.031859,0.075401,0.0,-0.250548,-0.246451,-0.090002,0.362151,0.027532
2025-07-18,-0.045065,-0.096111,-0.228992,-0.212488,0.029813,0.276196,0.112989,0.272286,0.219779,-1.37431,0.101347,-0.245365,0.164948
2025-07-21,0.178537,0.51847,0.653249,0.606056,0.009948,0.34957,0.300975,0.387889,1.56641,-0.532332,-0.02362,0.607711,0.288293
2025-07-22,0.0,-0.517581,0.473608,-0.065121,0.019902,0.285011,0.075033,0.231832,0.956204,2.187942,-0.019136,0.41709,0.164258
2025-07-23,0.84956,0.456119,2.129895,1.058976,0.009929,-0.357892,-0.449792,0.231304,-1.252673,-0.754772,0.009007,1.790322,-0.205015
2025-07-24,0.068622,0.212836,-0.700869,-0.532,0.009944,-0.147911,0.150616,-0.192299,-0.556932,0.543223,-0.039392,-0.675391,-0.123214
2025-07-25,0.397777,0.2407,-0.1205,-0.324149,0.01987,0.232762,0.112762,-0.077082,-0.933414,-1.867859,-0.004501,-0.15582,0.246797
2025-07-28,-0.023917,0.312531,-1.482243,-0.764232,0.029807,-0.221663,-0.187745,-0.424212,-0.628143,1.022497,0.004501,-1.29116,-0.164112
2025-07-29,-0.259635,-0.154893,-0.034997,0.114697,0.0,0.655875,0.564331,-0.07747,0.189638,-0.482718,0.005635,-0.057499,0.520524
2025-07-30,-0.121588,0.133975,-0.752539,-0.687388,0.019852,-0.346806,-0.374122,-0.658908,-1.64038,-0.547643,-0.021395,-0.719104,-0.258909
2025-07-31,-0.375506,-0.529918,-0.86404,-0.5768,0.009944,0.084364,-0.112635,-0.078036,0.641433,-0.110132,-0.006752,-0.811236,0.013648
2025-08-01,-1.647101,-1.969866,-0.355748,-0.712749,0.031872,1.151267,0.595956,-0.702845,2.03952,-3.118607,0.135131,-0.335924,0.866257
2025-08-04,1.520691,1.845149,1.392362,1.051755,0.019935,0.13587,0.262466,0.747153,0.56215,1.479434,0.084337,1.230953,0.067928
2025-08-05,-0.48093,-0.678947,0.176064,0.346934,0.009954,-0.073046,0.0,-0.039041,0.062113,-0.913168,-0.084266,0.26058,0.040733
2025-08-06,0.743053,1.258323,0.773277,0.428054,0.009937,-0.073124,-0.186977,0.117146,-0.186224,1.406633,0.151807,0.649707,-0.081423
2025-08-07,-0.060154,0.338434,0.715041,0.803281,0.0,-0.07317,0.149861,0.429017,0.808452,2.008926,0.047159,0.717248,-0.04075
2025-08-08,0.765528,0.932813,0.467525,-0.130101,0.049798,-0.230124,-0.074829,0.0,0.0,-0.969051,0.103256,0.327599,-0.21744
2025-08-11,-0.204875,-0.295879,-0.396414,-0.227981,0.009947,0.031453,0.074885,-0.116509,-1.418874,2.209598,-0.021299,-0.312316,0.068085
2025-08-12,1.06751,1.256872,1.124759,1.273053,0.0,-0.020959,-0.224466,0.77761,-0.125153,0.509565,-0.01682,1.110782,0.013616
2025-08-13,0.348707,0.049989,0.462019,1.047548,0.019915,0.356436,0.374959,0.540112,0.344607,2.734685,-0.039259,0.647908,0.367431
2025-08-14,0.001661,-0.077532,-0.170323,-1.164272,0.009944,-0.323824,-0.224145,-0.345354,-0.624411,-4.007777,-0.01683,-0.447814,-0.284719
2025-08-15,-0.2159,-0.439732,0.443606,0.242044,0.029844,-0.199127,-0.262073,-0.192521,0.062835,-0.872412,0.145884,0.449828,-0.136013
2025-08-18,-0.035491,-0.039845,-0.101913,0.61172,0.029843,-0.094515,-0.03753,0.154311,-0.188381,-0.581491,-0.022408,0.139923,-0.108933
2025-08-19,-0.546204,-1.356761,-0.119031,-0.800002,0.0,0.252263,0.037544,-0.53928,-0.566217,-2.797971,-0.134502,-0.265508,0.190862
2025-08-20,-0.263532,-0.593731,0.255354,-0.225799,0.019874,0.146776,0.150157,-0.116193,1.043973,1.073345,0.08418,0.126115,0.068033
2025-08-21,-0.393815,-0.46297,-0.475452,-0.161665,0.0,-0.293129,0.0,0.0,-0.344398,-1.882545,0.011208,-0.377858,-0.244732
2025-08-22,1.530115,1.542749,1.620884,1.878239,0.039764,0.5565,0.637178,1.434663,1.005346,4.083309,0.056067,1.629457,0.504299
2025-08-25,-0.423126,-0.288487,-1.242446,-0.524469,0.019862,-0.198399,-0.111746,-0.458717,-0.186629,-5.041753,0.112062,-0.967512,-0.135644
2025-08-26,0.399506,0.401522,0.034002,-0.143797,0.0,0.261567,0.223727,-0.115204,0.747902,0.298657,0.0,-0.055841,0.122243
2025-08-27,0.229323,0.153694,-0.118971,-0.559997,0.009937,0.187829,0.186011,-0.038448,0.154653,0.860216,0.072763,-0.293242,0.094936
2025-08-28,0.35329,0.625995,0.408367,0.370075,0.009952,0.229141,0.074281,0.346159,0.741192,-0.11481,0.044744,0.406155,0.121946
2025-08-29,-0.576666,-1.15755,-0.508385,-0.464896,0.059586,-0.08313,-0.074226,-0.536601,0.980992,-3.333338,0.067081,-0.446366,-0.121797
2025-09-02,-0.736833,-0.838008,-0.885708,-0.161053,0.009953,-0.298425,-0.26461,0.269744,2.428668,2.361134,-0.189942,-0.700554,-0.213435
2025-09-03,0.511285,0.786749,0.223404,0.403285,0.009967,0.345363,0.298953,0.384326,0.74096,1.310987,-0.033582,0.211638,0.326959
2025-09-04,0.82303,0.905145,0.617288,-0.321336,0.019917,0.448479,0.149012,0.612549,-0.411895,-2.178539,0.173571,0.408328,0.380238
2025-09-05,-0.273225,0.144285,0.477167,1.192782,0.019913,0.488016,0.372032,0.342478,1.270311,1.657732,0.17327,0.659099,0.4735
2025-09-08,0.258832,0.487811,0.966746,0.892006,0.029864,0.309963,0.296522,0.834266,1.166866,0.444738,-0.033477,0.961269,0.323118
2025-09-09,0.243103,0.283299,-0.268774,0.36311,0.0,-0.236905,-0.184768,0.112829,-0.201845,-0.672351,-0.011166,-0.124179,-0.187883
2025-09-10,0.289315,0.032732,0.067381,0.707881,0.00996,0.268456,0.074033,0.488342,0.346718,2.047221,0.0,0.179611,0.174808
2025-09-11,0.81544,0.582055,1.110918,1.233988,0.019909,0.154463,0.221973,0.747676,-0.143966,0.792749,-0.060289,1.130869,0.214761
2025-09-12,-0.021517,0.441717,-0.41618,-0.030852,0.029854,-0.287875,-0.147652,-0.0371,0.201845,2.086676,0.049152,-0.327293,-0.120548
2025-09-15,0.52115,0.855699,0.802406,0.69454,0.0,0.164967,0.073939,0.816615,1.00719,-1.367923,-0.01898,0.779872,0.187732
2025-09-16,-0.131688,-0.084503,-0.116077,0.751088,0.019891,0.061768,0.110823,-0.184086,0.199429,1.339072,-0.01117,0.081449,0.01341
2025-09-17,-0.115342,-0.199607,-0.348669,0.395546,0.009944,-0.21605,-0.1107,-0.147545,-0.739262,-1.038225,-0.00893,-0.067833,-0.174021
2025-09-18,0.470227,0.901707,0.316566,-0.242458,0.019901,-0.329932,-0.184714,0.295526,-0.401029,1.637258,-0.00559,0.08147,-0.254712
2025-09-19,0.4664,0.67693,-0.455586,-0.227858,0.039771,-0.041368,-0.148034,0.036826,1.064133,-2.080072,0.011173,-0.34074,0.040323
2025-09-22,0.487086,0.591999,0.536463,0.395859,0.0,-0.165597,-0.185315,0.405015,1.707462,-2.571475,0.011172,0.437619,-0.188106
2025-09-23,-0.523782,-0.664226,-0.150076,0.045505,0.019866,0.279889,0.259928,0.110008,0.447677,-0.459014,0.034619,-0.136168,0.201915
2025-09-24,-0.333569,-0.351048,-0.701406,-0.409288,0.009935,-0.268737,-0.148151,-0.146518,-0.919225,1.630431,-0.029028,-0.586288,-0.201508
2025-09-25,-0.47744,-0.431126,-0.672719,-0.487063,0.009942,-0.217686,-0.222535,-0.036678,0.393588,-3.646087,0.027921,-0.57607,-0.107674
2025-09-26,0.588517,0.411069,0.592618,-0.290603,0.029791,-0.051937,0.037157,0.220177,0.588068,-0.151363,-0.033492,0.358675,0.0
2025-09-29,0.28107,0.463107,0.504961,0.782323,0.009946,0.290978,0.111489,0.40856,1.642539,4.834096,0.022333,0.536068,0.256027
2025-09-30,0.368762,0.273933,0.351701,0.334859,0.0,-0.041432,0.037117,0.109965,0.821701,-0.032134,-0.030148,0.437521,-0.040313
2025-10-01,0.357628,0.479691,0.750998,0.788835,0.016941,0.336925,0.148857,0.366168,0.162993,2.732235,0.006706,0.694261,0.252242
2025-10-02,0.110644,0.411103,0.215342,0.466593,0.009951,0.103624,-0.037144,0.14593,-0.325465,2.941184,0.012287,0.189261,0.107628
2025-10-03,0.008128,-0.420961,0.925615,0.269658,0.039847,-0.196695,-0.111533,0.400734,0.789118,1.550147,0.04466,0.742149,-0.120956
2025-10-06,0.341301,0.751015,0.196535,0.418346,0.0,-0.29046,-0.148872,1.959362,1.943837,2.170004,-0.033485,0.214296,-0.228767
2025-10-07,-0.35633,-0.526571,-0.866291,-0.714183,0.019915,0.24968,0.223641,0.213513,0.503184,-3.119961,0.055832,-0.775192,0.188838
2025-10-08,0.580301,1.146371,0.31327,0.749301,0.00996,0.020753,0.148754,1.278412,1.633726,1.481711,-0.02567,0.390629,0.0
2025-10-09,-0.269913,-0.121001,-0.854706,-0.937095,0.009959,-0.072624,-0.148533,-1.157077,-1.814884,-1.921932,0.025676,-0.872133,-0.067298
2025-10-10,-2.68837,-3.471441,-1.889915,-3.573569,0.049765,0.62299,0.371873,-3.582833,0.977034,-3.691327,0.368265,-2.314569,0.390672
2025-10-13,1.515384,2.122145,1.047647,2.896301,-0.009945,0.0516,0.14821,2.906541,2.458155,-0.552054,-0.083394,1.524186,0.161019
2025-10-14,-0.141076,-0.666116,0.301005,-0.908,0.009946,0.257817,-0.037001,0.143016,0.765695,-2.854876,0.083464,0.013641,0.14737
2025-10-15,0.440246,0.705684,0.700236,1.679902,0.019905,-0.113138,-0.074015,0.67833,1.671732,-1.191836,0.066708,0.873371,-0.066886
2025-10-16,-0.66074,-0.370292,0.43047,0.615799,0.009935,0.463449,0.25926,0.638296,2.291983,-2.742895,0.177782,0.446425,0.374834
2025-10-17,0.55483,0.656677,0.082418,-0.104499,0.029849,-0.164038,-0.147765,-0.563783,-1.850955,-1.664967,0.155279,-0.067336,-0.133372
2025-10-20,1.049508,1.260078,0.873004,1.315017,0.009955,0.133487,0.073988,1.700933,3.573207,4.163787,-0.221489,0.983824,0.13355
2025-10-21,-0.012944,-0.026152,-0.898112,-1.0767,0.019884,0.184578,0.221815,-0.940771,-6.157172,0.912256,-0.099885,-0.947562,0.120042
2025-10-22,-0.505619,-0.9634,0.032959,-0.014909,0.009936,0.020476,0.147547,-0.281389,-0.178707,-3.681791,0.099985,0.080851,0.0
2025-10-23,0.565184,0.840646,0.510622,0.820158,0.009943,-0.327464,-0.18416,0.105815,0.358064,2.28669,-0.044396,0.57888,-0.199823
2025-10-24,0.827603,1.067836,0.327767,0.635997,0.02981,0.092403,-0.073812,0.422834,-0.331297,0.367036,-0.03331,0.32124,0.133468
2025-10-27,1.196694,1.78092,0.73505,1.102295,0.009939,0.0,0.0,0.245614,-2.761447,3.922873,-0.077752,0.760523,0.053333
2025-10-28,0.268258,0.768992,-0.016218,-0.029072,0.009922,0.092317,0.110792,-0.315015,-0.762548,-1.135635,0.011118,-0.013245,0.053283
2025-10-29,0.041166,0.450294,-0.567629,0.538027,0.009953,-0.645634,-0.553302,-0.351126,-0.317972,-2.734189,-0.022234,-0.30459,-0.492677
2025-10-30,-1.061806,-1.528867,-0.456693,-1.084758,0.009912,-0.144402,-0.185465,0.10571,1.913879,-3.809044,0.033359,-0.624338,-0.173952
2025-10-31,0.287886,0.482397,-0.081925,-0.175465,0.029812,0.041321,0.18581,-0.140786,-0.547728,3.181733,0.044447,-0.240618,-0.026817
2025-11-03,0.196171,0.478492,0.245977,0.6738,0.027877,-0.047648,-0.141423,0.176229,0.236035,-2.832242,-0.177734,0.281386,-0.115678
2025-11-04,-1.158745,-2.029819,-1.325044,-1.818715,0.0,0.124354,0.074545,-1.337082,-1.779174,-5.53639,0.244827,-1.322813,0.053858
2025-11-05,0.30113,0.6508,0.629987,0.874338,0.019921,-0.476086,-0.372453,0.534953,1.145446,3.122145,-0.033302,0.67704,-0.282663
2025-11-06,-1.06284,-1.862729,-0.461302,-0.79331,0.009966,0.509554,0.224303,-0.425691,-0.079017,-2.885979,0.077734,-0.390041,0.391439
2025-11-07,0.105485,-0.315537,0.314475,-0.355399,0.029872,0.04139,0.037296,0.285005,0.606219,2.807659,-0.011099,0.189042,-0.05375
2025-11-10,1.552939,2.212423,1.22091,1.723882,0.009939,-0.134439,0.037297,1.136765,2.698461,2.198974,0.29963,1.25336,-0.026932
2025-11-11,0.229857,-0.266342,0.619404,0.073053,0.009954,0.310685,0.372716,0.63225,0.408163,-3.036613,0.044259,0.53241,0.282608
2025-11-12,0.049378,-0.078836,0.647988,0.043793,0.00996,0.020646,-0.185666,0.907498,1.626015,-1.216894,-0.049766,0.383958,-0.040274
2025-11-13,-1.628415,-2.041609,-1.174963,-1.109005,0.009952,-0.289017,-0.186011,-1.072288,-0.799999,-3.53261,-0.282155,-1.094707,-0.295341
2025-11-14,-0.025875,0.075614,-0.130285,0.147572,0.029852,-0.165637,-0.111821,-0.664337,-1.839717,-3.774645,-0.288507,-0.08,-0.148097
2025-11-17,-0.937161,-0.854061,-1.288331,-1.178733,0.00994,0.114076,0.0,-0.21119,-1.12966,-2.576119,0.100152,-1.24116,0.053934
2025-11-18,-0.823456,-1.21758,-1.024281,-0.551664,0.0,0.165715,0.111946,-0.070546,0.701118,1.041668,0.166761,-0.878379,0.080863
2025-11-19,0.362415,0.597002,-0.33384,-0.299855,0.019901,-0.072385,-0.149082,0.600066,0.180505,-3.608247,0.0,-0.259023,-0.040394
2025-11-20,-1.516732,-2.367161,-1.356549,-1.293237,0.019897,0.23799,0.037317,0.035091,0.0,-3.517069,0.166483,-1.325866,0.148166
2025-11-21,0.995071,0.751271,1.477079,-0.09139,0.019885,0.330351,0.223877,-0.140307,-0.231661,-2.04647,-0.088645,1.011217,0.242154
2025-11-24,1.486963,2.557309,0.485193,1.021639,0.009941,0.154331,0.074469,0.807874,1.62539,5.440696,-0.243985,0.425135,0.174443
2025-11-25,0.93017,0.616381,0.949048,0.316997,0.019864,0.256823,0.148805,0.243895,-0.025383,-2.002066,-0.066701,0.928571,0.22773
2025-11-26,0.691201,0.883578,1.072072,0.707185,0.009946,0.081982,0.222871,0.556141,0.787195,2.906489,0.011127,0.947095,0.106907
2025-11-28,0.553644,0.810701,0.473237,0.253993,0.029802,-0.174064,-0.259445,-0.069138,1.259763,0.941464,0.001112,0.442307,-0.160194
2025-12-01,-0.459895,-0.335887,-0.50349,-0.089413,0.022913,-0.536959,-0.324427,-0.830158,0.472761,-5.778586,0.010014,-0.38698,-0.390359
2025-12-02,0.169466,0.782608,0.326476,0.0,0.019933,0.082737,0.037412,0.279026,-0.619118,6.520333,-0.011125,0.160749,0.094253
2025-12-03,0.349523,0.244381,0.536937,0.089493,0.009969,0.206667,0.187006,0.069571,-0.099678,2.060607,-0.011126,0.401228,0.148001
2025-12-04,0.084276,-0.093027,0.258945,-0.044707,0.019912,-0.309373,-0.111985,-0.382341,0.099778,-0.435474,0.011127,0.213136,-0.188092
2025-12-05,0.18751,0.407737,0.145273,0.536755,0.029865,-0.206889,-0.186866,0.069783,-0.224271,-3.479125,0.0,0.199387,-0.121158
2025-12-08,-0.296608,-0.191834,-0.209539,-0.118646,0.0,-0.20731,-0.149746,-0.069734,-0.224776,1.68898,0.022243,-0.212249,-0.148251
2025-12-09,-0.081105,0.123326,-0.11307,-0.103928,0.009955,-0.145435,-0.149978,0.593163,0.500628,2.491391,-0.044485,-0.132946,-0.06747
2025-12-10,0.646379,0.409568,1.131954,0.9661,0.0,0.322484,0.300399,0.381552,0.423408,-0.612643,-0.066753,1.078267,0.297131
2025-12-11,0.245201,-0.32344,0.415734,-0.412176,0.019915,0.010374,-0.074866,0.31098,1.066469,-0.79539,0.0,0.263406,0.0
2025-12-12,-1.079355,-1.911833,-0.509554,-1.123442,0.039799,-0.269558,-0.149873,-0.20668,0.564416,-1.703745,0.044535,-0.68303,-0.309719
2025-12-15,-0.145169,-0.501952,0.576187,-0.254133,0.0,0.083159,-0.075042,-0.138072,0.122009,-4.955139,0.055646,0.343854,0.121562
2025-12-16,-0.279576,0.198206,-0.604711,-0.657204,0.009948,0.280462,0.075098,-0.311095,0.0,2.102552,-0.033374,-0.540401,0.188889
2025-12-17,-1.098986,-1.853711,-0.704445,-0.660017,0.019886,-0.020735,0.075049,0.208041,0.85304,-2.017229,0.0,-0.662595,-0.026935
2025-12-18,0.75485,1.449008,0.79006,1.050684,0.0,0.259029,0.149971,0.138413,-0.217497,-1.501181,0.022257,0.813765,0.212179
2025-12-19,0.892252,1.303545,0.60192,1.055034,0.042897,-0.224973,-0.199751,1.243942,0.169532,4.071411,0.0,0.623931,-0.148322
2025-12-22,0.629768,0.479356,0.468959,0.529585,0.0,-0.103912,-0.075521,0.375432,2.296907,0.355653,-0.055621,0.562464,-0.027041
2025-12-23,0.466865,0.468325,0.659898,0.602047,0.009972,-0.041605,0.037789,0.204009,1.276287,-0.75047,0.011132,0.612613,-0.013487
2025-12-24,0.333514,0.292556,0.223863,0.149614,0.019949,0.260143,0.188897,-0.101794,-0.396729,-0.441082,-0.005561,0.079419,0.243206
2025-12-26,0.009456,-0.0064,0.207395,0.67224,0.029914,0.093411,-0.037696,0.645381,1.194935,0.295357,-0.002233,0.317414,0.0
2025-12-29,-0.352856,-0.484072,-0.143285,-0.252255,0.019924,0.145181,0.150879,-1.181235,-4.352853,-0.483802,-0.025592,-0.316409,0.148284
2025-12-30,-0.139118,-0.231924,0.111607,0.252893,0.009972,-0.103547,-0.037661,0.099592,0.145237,0.887758,0.0,0.198375,-0.040404
2025-12-31,-0.726573,-0.826573,-0.509638,-0.252255,0.009955,-0.331675,-0.188398,-0.284288,-0.700984,-0.356166,-0.059002,-0.42237,-0.269281
2026-01-02,0.186558,-0.193715,1.168562,2.648011,0.029893,-0.083201,-0.037761,0.320744,0.486847,2.607228,-0.046782,1.458104,-0.040487
2026-01-05,0.662105,0.794295,1.186711,1.01449,0.009943,0.301836,0.264361,0.746,2.616284,4.938524,0.150445,1.058264,0.189067
2026-01-06,0.592931,0.878653,0.297105,0.760418,0.009973,-0.072631,-0.075329,0.28209,1.10954,-1.874632,0.089011,0.349064,0.0
2026-01-07,-0.320656,0.096263,-0.405361,-0.655006,0.009965,0.186911,0.188454,-0.386778,-0.910584,-1.671642,-0.066701,-0.502442,0.107856
2026-01-08,-0.017348,-0.568914,0.093919,0.014341,0.009948,-0.300593,-0.1881,-0.17649,0.518382,-0.121436,0.066746,0.064735,-0.175064
2026-01-09,0.670295,0.996035,0.922741,0.372598,0.01991,0.114374,0.075386,0.777932,0.703233,-0.709217,0.277932,0.711699,0.215836
2026-01-12,0.161368,0.082973,0.604367,1.313532,0.019906,-0.124624,0.037654,1.228068,1.908752,1.40816,-0.01108,0.9251,-0.094216
2026-01-13,-0.204902,-0.148281,-0.554523,-0.690525,0.009951,0.124779,0.112963,-0.138653,-0.182727,3.320591,0.016631,-0.534691,0.080822
2026-01-14,-0.484316,-1.068281,0.480169,0.482471,0.009958,0.207679,0.037612,0.347106,1.02975,3.389173,0.066512,0.435164,0.201949
2026-01-15,0.264595,0.359945,0.138741,0.522523,0.009933,-0.207249,-0.112785,-0.172943,-0.634207,-2.562171,-0.03877,0.16567,-0.147796
2026-01-16,-0.083243,-0.083633,0.277097,-0.36527,0.039807,-0.384226,-0.188186,-0.51976,-0.455894,0.348028,-0.02217,0.050895,-0.161468
2026-01-20,-2.034306,-2.124717,-1.335591,-0.77552,0.0,-0.39612,-0.226244,0.174161,3.82414,-6.300579,0.277131,-1.157171,-0.363865
2026-01-21,1.145783,1.351847,1.151394,1.435262,0.0,0.261649,0.264554,1.495132,1.433616,0.658029,-0.176869,1.119254,0.284044
2026-01-22,0.520397,0.72693,0.538378,0.812564,0.019888,-0.01045,-0.037697,1.027749,1.891713,-0.817163,-0.055374,0.610688,0.04046
2026-01-23,0.041045,0.315746,0.642594,0.61145,0.029834,0.167028,0.226237,-0.440828,1.301751,0.082391,0.013298,0.569049,0.107881
2026-01-26,0.514324,0.440007,0.456078,0.276238,0.009931,0.145914,0.11287,-0.204366,1.474609,-2.14036,0.042102,0.414931,0.121168
2026-01-27,0.409676,0.906533,1.634377,1.859503,0.0,-0.114469,0.0,1.945401,2.449658,2.018926,-0.011077,1.55271,-0.080691
2026-01-28,-0.015629,0.331139,-0.655141,0.676135,0.019868,-0.08334,0.075167,0.669563,3.829794,-0.26798,0.060915,-0.443895,-0.040362
2026-01-29,-0.207928,-0.598513,0.524568,-0.483547,0.009936,0.104256,0.037548,0.399075,0.331768,-5.601494,-0.094083,0.260104,0.013456
2026-01-30,-0.321193,-1.2011,-1.297158,-2.065056,0.019878,-0.062482,0.0,-3.312357,-10.036958,-0.350339,0.066472,-1.593572,-0.040405
2026-02-02,0.543831,0.686646,0.392759,0.372112,0.008963,-0.196611,-0.262759,-0.411106,-4.129729,-6.965498,-0.03432,0.564896,-0.101375
2026-02-03,-0.864493,-1.536397,0.391222,0.439382,0.019927,0.094298,0.112913,1.82319,6.224624,-2.054792,0.062023,0.249658,0.027074
2026-02-04,-0.510919,-1.746904,0.119899,-1.17567,0.009969,-0.020924,-0.075203,0.270272,-0.063692,-3.930555,0.049807,-0.074712,-0.040568
2026-02-05,-1.237896,-1.439532,-1.347297,-0.580987,0.0,0.586317,0.263359,-1.61725,-2.655619,-13.253009,0.077442,-1.196264,0.433002
2026-02-06,1.948322,2.113794,2.230649,2.504517,0.029865,0.0,0.075054,3.287669,2.968138,10.069443,-0.124916,2.219707,0.01347
2026-02-09,0.470685,0.766017,1.484328,0.773714,0.019922,0.020815,0.112475,1.525202,2.585844,1.051519,-0.018814,1.357179,0.026957
2026-02-10,-0.280459,-0.463928,0.248643,0.175112,0.009963,0.437104,0.224734,-0.326588,-0.971077,-2.835588,-0.074174,0.243449,0.296277
2026-02-11,-0.014152,0.268201,0.744103,1.505986,0.0,-0.279765,-0.149484,0.360418,1.126645,-1.767068,-0.014403,0.777178,-0.20142
2026-02-12,-1.549448,-2.033893,-0.796539,-1.112729,0.019909,0.613041,0.374258,-1.534441,-3.445434,-3.243387,0.055405,-1.036276,0.45749
2026-02-13,0.063855,0.213103,0.379582,0.428669,0.03981,0.392436,0.074564,0.729434,2.435896,5.211263,0.088587,0.328758,0.29465
2026-02-17,0.175464,-0.103008,-0.261783,-0.373486,0.0,-0.010273,-0.074508,-0.658317,-3.066328,-1.499324,-0.066384,-0.206307,-0.013341
2026-02-18,0.503196,0.746721,0.335365,0.535537,0.019889,-0.20577,-0.074586,1.225971,2.194965,-2.256053,0.02214,0.340508,-0.106864
2026-02-19,-0.256674,-0.382972,-0.029067,-0.213074,0.009946,0.092773,0.037324,0.196406,0.315851,1.36263,0.099628,-0.157567,0.040112
2026-02-20,0.713228,0.884897,1.061196,2.015219,0.019883,0.0,0.0,1.176079,1.952142,0.932785,-0.033173,1.201756,-0.013351
2026-02-23,-1.007851,-1.215505,-0.489061,-1.046573,0.019895,0.360511,0.074599,-0.064574,2.73832,-4.838278,0.055305,-0.527765,0.213868
2026-02-24,0.729718,1.074149,0.404741,1.520364,0.0,-0.020546,0.0,0.51696,-1.402807,0.0,-0.055274,0.59085,-0.05335
2026-02-25,0.841511,1.449322,1.151737,1.015753,0.009941,-0.082114,0.111811,0.675027,-0.2439,7.369329,-0.011064,0.935026,-0.026684
2026-02-26,-0.561553,-1.206448,0.071163,-0.966872,0.019889,0.267112,0.260607,-0.255424,0.876113,-2.500661,0.011066,-0.285032,0.146833
2026-02-27,-0.459038,-0.320077,-0.099548,-0.078098,0.019862,0.399589,0.074274,0.736228,1.252278,-2.783084,-0.033184,-0.178664,0.199943
2026-03-02,0.038038,0.131726,-1.751139,-1.732678,0.011956,-0.600778,-0.185525,-0.571967,1.356474,5.416784,0.177046,-1.682366,-0.402974
2026-03-03,-0.880755,-1.070557,-3.477764,-4.83892,0.019933,-0.11325,-0.11152,-3.100031,-4.428262,-1.331203,0.121507,-3.446604,-0.107191
2026-03-04,0.71279,1.524326,1.155992,0.961271,0.0,-0.206187,-0.260532,0.956463,0.720755,7.177549,-0.297878,0.98039,-0.067047
2026-03-05,-0.53477,-0.301277,-2.359757,-2.180219,0.009957,-0.309868,0.037324,-1.176092,-1.165405,-2.567977,0.331963,-2.016428,-0.228175
2026-03-06,-1.336933,-1.504337,-0.775194,-0.564255,0.039838,-0.062174,0.149205,1.851241,1.572193,-4.444448,0.220585,-0.940044,-0.134512
2026-03-09,0.868335,1.335563,0.965084,1.900981,0.009959,0.31104,0.186216,0.194748,-0.244397,1.406167,-0.231098,1.24391,0.282863
2026-03-10,-0.173145,0.001653,0.091015,0.389813,0.0,-0.320417,-0.297397,0.194357,1.122906,1.466665,-0.022065,0.215332,-0.308924
2026-03-11,-0.110786,-0.01316,-0.166722,0.221879,0.019909,-0.456243,-0.149142,-0.129322,-0.282656,0.840998,-0.011035,-0.101111,-0.44462
2026-03-12,-1.532088,-1.716334,-1.958711,-3.182508,0.009949,-0.322904,-0.112035,0.032374,-1.943711,-0.260616,-0.077237,-1.986341,-0.36541
2026-03-13,-0.55673,-0.592722,-1.161527,-0.342998,0.029859,-0.104512,-0.186919,-0.776705,-1.342146,1.045199,0.038652,-0.942296,-0.095085
2026-03-16,1.001475,1.12175,2.146669,2.696106,0.0,0.449842,0.224734,0.521856,-0.062785,3.904841,-0.027597,1.993746,0.380692
2026-03-17,0.276352,0.488022,0.337469,0.6284,0.019889,0.177039,0.411064,0.811162,-0.272254,0.821299,-0.055209,0.434385,0.203172
2026-03-18,-1.379499,-1.393979,-1.727569,-2.012203,0.009943,-0.457429,-0.223304,-0.836822,-3.128933,-4.764247,0.08286,-1.730055,-0.405509
2026-03-19,-0.26793,-0.316016,-0.186681,0.184104,0.0,-0.010441,-0.111895,-1.850044,-4.118798,-1.088652,-0.005524,-0.129455,0.108577
2026-03-20,-1.452008,-1.848165,-3.139688,-3.350295,0.029848,-0.898266,-0.74684,-1.421964,-3.052224,-0.078613,0.060713,-3.062146,-0.799892
2026-03-23,1.085406,1.147894,2.611216,3.056891,0.0,0.316187,-0.075244,-0.872186,-2.285447,0.655652,-0.060677,2.503018,0.382659
2026-03-24,-0.339166,-0.683685,-0.801123,-1.575356,0.029824,-0.336205,-0.338851,0.541453,0.023862,-1.902031,-0.011033,-0.822678,-0.25866
2026-03-25,0.544498,0.657566,1.29849,1.672676,0.0,0.52709,0.302236,0.673176,2.982582,2.177954,-0.132483,1.487833,0.382178
2026-03-26,-1.773267,-2.386794,-2.329218,-3.332854,0.009944,-0.807464,-0.338986,-0.167167,-3.683967,-3.275285,0.099496,-2.439035,-0.584706
2026-03-27,-1.70103,-1.953676,-0.68822,-0.440149,0.029812,0.010577,-0.113382,1.23911,3.439982,-3.681803,0.34235,-0.678179,0.0
2026-03-30,-0.348234,-0.764318,-0.032235,-0.795758,0.009932,0.708235,0.567532,0.328783,0.0,0.753349,-0.176099,-0.080343,0.506083
2026-03-31,2.86094,3.385379,3.304856,3.609628,0.0,0.178441,0.11287,-0.198608,3.767439,1.938523,0.066158,3.323065,0.217756
2026-04-01,0.794902,1.235325,1.654178,0.75985,0.02291,-0.087246,-0.086511,0.199004,1.748101,0.543322,-0.13222,1.167159,0.040858
2026-04-02,0.114559,0.114657,-0.767577,-1.024476,0.039853,0.231472,0.4518,0.331018,-1.960359,-1.67522,0.143422,-0.679398,0.217934
2026-04-06,0.444448,0.601736,0.742589,0.833824,0.009955,-0.262438,-0.037476,0.428902,-0.359469,4.06705,-0.04406,0.632419,-0.149498
2026-04-07,0.0611,0.015299,-0.046093,0.270884,0.009947,0.252617,0.074988,-0.032849,0.969561,-1.056239,0.033064,0.064123,0.149722
2026-04-08,2.524593,2.973206,4.194208,5.417321,0.0,0.220477,0.037462,-0.821556,0.647613,3.389379,-0.110179,4.114344,0.190282
2026-04-09,0.59226,0.676459,-0.398109,-0.269755,0.009961,-0.031434,0.037448,0.298209,0.798759,1.135773,-0.044122,-0.196982,0.040685
2026-04-10,-0.067201,0.144216,0.281271,0.419253,0.039818,-0.167662,0.074876,0.198215,-0.198107,1.633485,0.022066,0.246692,-0.149154
2026-04-13,0.979832,1.034266,0.693828,0.929293,0.009956,0.220431,0.224489,0.362677,-0.374949,0.075336,-0.044132,0.762902,0.217283
2026-04-14,1.209726,1.815688,0.996915,1.814781,0.0,0.324665,0.261279,-0.45992,2.191724,1.254705,-0.077262,1.123454,0.243899
2026-04-15,0.798943,1.399946,-0.2758,-0.013103,0.019903,-0.219226,-0.11169,-0.13201,-1.03986,1.016109,0.022097,-0.193214,-0.135179
2026-04-16,0.219129,0.481641,-0.101887,0.458769,0.0,-0.177864,-0.186356,0.528745,-0.065672,0.44161,-0.033138,-0.024199,-0.148891
2026-04-17,1.228177,1.30841,1.457088,1.905009,0.029829,0.545018,0.261392,-1.479292,1.292443,2.808993,0.033149,1.355446,0.393122
2026-04-20,-0.189964,-0.317486,-0.430858,-0.717026,0.009943,-0.093817,-0.037254,0.667338,-0.865055,-1.496795,-0.011046,-0.322385,-0.067522
2026-04-21,-0.658444,-0.380326,-2.177982,-1.41862,0.019891,-0.43824,-0.22354,0.530329,-2.792318,-1.688376,0.0994,-1.916635,-0.310764
2026-04-22,1.027437,1.673046,0.781481,1.909993,0.009947,0.104809,0.14936,0.263765,1.301611,5.103047,-0.044137,0.867122,0.10843
2026-04-23,-0.403736,-0.563267,-0.965615,-1.707321,0.009939,-0.157041,0.18644,0.197302,-0.930435,-1.423904,-0.055189,-1.053387,-0.176007
2026-04-24,0.792303,1.912751,0.664786,2.089592,0.029805,0.199232,0.148853,0.13128,0.491944,-0.118397,0.033133,0.942232,0.176317
2026-04-27,0.164537,0.052719,-0.102724,-0.191888,0.0,-0.230229,0.0,0.360537,-0.801061,-1.019441,-0.011044,-0.181846,-0.162464
2026-04-28,-0.492773,-1.005674,-0.499477,-0.961296,0.019885,-0.094389,0.0,0.326579,-1.839398,-0.718561,0.033126,-0.546503,-0.02712
2026-04-29,-0.003058,0.611361,-0.959697,-0.388237,0.009925,-0.47245,-0.297285,1.302091,-1.051186,-1.133899,0.022082,-0.805954,-0.447653
2026-04-30,0.96906,0.932628,2.564101,1.974788,0.0,0.189879,0.149097,-1.799493,1.524249,1.220107,-0.033108,2.252849,0.149885
2026-05-01,0.293687,0.959964,-0.116278,0.203854,0.037865,0.076054,0.321205,-0.098161,-0.136482,2.67599,0.011034,-0.108351,0.13924
2026-05-04,-0.362273,-0.188393,-1.178698,-0.089003,0.009959,-0.369435,-0.223385,0.556827,-2.004558,2.089691,0.0,-0.867778,-0.340794
2026-05-05,0.784718,1.297403,1.57562,1.997962,0.009958,0.148328,-0.074628,0.13029,0.836821,1.931923,-0.082787,1.410331,0.17782
2026-05-06,1.406877,2.077439,2.739924,2.994386,0.009957,0.497197,0.112026,-0.943392,2.996771,-0.225628,0.049713,2.649561,0.423272
2026-05-07,-0.314229,-0.119295,-1.693254,-1.308301,0.009948,-0.30527,-0.111901,0.328403,0.201433,-1.582996,0.005527,-1.600096,-0.25833
2026-05-08,0.817787,2.344089,1.665,1.890273,0.02988,0.263961,0.298737,0.45827,0.491403,0.045957,0.005518,1.4006,0.258999
2026-05-11,0.218286,0.28964,-0.014122,-0.048186,0.009952,-0.336969,-0.037238,1.075267,0.222268,2.22783,-0.022079,-0.046831,-0.244743
2026-05-12,-0.125094,-0.848188,-1.200232,-3.037249,0.009951,-0.338124,-0.260706,0.0,-0.399202,-1.437878,0.011038,-1.35847,-0.299845
2026-05-13,0.551082,1.056228,0.943259,1.988813,0.00995,0.0,0.037349,0.322374,-0.556669,-1.481645,0.0,1.009151,0.041015
2026-05-14,0.779582,0.710771,-0.099103,0.292508,0.009949,-0.063625,-0.074664,0.385601,-0.806092,2.313744,0.0,-0.070531,-0.027332
2026-05-15,-1.2054,-1.508774,-2.097498,-3.40261,0.029844,-0.795663,-0.410909,-0.032014,-2.302484,-2.872005,0.099386,-2.246527,-0.574104
2026-05-18,-0.078014,-0.430223,0.63693,-0.10063,0.009937,-0.042787,-0.07502,0.256164,0.277271,-2.840515,-0.066194,0.505357,-0.068723
2026-05-19,-0.636311,-0.616243,-0.76236,-1.108181,0.009944,-0.385137,-0.337838,0.031943,-1.635951,-0.119816,0.0,-0.873937,-0.330167
2026-05-20,1.034704,1.65637,1.753861,1.795495,0.009958,0.676612,0.225993,-0.670499,1.428908,1.127642,-0.06623,1.654583,0.552101
2026-05-21,0.186334,0.190707,0.698024,0.800604,0.0,0.064002,0.037581,0.0,-0.138562,-0.02373,0.0,0.487116,0.109824
2026-05-22,0.39687,0.424063,-0.325367,-0.012417,0.049694,0.085292,0.037559,-0.06429,-0.693809,-2.373042,-0.011048,-0.141887,0.09598
2026-05-26,0.650567,1.775511,1.873398,3.723476,0.009937,0.426073,0.337972,0.257318,-0.023284,0.17015,-0.022091,1.953592,0.287665
2026-05-27,-0.007231,-0.113658,-0.515457,-0.131626,0.009944,0.042437,0.11227,-0.513314,-1.281154,-1.334626,-0.055252,-0.301941,0.095613
2026-05-28,0.572485,0.843108,0.350091,0.119811,0.0,0.233236,0.26168,0.096748,1.061823,-2.065913,0.044224,0.163067,0.191055
2026-05-29,0.227692,0.368401,0.153491,-0.107703,0.019862,0.116351,0.037286,-0.128869,1.050658,0.125563,-0.022098,0.08141,0.054475
2026-06-01,0.260247,0.600019,0.13934,2.04864,0.028909,-0.172787,0.011272,0.935485,-1.43253,-2.658635,-0.110532,0.290501,-0.045064
2026-06-02,0.137685,0.460453,0.626133,0.950925,0.0,0.074326,0.0,0.383506,0.14065,-5.97784,0.033196,0.753098,0.027325
2026-06-03,-0.701751,-0.261326,-0.898777,-1.337368,0.009961,-0.254663,-0.150213,0.031841,-0.983151,-2.740477,0.121682,-0.988965,-0.191263
2026-06-04,0.389406,-0.48374,0.237189,-0.978305,0.009952,0.127665,0.0,-0.41375,0.851065,-2.761351,-0.044195,0.174221,0.136879
2026-06-05,-2.594602,-4.800104,-3.716593,-6.404001,0.029877,-0.531229,-0.451301,-2.013427,-3.609941,-5.128939,0.121588,-3.733333,-0.451065
2026-06-08,0.247789,1.561584,0.997551,1.704186,0.009956,-0.106825,-0.188886,0.684939,0.218872,5.07025,-0.088322,0.855103,-0.027467
2026-06-09,-0.291312,-1.150729,-0.028648,0.087534,0.009955,0.278013,0.227103,-0.291549,-1.601553,-2.093027,0.038678,0.095543,0.219751
2026-06-10,-1.571494,-1.997659,-1.474789,-1.774113,0.009954,-0.095965,-0.151056,0.064973,-4.118368,-0.207838,0.038655,-1.467432,-0.082221
2026-06-11,1.676029,3.377593,3.633192,4.388198,0.009945,0.693768,0.3404,-0.194804,3.03498,2.677768,-0.011044,3.329693,0.576049
2026-06-12,0.548499,0.588468,0.336566,0.609229,0.019904,-0.169596,0.037687,0.260247,0.099843,0.028983,-0.132503,0.398417,-0.122731
2026-06-15,1.742063,3.141368,1.173996,3.049625,0.0199,0.106181,0.113027,0.194677,2.618462,4.721903,-0.011059,1.517272,0.081917
2026-06-16,-0.588043,-1.900541,-0.096693,-1.492717,0.009948,0.254563,0.0,-0.809584,0.291613,-1.438452,-0.055295,-0.402398,0.150071
2026-06-17,-1.209139,-1.007034,-0.442483,-0.15635,0.009947,-0.528997,-0.639816,0.130594,-2.301916,-2.161101,-0.033192,-0.554065,-0.367801
2026-06-18,0.983252,2.50654,0.959186,3.143822,0.039776,0.361638,0.340908,0.815127,-0.396825,-2.094089,0.0,1.172972,0.273449
2026-06-22,-0.292096,-0.251016,0.110636,0.432095,0.009942,-0.381525,-0.415246,0.129363,-0.672312,2.461178,0.110679,0.334223,-0.272703
2026-06-23,-1.422528,-3.2929,-3.066722,-5.441861,0.009941,0.127665,0.0,-1.259687,-1.855096,-3.231344,-0.044216,-3.043874,0.10938
2026-06-24,-0.096111,-0.424579,0.156769,0.159859,0.00994,0.648108,0.341159,-0.425255,-3.039597,-4.018914,0.088479,-0.082942,0.450706
2026-06-25,0.002961,0.810555,1.252137,0.883979,0.009931,0.063341,0.188901,0.262812,1.001057,-1.108376,-0.088401,0.877416,0.067979
2026-06-26,-0.517703,-1.376355,-0.843179,-1.058775,0.019876,0.253186,0.18853,-0.851896,1.121545,0.778331,0.055299,-0.705224,0.095101
2026-06-29,1.603862,2.485416,0.510209,0.516603,0.01988,0.031562,0.112914,0.873553,-1.367033,1.143042,-0.165821,0.53267,0.054307
2026-06-30,0.851672,1.701471,0.465313,1.370528,0.0,-0.51545,-0.375933,0.790253,-0.026156,-2.687847,0.055368,0.659367,-0.407007
2026-07-01,-0.196555,-1.524996,-1.24912,-2.667792,0.025902,-0.24295,-0.14841,-0.294022,0.575467,2.165721,-0.088537,-1.122937,-0.144879
2026-07-02,-0.09045,-1.733383,0.639558,-0.979785,0.039841,0.095714,0.190555,-0.622544,2.054619,2.457755,0.210459,0.366724,0.068449
2026-07-06,0.843987,1.434192,1.525214,2.705416,0.0,0.063745,0.03803,1.05506,1.044852,3.688166,-0.143699,1.567663,0.041027
2026-07-07,-0.512578,-1.852472,-1.544026,-2.695121,0.019909,-0.509672,-0.228136,0.097882,-1.185375,0.14459,0.232463,-1.763954,-0.396504
2026-07-08,-0.264894,0.28333,-0.621651,0.639181,0.009956,-0.202761,-0.114336,0.391131,-0.842271,-2.483398,-0.083936,-0.248076,-0.205896
2026-07-09,0.7924,1.664233,0.554461,0.89663,0.009955,0.213879,0.076314,-0.129867,0.978124,1.599055,-0.08953,0.544762,0.178812
2026-07-10,0.458961,0.308315,0.367588,0.370283,0.019901,-0.085374,0.0,0.130036,-0.280399,1.136693,0.013277,0.518251,-0.082379
2026-07-13,-0.77249,-1.897985,-1.73263,-3.480081,0.019897,-0.363131,-0.190621,0.616885,-2.607363,-2.651302,0.027655,-1.827977,-0.371027
2026-07-14,0.377631,1.116988,1.204119,1.567083,0.0,0.278705,0.076394,0.096808,1.338588,3.759623,0.060821,1.050376,0.275857
2026-07-15,0.390678,-0.270954,0.311618,-0.050177,0.019901,0.245859,0.03816,-0.096714,0.051801,0.570616,0.055261,0.389788,0.165063
2026-07-16,-0.527524,-1.64405,-1.1155,-1.970381,0.009948,-0.063985,-0.076292,-0.354955,-1.941496,-1.049642,-0.039767,-1.094245,-0.013748
2026-07-17,-1.009944,-1.502958,-0.471237,-1.446674,0.029834,0.128043,0.267269,-0.032378,0.897572,-0.172022,0.155802,-0.820837,0.068684
2026-07-20,-0.140519,0.104987,-0.674309,0.298773,0.009937,-0.319687,-0.19041,0.226756,-0.156989,1.52211,0.132395,-0.359845,-0.247046
2026-07-21,0.829651,1.854723,1.791128,2.706908,0.009943,-0.245893,-0.114452,1.228181,1.965409,2.036779,-0.148746,1.661239,-0.220152
2026-07-22,-0.122105,-0.510606,0.028381,-0.416144,0.0,-0.225058,-0.152795,0.223498,1.105115,-0.803995,-0.126894,0.011847,-0.165462
2026-07-23,-1.225579,-1.898336,-1.00724,-0.658483,0.00995,-0.268529,-0.267788,0.318574,-1.982712,-1.760753,0.121534,-0.994545,-0.207187
2026-07-24,0.078108,-1.117121,-0.100311,-1.784568,0.029816,0.193869,0.076716,-0.254049,0.077798,-0.881938,-0.060693,-0.263096,0.08304
2026-07-27,0.02503,-0.308374,0.416008,0.389352,0.009938,0.268731,-0.153307,-0.445716,0.725573,1.119401,-0.005526,0.467618,0.207445
2026-07-28,0.2429,-0.971971,-0.571424,-2.003873,0.009937,0.300166,0.230325,-0.735528,-1.363516,-1.70309,-0.055207,-0.644466,0.24841
2026-07-29,-1.516979,-2.037047,-0.933912,-2.176783,0.019865,-0.416846,0.114891,-0.032217,0.443396,-0.433155,0.011042,-1.033036,-0.357931
2026-07-30,1.664102,3.29742,3.103698,3.910993,0.009934,0.04293,-0.076496,-0.612312,1.635942,1.914153,-0.011041,2.888702,0.055261
2026-07-31,0.712838,0.649557,-0.661125,0.726798,0.019859,-0.278944,-0.114869,0.259403,-1.45631,-2.874213,-0.055246,-0.212345,-0.262339
2026-08-03,1.419935,1.755842,0.594728,0.644247,0.016928,0.202959,0.023194,-0.937907,0.025932,1.523588,-0.011057,0.508341,0.238947
2026-08-04,1.806423,3.396795,1.661032,2.72692,0.00996,0.463269,0.193203,0.195891,0.648004,0.606058,-0.055274,1.681958,0.401943
2026-08-05,-0.194646,-0.904879,0.180002,-0.348952,0.019911,0.064334,0.0,0.032585,4.14627,0.917957,-0.044249,0.069412,0.027606
2026-08-06,-0.169575,-0.369438,-0.317887,-0.775391,0.009957,-0.385811,-0.077134,0.781758,0.024733,-0.653779,0.011069,-0.219639,-0.289818
2026-08-07,0.610136,1.172602,1.06766,0.819261,0.019913,0.23669,0.192972,-0.032321,2.224963,0.829759,0.077459,1.03105,0.207624
2026-08-10,-0.008446,-0.298746,-0.535053,-0.537568,0.019901,-0.440046,-0.1926,1.26091,1.088273,-1.50398,0.026531,-0.435725,-0.345312
2026-08-11,-0.313801,-0.335705,0.262066,0.414784,0.009952,0.118583,-0.0386,0.031929,-0.430623,-0.80668,-0.081798,0.103649,0.083162
2026-08-12,0.247025,0.730744,0.839184,1.414441,0.009944,0.096908,0.038615,0.319184,0.985103,-0.14522,0.033188,0.713299,0.09694
2026-08-13,0.673081,1.156554,0.327425,0.333256,0.00995,0.365749,0.192972,-0.349986,-1.498923,0.029082,-0.016589,0.205617,0.276706
2026-08-14,-0.187424,-0.136599,0.054393,-0.123014,0.029841,-0.278673,-0.077037,0.095788,0.652166,-0.756029,0.071901,-0.022802,-0.234556
2026-08-17,-0.468041,-0.164149,0.149494,0.936069,0.0,-0.214965,-0.231305,0.606062,0.98393,2.256081,-0.011056,0.193851,-0.20743
2026-08-18,-0.685651,-1.693449,-1.764155,-2.830994,0.009946,0.096947,0.231841,-0.856057,-1.711029,0.487101,-0.049744,-1.627405,0.08314
2026-08-19,0.214051,-0.199303,0.607825,1.180463,0.019883,0.484233,0.462602,-1.055324,3.844294,5.95951,-0.060831,0.613143,0.470779
2026-08-20,-0.834612,-0.719195,0.013725,0.595759,0.0,-0.406939,0.038371,0.711051,0.395805,6.162543,0.110667,0.068988,-0.303199
2026-08-21,0.385164,0.353067,0.796264,0.641575,0.039766,-0.193553,-0.421939,0.673944,1.948052,6.007602,-0.033162,0.781338,-0.152045
2026-08-24,-0.267156,-0.997985,-0.490324,-1.324018,0.009939,0.204701,0.115563,-0.382534,0.750687,2.199909,-0.022113,-0.581469,0.193817
2026-08-25,0.312042,0.622942,0.999184,1.739348,0.0,0.537582,0.384763,-0.767999,0.316097,0.233969,0.033181,1.055057,0.414538
2026-08-26,0.025563,0.091461,-0.460772,-0.048847,0.009939,-0.203191,-0.114987,0.225733,-1.575514,-0.583567,-0.044229,-0.340448,-0.123846
2026-08-27,0.646123,1.369189,-0.04085,0.696395,0.009938,-0.09644,-0.076742,0.450448,0.320145,1.878373,0.044249,0.125257,-0.055117
2026-08-28,-0.213056,-0.648997,-0.490324,-0.727977,0.029802,-0.407602,-0.422425,0.608586,-3.259632,-2.99608,-0.077399,-0.466283,-0.317067
2026-08-31,-0.332272,0.046061,-0.191625,-0.109993,0.0,-0.118468,-0.077134,-0.095513,-0.094244,1.710623,0.066391,-0.228518,-0.096806
2026-09-01,-0.653998,-1.272396,-1.110802,-0.367066,0.026897,-0.333303,-0.050325,0.669219,-2.85378,-2.055597,0.09952,-0.698582,-0.273659
2026-09-02,0.446952,0.226103,0.665646,0.614024,0.009954,0.086864,0.0,-0.284901,1.505226,0.0477,-0.022091,0.51898,0.055719
2026-09-03,1.039224,1.188593,1.170967,0.4394,0.00996,0.108482,0.116192,-0.285715,1.865579,5.768768,-0.022096,0.929318,0.139215
2026-09-04,-0.381297,0.179754,0.435724,1.652692,0.03983,-0.032508,-0.038686,0.095513,-0.84527,-2.388996,0.022101,0.500173,0.0278
2026-09-08,-0.556486,-0.083452,-0.420281,0.059767,0.009955,-0.097557,0.116102,-0.890587,-1.775989,-1.708616,0.011052,-0.373263,-0.083388
2026-09-09,-0.454506,-0.28537,-0.85773,-0.537631,0.009947,-0.28212,-0.231934,0.545571,0.964324,-0.328869,0.044195,-0.760665,-0.222557
2026-09-10,-0.602107,-1.063784,-1.235927,-2.006004,0.009953,-0.783462,-0.426186,1.88318,-1.719201,-1.343388,0.03313,-1.292765,-0.641303
2026-09-11,0.848345,0.873439,1.07064,1.21353,0.019897,-0.186442,-0.428018,0.219297,0.558794,0.191108,-0.077279,0.996758,-0.070149
2026-09-14,-0.464019,-0.79734,-1.334432,-2.628071,0.00995,-0.087904,0.0,-0.062521,-1.497944,2.193615,0.0,-1.262335,-0.070209
2026-09-15,-0.443299,-0.65428,-0.264917,-0.373138,0.0,-0.120973,-0.078157,0.844549,0.318865,-3.593096,0.033144,-0.406792,-0.028097
2026-09-16,-0.425163,0.025548,-0.377463,0.012487,0.019899,-0.099093,-0.391085,-0.372217,-0.586801,-0.193606,0.011047,-0.326751,-0.056221
2026-09-17,1.123709,1.731186,1.248944,1.735113,0.00994,0.573125,0.274839,-0.311328,1.721596,0.703194,-0.077305,1.27619,0.506259
2026-09-18,0.10699,0.631876,-0.822546,0.196324,0.029832,-0.493147,-0.391544,0.655837,0.67698,6.188297,0.011046,-0.537391,-0.377787
2026-09-21,1.567445,2.882054,1.288885,2.571637,0.009943,0.385461,0.393083,-0.527453,-0.696448,6.485262,-0.011045,1.478813,0.280905
2026-09-22,0.0,0.807862,0.567076,0.167143,0.009942,0.010973,-0.07831,-0.49907,0.483678,-0.340715,-0.022109,0.390128,0.014009
2026-09-23,-0.726745,-0.836165,-1.774173,-2.002384,0.009941,-1.064064,-0.744516,1.755484,-1.877253,-1.944444,0.044219,-1.79449,-0.840227
2026-09-24,-0.086202,-0.014847,-0.518055,-0.632455,0.0,-0.554385,-0.513222,0.955026,-0.245284,-0.217909,0.0,-0.38408,-0.508404
2026-09-25,0.537485,0.458781,1.111884,1.040399,0.039754,0.345632,0.277777,-0.854436,0.393419,-0.480457,0.033148,0.887957,0.255501
2026-09-28,-0.755606,-1.070513,-0.737749,-1.12659,0.009929,-0.522224,-0.395728,0.369341,-3.918693,-0.768046,-0.132547,-0.694845,-0.495538
2026-09-29,-0.163438,0.190076,-0.182299,0.330797,0.009936,-0.089358,-0.079461,-0.551979,1.351004,0.265367,0.132723,-0.268225,-0.071137
2026-09-30,-0.227776,0.24935,-0.800786,-0.891435,0.0,-0.156511,-0.079525,0.308352,-0.50301,0.044112,0.022097,-0.654815,-0.113914
