date,VOO,QQQ,VEA,IEMG,SGOV,IEF,SCHP,DBMF,SGOL,BITB,CAOS,VXUS,BND
2013-01-02,105.813477,60.032528,23.830828,37.732574,79.777233,79.041573,20.399067,16.288518,16.636000,,71.727313,32.038807,56.476418
2013-01-03,105.718414,59.719849,23.591253,37.491695,79.777233,78.635246,20.272774,16.328700,16.437000,,71.727313,31.770632,56.308155
2013-01-04,106.161942,59.523331,23.724360,37.512959,79.794612,78.672195,20.286814,16.324680,16.358000,,71.742938,31.871191,56.395622
2013-01-07,105.876793,59.541187,23.604559,37.300423,79.759780,78.716537,20.332411,16.308611,16.254999,,71.711621,31.737122,56.355286
2013-01-08,105.559998,59.425076,23.478127,37.038288,79.759780,78.908569,20.363985,16.296556,16.370001,,71.711621,31.549406,56.409115
2013-01-09,105.876793,59.648399,23.591253,37.222488,79.759780,78.952911,20.413105,16.308611,16.360001,,71.711621,31.730412,56.388916
2013-01-10,106.653015,60.005760,23.917341,37.491695,79.759780,78.723885,20.363985,16.340752,16.514000,,71.711621,32.125965,56.388916
2013-01-11,106.700493,60.086117,23.957270,37.187065,79.759780,78.975098,20.406082,16.324680,16.416000,,71.711621,32.119255,56.429317
2013-01-14,106.605461,59.818142,23.990541,37.335838,79.759780,78.945580,20.395567,16.264413,16.469000,,71.711621,32.139359,56.429317
2013-01-15,106.653015,59.523331,23.957270,37.130375,79.759780,79.137604,20.441160,16.176018,16.573000,,71.711621,32.038807,56.503323
2013-01-16,106.653015,59.764526,23.810862,37.123302,79.759780,79.241028,20.430634,16.159946,16.579000,,71.711621,31.891306,56.496616
2013-01-17,107.318268,60.050396,24.010511,37.378345,79.777233,78.879036,20.385036,16.224233,16.650999,,71.727313,32.172894,56.402370
2013-01-18,107.619247,59.916397,23.997206,37.385429,79.759780,79.100632,20.430634,16.224233,16.622999,,71.711621,32.186298,56.489891
2013-01-22,108.141975,60.014671,24.010511,37.335838,79.759780,79.167091,20.434153,16.212178,16.686001,,71.711621,32.179588,56.436028
2013-01-23,108.300385,60.380920,23.963930,37.144550,79.759780,79.204033,20.427126,16.220217,16.638000,,71.711621,32.085732,56.523552
2013-01-24,108.363762,59.550144,24.103683,37.038288,79.777233,79.071083,20.409599,16.352804,16.455000,,71.727313,32.206406,56.442760
2013-01-25,108.965675,59.853859,24.369867,36.932018,79.759780,78.546631,20.321898,16.356823,16.382000,,71.711621,32.373997,56.261002
2013-01-28,108.838936,59.987869,24.230122,36.641552,79.759780,78.384094,20.286814,16.372893,16.333000,,71.711621,32.119255,56.193710
2013-01-29,109.282494,59.996799,24.409800,37.066628,79.759780,78.265877,20.244719,16.441199,16.409000,,71.711621,32.434334,56.133137
2013-01-30,108.854797,59.871727,24.436411,36.861172,79.759780,78.310211,20.255241,16.453253,16.532000,,71.711621,32.387417,56.072529
2013-01-31,108.601334,59.737743,24.343254,36.896587,79.777233,78.376686,20.297333,16.481378,16.429001,,71.727313,32.313675,56.173489
2013-02-01,109.646820,60.443462,24.536236,37.158726,79.759780,78.110405,20.216656,16.513520,16.462000,,71.711621,32.628769,56.015675
2013-02-04,108.442940,59.389343,24.090363,36.684052,79.759780,78.561630,20.346443,16.445218,16.511999,,71.711621,32.079029,56.211239
2013-02-05,109.551765,60.264816,24.196848,36.861172,79.777233,78.280579,20.279795,16.513520,16.507999,,71.727313,32.199703,56.116821
2013-02-06,109.646820,60.068295,24.196848,36.790321,79.777233,78.517242,20.318382,16.533610,16.554001,,71.727313,32.273438,56.251766
2013-02-07,109.504234,60.121872,24.010511,36.514027,79.777233,78.554260,20.311371,16.517537,16.497999,,71.727313,31.998575,56.258484
2013-02-08,110.106178,60.738274,24.176880,36.790321,79.777233,78.613441,20.290327,16.545664,16.464001,,71.727313,32.152779,56.244991
2013-02-11,110.058662,60.756126,24.156914,36.719479,79.777233,78.532051,20.279795,16.613968,16.278999,,71.727313,32.139359,56.177578
2013-02-12,110.232887,60.505981,24.256739,36.769062,79.777233,78.450691,20.262260,16.690309,16.295000,,71.727313,32.253326,56.191040
2013-02-13,110.327934,60.720402,24.343254,36.960354,79.759780,78.176994,20.216656,16.666198,16.209999,,71.711621,32.373997,56.116821
2013-02-14,110.486351,60.702526,24.203499,36.981613,79.777233,78.509850,20.255241,16.710398,16.138000,,71.727313,32.226532,56.197815
2013-02-15,110.343788,60.523884,24.116989,36.875340,79.759780,78.435883,20.209631,16.710398,15.882000,,71.711621,32.159481,56.150589
2013-02-19,111.104080,60.961586,24.416451,36.854080,79.759780,78.310127,20.185074,16.702361,15.834000,,71.711621,32.441048,56.130356
2013-02-20,109.726013,60.023609,24.190186,36.584862,79.777233,78.480240,20.181568,16.634059,15.440000,,71.727313,32.233223,56.170811
2013-02-21,109.203270,59.380394,23.817522,36.237740,79.759780,78.635651,20.216656,16.561736,15.556000,,71.711621,31.683479,56.224777
2013-02-22,110.153725,59.978954,24.170227,36.436100,79.777233,78.731743,20.248222,16.577809,15.591000,,71.727313,32.045517,56.251766
2013-02-25,108.078636,59.237450,23.604559,35.911831,79.759780,79.338318,20.353464,16.469326,15.736000,,71.711621,31.408621,56.433861
2013-02-26,108.807289,59.460777,23.777596,36.181046,79.759780,79.190407,20.300854,16.457270,15.925000,,71.711621,31.663378,56.460815
2013-02-27,110.169556,60.068295,24.077051,36.521107,79.777233,79.153351,20.293825,16.489416,15.762000,,71.727313,32.018684,56.447311
2013-02-28,110.042809,59.943203,24.063744,36.329823,79.777233,79.264336,20.318382,16.449233,15.600000,,71.727313,31.944948,56.474350
2013-03-01,110.327934,60.193352,24.010511,36.421917,79.777233,79.462059,20.381523,16.477363,15.548000,,71.727313,31.918131,56.505386
2013-03-04,110.945702,60.461338,24.116989,36.173965,79.759780,79.276909,20.339437,16.441199,15.528000,,71.711621,31.951647,56.491913
2013-03-05,111.896103,61.354675,24.349907,36.528206,79.777233,79.195450,20.371010,16.473341,15.555000,,71.727313,32.260033,56.458126
2013-03-06,112.102051,61.202801,24.409800,36.691143,79.759780,78.943680,20.311371,16.513520,15.622000,,71.711621,32.347183,56.363503
2013-03-07,112.307968,61.363609,24.483002,36.790321,79.777233,78.639992,20.258751,16.497450,15.565000,,71.727313,32.441048,56.282433
2013-03-08,112.751526,61.435089,24.536236,37.066628,79.759780,78.240135,20.160517,16.549681,15.568000,,71.711621,32.528194,56.127007
2013-03-11,113.163361,61.613747,24.602783,36.896587,79.777233,78.277153,20.174564,16.509500,15.596000,,71.727313,32.568436,56.099964
2013-03-12,112.909927,61.390400,24.496305,36.521107,79.759780,78.491928,20.192101,16.485395,15.718000,,71.711621,32.400826,56.208076
2013-03-13,113.068291,61.310017,24.443069,36.230652,79.777233,78.425262,20.199108,16.529592,15.666000,,71.727313,32.293552,56.140537
2013-03-14,113.670250,61.515488,24.709259,36.393585,79.777233,78.447495,20.227179,16.489416,15.673000,,71.727313,32.548313,56.160778
2013-03-15,113.511871,61.344448,24.729227,36.081871,79.777233,78.721519,20.258751,16.493432,15.701000,,71.727313,32.508095,56.228386
2013-03-18,112.894112,61.210125,24.456375,35.678040,79.759780,78.980705,20.318382,16.541646,15.839000,,71.711621,32.213104,56.336494
2013-03-19,112.624794,61.093758,24.383171,35.401749,79.759780,79.225090,20.328907,16.493432,15.910000,,71.711621,32.072319,56.370285
2013-03-20,113.401016,61.523525,24.549545,35.656780,79.759780,78.921432,20.265760,16.485395,15.845000,,71.711621,32.327065,56.316185
2013-03-21,112.482246,60.825119,24.343254,35.288395,79.759780,79.128815,20.297333,16.417088,15.926000,,71.711621,32.032104,56.329727
2013-03-22,113.301857,61.416111,24.564493,35.401749,79.777233,79.158417,20.307861,16.425127,15.857000,,71.727313,32.264004,56.383812
2013-03-25,112.983551,61.192230,24.243652,35.359238,79.759780,79.217705,20.318382,16.453253,15.827000,,71.711621,31.981688,56.377029
2013-03-26,113.827080,61.523525,24.384022,35.826828,79.777233,79.299141,20.332411,16.493432,15.777000,,71.727313,32.176620,56.397297
2013-03-27,113.763435,61.604134,24.263700,35.897659,79.759780,79.639824,20.385036,16.493432,15.834000,,71.711621,32.109402,56.512169
2013-03-28,114.018059,61.756344,24.350595,35.961422,79.777233,79.491623,20.356962,16.593877,15.746000,,71.727313,32.243832,56.518955
2013-04-01,113.699753,61.335503,24.063177,35.628445,79.759780,79.703056,20.427126,16.638075,15.769000,,71.711621,31.948080,56.570488
2013-04-02,114.256821,61.819027,24.317181,35.656780,79.777233,79.547287,20.388540,16.654147,15.541000,,71.727313,32.089218,56.577267
2013-04-03,113.110893,61.254929,24.203552,35.274223,79.759780,79.881035,20.437651,16.561736,15.363000,,71.711621,31.874142,56.611183
2013-04-04,113.556519,61.272804,24.417442,35.182125,79.759780,80.199898,20.525354,16.613968,15.319000,,71.711621,32.069065,56.773922
2013-04-05,113.110893,60.762451,24.310493,35.097111,79.777233,80.451988,20.609550,16.666198,15.579000,,71.727313,31.907749,56.929905
2013-04-08,113.811180,61.084785,24.390709,35.111279,79.777233,80.192390,20.539381,16.682271,15.518000,,71.727313,31.941362,56.902805
2013-04-09,114.224976,61.496674,24.490971,35.423000,79.777233,80.222076,20.493778,16.605934,15.636000,,71.727313,32.136288,56.841782
2013-04-10,115.625534,62.696541,24.838549,35.770142,79.777233,79.888397,20.402571,16.670219,15.372000,,71.727313,32.586636,56.733212
2013-04-11,116.007507,62.669659,25.032391,35.770142,79.759780,79.977386,20.455204,16.609951,15.396000,,71.711621,32.727787,56.760365
2013-04-12,115.752846,62.624874,24.998978,35.345062,79.777233,80.422340,20.514837,16.617986,14.667000,,71.727313,32.566467,56.896030
2013-04-15,113.110893,61.389206,24.477604,34.445324,79.777233,80.600380,20.542894,16.698344,13.389000,,71.727313,31.780029,56.957050
2013-04-16,114.702431,62.204048,24.831858,35.217545,79.777233,80.370407,20.511311,16.634059,13.543000,,71.727313,32.371544,56.943508
2013-04-17,113.015404,60.986309,24.323866,34.686195,79.777233,80.518730,20.497299,16.642095,13.544000,,71.727313,31.652327,56.970619
2013-04-18,112.092293,60.144630,24.263700,34.714550,79.759780,80.563179,20.349960,16.690309,13.695000,,71.711621,31.632168,57.004517
2013-04-19,113.285973,60.968365,24.430817,35.217545,79.777233,80.518730,20.434153,16.726468,13.813000,,71.727313,31.968245,56.957050
2013-04-22,113.795227,61.595177,24.551126,35.380486,79.777233,80.563179,20.486769,16.754597,14.053000,,71.727313,32.042179,57.031658
2013-04-23,115.004829,62.186134,24.892021,35.536358,79.777233,80.511337,20.497299,16.790756,13.954000,,71.727313,32.405155,57.018116
2013-04-24,115.036613,62.159283,25.105919,35.663872,79.777233,80.548386,20.535879,16.790756,14.105000,,71.727313,32.640396,57.004517
2013-04-25,115.545952,62.490585,25.246286,35.925995,79.759780,80.459381,20.535879,16.734509,14.437000,,71.711621,32.815174,56.970619
2013-04-26,115.291306,62.293594,25.259649,35.670956,79.759780,80.748627,20.599030,16.754597,14.363000,,71.711621,32.835346,57.045254
2013-04-29,116.039352,62.866669,25.553772,36.025192,79.759780,80.719002,20.567455,16.698344,14.502000,,71.711621,33.184868,57.092693
2013-04-30,116.405357,63.323334,25.620609,36.464428,79.759780,80.704163,20.542894,16.634059,14.549000,,71.711621,33.373077,57.092693
2013-05-01,115.354958,63.027824,25.426760,36.096035,79.759780,80.967751,20.540440,16.738524,14.385000,,71.711621,33.110931,57.189190
2013-05-02,116.389427,63.824734,25.506964,36.386509,79.777233,80.967751,20.508835,16.613968,14.461000,,71.727313,33.272243,57.202782
2013-05-03,117.487617,64.576897,25.814445,36.691143,79.759780,80.277222,20.361372,16.553701,14.484000,,71.711621,33.588173,56.930969
2013-05-06,117.853668,64.827591,25.794399,36.698219,79.759780,80.173271,20.354347,16.601915,14.486000,,71.711621,33.554550,56.924152
2013-05-07,118.458458,64.791809,25.861233,36.981613,79.759780,80.061882,20.340307,16.573789,14.310000,,71.711621,33.682266,56.869808
2013-05-08,119.079178,65.105179,26.128603,37.229561,79.777233,80.158409,20.298168,16.585841,14.522000,,71.727313,34.065399,56.924152
2013-05-09,118.729004,65.015640,25.881275,36.939102,79.777233,80.143600,20.301678,16.525575,14.359000,,71.727313,33.702431,56.835873
2013-05-10,119.142838,65.409615,25.894659,36.676975,79.759780,79.690643,20.241980,16.553701,14.233000,,71.711621,33.756203,56.693130
2013-05-13,119.126907,65.490189,25.894659,36.436100,79.777233,79.549561,20.182302,16.501466,14.108000,,71.727313,33.675541,56.631996
2013-05-14,120.384224,65.830460,25.988232,36.584862,79.759780,79.230347,20.101540,16.553701,14.052000,,71.711621,33.756203,56.523281
2013-05-15,121.068604,65.964760,26.075121,36.613213,79.759780,79.438210,20.101540,16.630041,13.729000,,71.711621,33.816700,56.591187
2013-05-16,120.511566,65.893135,25.861233,36.492775,79.759780,79.816887,20.157711,16.585841,13.670000,,71.711621,33.574726,56.672768
2013-05-17,121.657486,66.528854,26.075121,36.606125,79.777233,79.386230,20.055893,16.589860,13.362000,,71.727313,33.762924,56.550434
2013-05-20,121.657486,66.430397,26.208818,36.719479,79.759780,79.326820,20.052387,16.549681,13.777000,,71.711621,34.025070,56.536865
2013-05-21,121.816612,66.502014,26.248926,36.733646,79.777233,79.534706,20.105049,16.601915,13.550000,,71.727313,34.045242,56.591187
2013-05-22,121.004921,65.919983,26.014973,36.322742,79.777233,78.903587,19.918959,16.521555,13.454000,,71.727313,33.688984,56.400932
2013-05-23,120.575226,65.767799,25.620609,36.039356,79.777233,78.985306,19.915443,16.529592,13.725000,,71.727313,33.332737,56.394176
2013-05-24,120.415985,65.731934,25.420076,35.805565,79.777233,79.014999,19.929495,16.549681,13.637000,,71.727313,33.036983,56.400932
2013-05-28,121.275528,66.161758,25.466867,35.954338,79.759780,78.086845,19.753929,16.465307,13.608000,,71.711621,33.077316,56.088356
2013-05-29,120.352425,65.848351,25.246286,35.635536,79.777233,78.406151,19.750422,16.453253,13.744000,,71.727313,32.835346,56.135899
2013-05-30,120.877640,66.197594,25.366608,35.564690,79.759780,78.413589,19.680204,16.461289,13.932000,,71.711621,32.969780,56.088356
2013-05-31,119.110977,65.588707,24.858601,34.870403,79.777233,78.198242,19.680204,16.397001,13.643000,,71.727313,32.270725,55.993225
2013-06-03,119.731674,65.705116,25.025705,35.366318,79.777233,78.311272,19.701303,16.256375,13.908000,,71.727313,32.586636,55.942127
2013-06-04,119.365669,65.364845,25.079178,34.990837,79.777233,78.110535,19.652063,16.300574,13.782000,,71.727313,32.479084,55.921715
2013-06-05,117.535408,64.514191,24.517704,34.409908,79.777233,78.489685,19.659098,16.268430,13.820000,,71.727313,31.887585,55.901287
2013-06-06,118.458458,64.827591,24.658070,34.664940,79.759780,78.586349,19.641508,16.176018,13.914000,,71.711621,32.082497,55.976204
2013-06-07,120.113693,65.714050,24.945499,34.424068,79.777233,77.976685,19.514900,16.272444,13.587000,,71.727313,32.277439,55.833183
2013-06-10,120.065918,65.740898,24.958857,33.991905,79.759780,77.783318,19.409395,16.312628,13.651000,,71.711621,32.250546,55.690262
2013-06-11,118.840462,65.087265,24.644705,33.403889,79.777233,77.976685,19.370728,16.248339,13.582000,,71.727313,31.800205,55.717476
2013-06-12,117.917366,64.335106,24.631342,33.191338,79.759780,77.627258,19.237076,16.276466,13.677000,,71.711621,31.746428,55.608513
2013-06-13,119.620331,65.149933,25.012335,33.736858,79.777233,78.214622,19.360167,16.236287,13.629000,,71.727313,32.230389,55.853630
2013-06-14,118.888168,64.720161,24.718227,33.219685,79.759780,78.318657,19.367201,16.236287,13.699000,,71.711621,31.833807,55.914963
2013-06-17,119.843079,65.346931,25.072498,33.524323,79.759780,78.132805,19.293344,16.196107,13.640000,,71.711621,32.257275,55.874088
2013-06-18,120.766190,65.884178,25.226234,33.588085,79.759780,78.088264,19.342587,16.248339,13.474000,,71.711621,32.425323,55.826382
2013-06-19,119.158775,65.149933,24.765024,32.660000,79.759780,77.017570,19.106956,16.312628,13.317000,,71.711621,31.793486,55.499577
2013-06-20,116.134842,63.600883,23.842602,31.235991,79.759780,76.668167,18.888910,16.529592,12.598000,,71.711621,30.744911,54.995716
2013-06-21,116.500854,63.263145,23.922812,31.689415,79.777233,75.857712,18.663843,16.593877,12.749000,,71.727313,30.812124,54.771008
2013-06-24,115.027626,62.634380,23.512163,31.129726,79.777233,75.671921,18.579433,16.662183,12.635000,,71.727313,30.198477,54.505493
2013-06-25,116.179382,63.092487,23.851542,31.618572,79.777233,75.582733,18.635696,16.662183,12.580000,,71.727313,30.593485,54.634880
2013-06-26,117.267059,63.658375,23.960140,32.100327,79.777233,75.887497,18.716583,16.742542,12.055000,,71.727313,30.790997,54.825481
2013-06-27,118.050911,63.927853,24.218063,32.633724,79.759780,76.296417,18.878365,16.770667,11.817000,,71.711621,31.145157,55.043381
2013-06-28,117.315048,64.017670,24.163767,32.934044,79.759780,76.207199,18.924084,16.822898,12.143000,,71.711621,31.111105,55.070591
2013-07-01,118.194855,64.412926,24.408131,32.948341,79.777233,76.236214,18.969797,16.826916,12.343000,,71.727313,31.356274,55.164070
2013-07-02,118.018913,64.439835,24.285946,32.476418,79.759780,76.266022,19.029575,16.891202,12.242000,,71.711621,31.179199,55.177738
2013-07-03,118.130882,64.700333,24.279163,32.254757,79.777233,76.117096,18.997931,16.903258,12.305000,,71.727313,31.104290,55.136761
2013-07-05,119.442566,65.194374,24.380974,31.997360,79.777233,74.836578,18.723621,17.148347,12.043000,,71.727313,31.226889,54.522739
2013-07-08,120.066391,65.257263,24.509935,31.990215,79.742377,75.275856,18.839678,17.039865,12.179000,,71.695974,31.363094,54.768375
2013-07-09,120.978218,65.652496,24.659266,32.347717,79.742377,75.402443,18.839678,17.055935,12.298000,,71.695974,31.574242,54.829788
2013-07-10,121.010223,66.029739,24.706778,32.118916,79.742377,75.134407,18.797480,17.043881,12.325000,,71.695974,31.587852,54.693336
2013-07-11,122.721725,67.341148,25.385540,33.513203,79.742377,75.886337,18.888910,16.863079,12.662000,,71.695974,32.541355,55.061756
2013-07-12,122.753708,67.637596,25.242996,33.184296,79.742377,75.826767,18.938147,16.983613,12.649000,,71.695974,32.330219,54.986717
2013-07-15,123.201553,67.790276,25.392326,33.620464,79.742377,76.064995,19.001448,16.999685,12.656000,,71.695974,32.527725,55.136761
2013-07-16,122.737724,67.700470,25.358377,33.699112,79.742377,76.102234,19.064753,16.903258,12.733000,,71.695974,32.541355,55.218697
2013-07-17,123.041679,67.871109,25.453407,33.942215,79.742377,76.437225,19.124538,16.971559,12.573000,,71.695974,32.691193,55.341484
2013-07-18,123.745468,67.700470,25.602728,33.663364,79.759780,76.079872,19.057707,16.987632,12.640000,,71.711621,32.806961,55.252796
2013-07-19,123.969452,66.999825,25.575592,33.548958,79.759780,76.496819,19.187830,16.955490,12.748000,,71.711621,32.786526,55.396095
2013-07-22,124.193352,67.197449,25.711349,33.806374,79.759780,76.489388,19.198395,16.851023,13.139000,,71.711621,32.977222,55.430214
2013-07-23,123.937462,66.703430,25.745274,34.163883,79.759780,76.400032,19.138613,16.867096,13.238000,,71.711621,33.127056,55.416519
2013-07-24,123.473534,66.919022,25.718126,33.792068,79.777233,75.886337,18.980358,16.939417,13.011000,,71.727313,32.990849,55.239128
2013-07-25,123.697510,67.341148,25.745274,34.035179,79.742377,75.998016,18.994406,16.919328,13.118000,,71.695974,33.058952,55.218697
2013-07-26,123.857521,67.700470,25.602728,33.985123,79.742377,76.064995,18.997931,16.927365,13.133000,,71.695974,32.902309,55.259617
2013-07-29,123.489578,67.574707,25.378748,33.577568,79.759780,75.908676,18.976828,16.987632,13.106000,,71.711621,32.602642,55.252796
2013-07-30,123.505569,67.933998,25.371964,33.484608,79.742377,75.886337,18.980358,16.971559,13.063000,,71.695974,32.534538,55.218697
2013-07-31,123.537567,68.059769,25.419474,33.277248,79.759780,75.938370,19.075302,16.967541,13.039000,,71.711621,32.548157,55.280083
2013-08-01,125.041191,68.751411,25.772423,33.806374,79.742377,75.268196,18.969347,17.116203,12.907000,,71.695974,32.963600,55.010670
2013-08-02,125.233101,69.137650,25.976048,33.863571,79.759780,75.909378,19.050306,17.092095,12.878000,,71.711621,33.127056,55.188457
2013-08-05,125.153160,69.182571,25.948910,33.656219,79.759780,75.670715,19.050306,17.092095,12.822000,,71.711621,33.024914,55.208965
2013-08-06,124.401321,68.769333,25.894602,33.284405,79.759780,75.693161,19.113665,17.080041,12.642000,,71.711621,32.936352,55.174778
2013-08-07,123.969452,68.643639,25.745274,32.934044,79.742377,75.969032,19.162939,17.031831,12.652000,,71.695974,32.704796,55.256813
2013-08-08,124.401321,68.984978,25.976048,33.527500,79.742377,76.080803,19.180552,16.931382,12.933000,,71.695974,33.140682,55.284153
2013-08-09,124.049431,68.706474,25.989632,33.620464,79.759780,76.133018,19.198154,16.955490,12.931000,,71.711621,33.201977,55.352581
2013-08-12,123.889420,68.868164,25.948910,33.842113,79.759780,75.983902,19.134789,16.903258,13.165000,,71.711621,33.195183,55.249966
2013-08-13,124.369339,69.254410,26.145739,34.028030,79.759780,75.298035,18.986946,16.991650,13.024000,,71.711621,33.406300,55.058586
2013-08-14,123.665543,68.993927,26.152538,34.128124,79.759780,75.365089,18.941191,16.975576,13.144000,,71.711621,33.392681,55.031235
2013-08-15,121.857979,67.826218,25.928537,33.720566,79.759780,74.947632,18.800386,16.895221,13.426000,,71.711621,33.167931,54.832932
2013-08-16,121.506042,67.799278,25.976048,33.513203,79.759780,74.656853,18.705341,16.939417,13.518000,,71.711621,33.140682,54.689358
2013-08-19,120.738213,67.682480,25.792786,32.891144,79.742377,74.336357,18.599751,16.867096,13.453000,,71.695974,32.847828,54.532089
2013-08-20,121.218132,67.978897,25.752058,32.883987,79.759780,74.738922,18.708872,16.899238,13.506000,,71.711621,32.786526,54.689358
2013-08-21,120.594215,67.745399,25.446617,32.111771,79.759780,74.269211,18.603271,16.859060,13.469000,,71.711621,32.316593,54.477394
2013-08-22,121.650024,68.410095,25.711349,32.583672,79.742377,74.239388,18.599751,16.911289,13.537000,,71.695974,32.745674,54.532089
2013-08-23,122.049927,68.868164,25.935328,32.934044,79.759780,74.656853,18.701828,16.883167,13.753000,,71.711621,32.943176,54.689358
2013-08-26,121.666016,68.904129,25.765650,32.633724,79.742377,74.805992,18.782784,16.746558,13.815000,,71.695974,32.745674,54.785069
2013-08-27,119.666458,67.493858,25.331232,31.882946,79.742377,75.230919,18.881346,16.790756,13.943000,,71.695974,32.173561,54.921791
2013-08-28,120.066391,67.754349,25.304085,31.947311,79.742377,74.925247,18.825027,16.851023,13.941000,,71.695974,32.153130,54.826111
2013-08-29,120.258316,68.230423,25.304085,32.211872,79.759780,74.999855,18.817987,16.838969,13.859000,,71.711621,32.159935,54.880806
2013-08-30,119.730499,67.790276,25.012218,32.447830,79.759780,74.858192,18.729984,16.871113,13.726000,,71.711621,31.914755,54.805630
2013-09-03,120.434311,68.176529,25.480566,32.719528,79.759780,74.433334,18.659828,16.951470,13.904000,,71.711621,32.432373,54.682922
2013-09-04,121.442047,68.904129,25.711349,33.205742,79.759780,74.186897,18.578756,16.891202,13.725000,,71.711621,32.745674,54.614418
2013-09-05,121.410080,69.020889,25.704552,33.506058,79.759780,73.619476,18.416586,16.915308,13.473000,,71.711621,32.806961,54.237598
2013-09-06,121.618011,69.101700,25.853876,33.970833,79.759780,74.067451,18.501194,16.919328,13.677000,,71.711621,33.011272,54.443153
2013-09-09,122.817726,69.910149,26.220411,34.785961,79.724948,74.216827,18.532921,16.883167,13.654000,,71.680304,33.597004,54.580185
2013-09-10,123.745468,70.251472,26.505491,35.114868,79.742377,73.873390,18.508240,16.863079,13.428000,,71.695974,33.903484,54.463722
2013-09-11,124.129402,70.116730,26.580149,35.086262,79.742377,74.246651,18.614004,16.855041,13.424000,,71.695974,33.985210,54.614418
2013-09-12,123.825455,70.071846,26.451193,34.728748,79.742377,74.254105,18.589323,16.863079,13.014000,,71.695974,33.753639,54.600712
2013-09-13,124.081390,70.116730,26.546207,34.921814,79.759780,74.351212,18.610472,16.847004,13.027000,,71.711621,33.903484,54.689827
2013-09-16,124.833168,69.928093,26.783781,35.257877,79.742377,74.515495,18.663355,16.742542,12.890000,,71.695974,34.216763,54.758312
2013-09-17,125.345123,70.395195,26.797350,35.250717,79.742377,74.664764,18.744434,16.690309,12.900000,,71.695974,34.216763,54.806255
2013-09-18,126.848732,71.239555,27.503256,36.616421,79.759780,75.590660,18.973589,16.818883,13.457000,,71.711621,35.197510,55.244766
2013-09-19,126.640724,71.410194,27.381079,36.552067,79.759780,75.329315,18.934811,16.830932,13.443000,,71.711621,34.938694,55.183132
2013-09-20,125.649025,71.165108,27.157085,35.758381,79.742377,75.403992,18.987690,16.730487,13.051000,,71.695974,34.604980,55.176270
2013-09-23,125.187653,71.020988,27.173449,35.844185,79.742377,75.687660,19.054686,16.686289,12.998000,,71.695974,34.632339,55.217350
2013-09-24,124.914314,71.020988,27.118921,35.601074,79.742377,75.963951,19.037056,16.698344,13.022000,,71.695974,34.598137,55.333847
2013-09-25,124.512375,70.777748,27.132557,35.372272,79.742377,76.173042,19.065258,16.718433,13.127000,,71.695974,34.563927,55.450317
2013-09-26,125.010704,71.327316,27.234781,35.472382,79.742377,76.008766,19.054686,16.746558,13.024000,,71.695974,34.707596,55.368107
2013-09-27,124.480316,71.237213,27.180264,35.086262,79.742377,76.113289,19.037056,16.722450,13.158000,,71.695974,34.584450,55.381798
2013-09-30,123.788994,71.066032,26.975809,34.785961,79.742377,76.240204,19.058205,16.658165,13.072000,,71.695974,34.310795,55.416054
2013-10-01,124.737465,71.786781,27.132557,35.429478,79.759780,76.070473,19.051506,16.666198,12.698000,,71.711621,34.550243,55.348785
2013-10-02,124.576660,71.759750,27.105297,35.529583,79.759780,76.197617,19.086777,16.690309,12.955000,,71.711621,34.598137,55.410576
2013-10-03,123.467407,70.921906,26.934896,35.408020,79.759780,76.302299,19.093832,16.694323,12.961000,,71.711621,34.433926,55.438023
2013-10-04,124.367691,71.534531,27.009869,35.801285,79.759780,76.092926,19.058552,16.694323,12.894000,,71.711621,34.522873,55.376251
2013-10-07,123.306664,70.939880,26.737253,35.493832,79.759780,76.160202,19.090302,16.630041,13.015000,,71.711621,34.221844,55.417427
2013-10-08,121.875885,69.570473,26.560061,35.214973,79.759780,76.122787,19.033854,16.642095,12.984000,,71.711621,33.941341,55.396854
2013-10-09,121.875885,69.354271,26.648657,35.536736,79.742377,75.988251,19.033854,16.597896,12.856000,,71.695974,34.187641,55.362503
2013-10-10,124.624916,70.822769,27.146187,36.273201,79.724948,75.823692,19.019733,16.666198,12.672000,,71.680304,34.762337,55.376251
2013-10-11,125.364449,71.381371,27.296133,36.466267,79.707562,75.935890,19.012684,16.658165,12.496000,,71.664672,34.892319,55.396854
2013-10-14,125.911026,71.885880,27.377907,36.602119,79.707562,75.681656,18.945656,16.690309,12.525000,,71.664672,35.036003,55.286987
2013-10-15,124.978607,71.606606,27.234781,36.280357,79.707562,75.696571,18.952711,16.638075,12.611000,,71.664672,34.830753,55.273251
2013-10-16,126.682755,72.417442,27.466511,36.573517,79.724948,76.063004,19.002098,16.718433,12.599000,,71.680304,35.131775,55.506737
2013-10-17,127.550865,72.831902,27.800478,36.766571,79.724948,76.496758,19.100893,16.670219,12.990000,,71.680304,35.494396,55.698963
2013-10-18,128.402924,74.012108,27.964052,36.838081,79.742377,76.504173,19.129105,16.674236,12.937000,,71.695974,35.679104,55.760757
2013-10-21,128.467209,74.174294,28.004942,36.802315,79.742377,76.451828,19.104412,16.654147,12.945000,,71.695974,35.727005,55.692101
2013-10-22,129.158539,74.282372,28.270752,37.109787,79.742377,76.982735,19.203201,16.742542,13.187000,,71.695974,36.089607,55.870586
2013-10-23,128.563690,73.831917,27.964052,36.301807,79.742377,77.117371,19.185564,16.573789,13.116000,,71.695974,35.624386,55.898079
2013-10-24,128.981689,74.156273,28.154884,36.294651,79.724948,76.960304,19.178509,16.557718,13.246000,,71.680304,35.802258,55.898079
2013-10-25,129.576508,74.687790,28.079908,36.466267,79.742377,77.094933,19.227913,16.601915,13.299000,,71.695974,35.761208,55.959862
2013-10-28,129.737259,74.705833,28.039021,36.594963,79.742377,77.020157,19.238485,16.702361,13.312000,,71.695974,35.747532,55.911819
2013-10-29,130.533051,74.831955,28.086729,36.680767,79.724948,77.124817,19.224371,16.682271,13.230000,,71.680304,35.836475,55.953018
2013-10-30,129.801559,74.759857,28.025389,36.523457,79.724948,76.922905,19.213789,16.678254,13.212000,,71.680304,35.713322,55.891197
2013-10-31,129.319321,74.588707,27.841364,36.208858,79.724948,76.833221,19.157335,16.650128,13.023000,,71.680304,35.569645,55.891197
2013-11-01,129.689011,74.606750,27.705061,36.173103,79.724948,76.407066,19.047541,16.630041,12.946000,,71.680304,35.350712,55.740509
2013-11-04,130.275818,74.714851,27.827740,36.373299,79.724948,76.556885,19.044016,16.634059,12.927000,,71.680304,35.514912,55.774879
2013-11-05,129.881958,74.795944,27.589193,35.722637,79.724948,76.212326,18.987522,16.626023,12.899000,,71.680304,35.152306,55.609745
2013-11-06,130.484879,74.777916,27.855000,35.851345,79.742377,76.444489,19.068718,16.666198,12.964000,,71.695974,35.480705,55.706093
2013-11-07,128.812836,73.372452,27.384727,35.186359,79.724948,76.646729,19.096972,16.613968,12.859000,,71.680304,34.871799,55.816219
2013-11-08,130.581284,74.363457,27.548296,35.143459,79.724948,75.785461,18.916910,16.521555,12.673000,,71.680304,35.063366,55.451477
2013-11-11,130.557159,74.246353,27.582386,34.914661,79.742377,75.747993,18.934566,16.493432,12.628000,,71.695974,35.042839,55.403336
2013-11-12,130.324051,74.363457,27.521038,34.678703,79.742377,75.680595,18.913372,16.465307,12.483000,,71.695974,34.878628,55.375774
2013-11-13,131.328766,75.264397,27.596010,34.800259,79.742377,75.995110,18.959270,16.461289,12.529000,,71.695974,35.015469,55.527180
2013-11-14,132.060303,75.498688,27.725502,35.279312,79.724948,76.362122,19.029884,16.493432,12.672000,,71.680304,35.213886,55.685452
2013-11-15,132.631027,75.642807,27.977674,35.915691,79.724948,76.302223,19.051069,16.565753,12.671000,,71.680304,35.583321,55.706093
2013-11-18,132.140656,74.904045,27.998127,36.216000,79.724948,76.571800,19.093433,16.537626,12.531000,,71.680304,35.651749,55.809319
2013-11-19,131.883514,74.687790,27.916342,36.030098,79.724948,76.287216,19.015755,16.569773,12.531000,,71.680304,35.521751,55.699200
2013-11-20,131.465530,74.507637,27.725502,35.593929,79.724948,75.867836,18.895727,16.433165,12.248000,,71.680304,35.248096,55.547840
2013-11-21,132.494415,75.264397,27.889076,35.586781,79.742377,75.935211,18.931028,16.493432,12.215000,,71.695974,35.419125,55.547840
2013-11-22,133.169586,75.669838,27.970869,35.786983,79.724948,76.152405,18.987522,16.489416,12.225000,,71.680304,35.521751,55.671730
2013-11-25,133.089233,75.850029,27.889076,35.408020,79.724948,76.212326,19.005171,16.473341,12.279000,,71.680304,35.412296,55.712986
2013-11-26,133.024902,76.246468,27.882257,35.500984,79.724948,76.377090,19.012230,16.489416,12.225000,,71.680304,35.330189,55.719883
2013-11-27,133.386627,76.777985,27.977674,35.736927,79.742377,76.204872,18.969870,16.493432,12.180000,,71.695974,35.501228,55.699200
2013-11-29,133.193726,77.237488,28.025389,36.001499,79.707562,76.159874,18.955742,16.493432,12.304000,,71.664672,35.617531,55.726753
2013-12-02,132.984756,77.012222,27.834551,35.329372,79.724948,75.832840,18.871016,16.553701,12.000000,,71.680304,35.295982,55.516396
2013-12-03,132.470245,76.949150,27.609644,35.243568,79.742377,75.967842,18.881601,16.529592,12.024000,,71.695974,35.063366,55.571564
2013-12-04,132.317566,77.021240,27.452887,35.272167,79.742377,75.622795,18.779203,16.509500,12.228000,,71.695974,34.878628,55.488823
2013-12-05,131.811096,76.922134,27.302950,35.064808,79.742377,75.435242,18.743902,16.529592,12.066000,,71.695974,34.714439,55.392254
2013-12-06,133.306259,77.480721,27.636908,35.758381,79.742377,75.502724,18.733315,16.613968,12.082000,,71.695974,35.200203,55.475018
2013-12-09,133.611664,77.796074,27.643711,35.837036,79.742377,75.592804,18.754505,16.593877,12.204000,,71.695974,35.200203,55.530209
2013-12-10,133.153519,77.742027,27.555115,35.844185,79.724948,75.907875,18.825104,16.533610,12.412000,,71.680304,35.124939,55.647446
2013-12-11,131.642334,76.741959,27.330208,35.100567,79.742377,75.615311,18.789808,16.561736,12.336000,,71.695974,34.803383,55.550896
2013-12-12,131.208252,76.543755,27.125740,34.957561,79.742377,75.397766,18.726257,16.630041,12.060000,,71.695974,34.516033,55.406059
2013-12-13,131.168030,76.444679,27.098473,35.021912,79.742377,75.510254,18.779203,16.605934,12.169000,,71.695974,34.543400,55.468136
2013-12-16,132.003998,76.868065,27.296133,35.172066,79.724948,75.472832,18.800400,16.577809,12.193000,,71.680304,34.782848,55.488823
2013-12-17,131.537842,76.714897,27.193895,34.886059,79.724948,75.712837,18.856888,16.573789,12.093000,,71.680304,34.632339,55.592258
2013-12-18,133.828766,77.606865,27.596010,35.543659,79.742377,75.427780,18.779203,16.589860,11.989000,,71.695974,35.131775,55.571564
2013-12-19,133.708160,77.390625,27.582386,34.937309,79.742377,75.112694,18.712137,16.674236,11.705000,,71.695974,35.008621,55.468136
2013-12-20,134.383362,78.178772,27.728323,34.922878,79.724948,75.345276,18.754505,16.650128,11.822000,,71.680304,35.131516,55.571564
2013-12-23,135.806137,79.001205,28.002380,35.175510,79.724948,75.105194,18.722719,16.674236,11.786000,,71.680304,35.414558,55.502613
2013-12-24,135.494141,79.037384,28.050341,35.327099,79.724948,74.812630,18.669765,16.634059,11.834000,,71.680304,35.497383,55.385704
2013-12-26,136.124603,79.299438,28.214783,35.052799,79.724948,74.748016,18.655647,16.654147,11.899000,,71.680304,35.621655,55.302723
2013-12-27,136.132645,79.100639,28.358673,35.572525,79.742377,74.702934,18.648581,16.634059,11.937000,,71.695974,35.828762,55.302723
2013-12-30,136.076050,78.983124,28.509386,35.659157,79.742377,74.905792,18.694483,16.694323,11.764000,,71.695974,36.008236,55.392647
2013-12-31,136.706451,79.498299,28.557364,35.955105,79.707562,74.567726,18.630924,16.670219,11.836000,,71.664672,36.160118,55.371906
2014-01-02,135.478043,78.874641,28.077744,34.699097,79.707562,74.860725,18.616804,16.545664,12.026000,,71.664672,35.525002,55.420361
2014-01-03,135.356781,78.305283,28.084600,34.670219,79.724948,74.815651,18.729794,16.505484,12.172000,,71.680304,35.511196,55.427219
2014-01-06,135.017365,78.016060,28.029791,34.345387,79.707562,75.026016,18.775682,16.481378,12.173000,,71.664672,35.407654,55.475613
2014-01-07,135.857880,78.739090,28.194220,34.533077,79.724948,75.146240,18.814512,16.481378,12.116000,,71.680304,35.580235,55.544819
2014-01-08,135.914444,78.910805,28.187372,34.439236,79.724948,74.778069,18.793337,16.509500,12.045000,,71.680304,35.559532,55.364975
2014-01-09,135.995270,78.648712,28.153120,34.294868,79.707562,74.973381,18.871016,16.465307,12.077000,,71.664672,35.455986,55.468697
2014-01-10,136.310440,78.901802,28.406631,34.807381,79.724948,75.604630,18.938087,16.425127,12.256000,,71.680304,35.821846,55.738476
2014-01-13,134.580917,77.735909,28.166819,34.468113,79.724948,75.822502,18.955742,16.356823,12.340000,,71.680304,35.545719,55.814579
2014-01-14,135.979080,79.218132,28.379215,34.814594,79.724948,75.536980,18.899242,16.429142,12.223000,,71.680304,35.828762,55.731579
2014-01-15,136.746841,79.868851,28.516247,34.807381,79.724948,75.469360,18.881601,16.465307,12.199000,,71.680304,35.904705,55.696957
2014-01-16,136.536758,79.877869,28.468287,34.648579,79.724948,75.679733,18.906311,16.453253,12.210000,,71.680304,35.911598,55.821465
2014-01-17,135.946808,79.426003,28.399773,34.496990,79.707562,75.860077,18.927504,16.405040,12.329000,,71.664672,35.780426,55.883717
2014-01-21,136.375153,80.031563,28.516247,34.439236,79.724948,75.777435,18.906311,16.501466,12.208000,,71.680304,35.911598,55.883717
2014-01-22,136.455887,80.239372,28.543648,34.836254,79.724948,75.566986,18.867472,16.581822,12.154000,,71.680304,36.022060,55.786942
2014-01-23,135.356781,79.968269,28.331251,34.027775,79.724948,76.077950,18.941624,16.557718,12.415000,,71.680304,35.642361,55.939064
2014-01-24,132.447311,78.395653,27.550186,33.118256,79.707562,76.386093,18.994574,16.569773,12.466000,,71.664672,34.717300,56.084377
2014-01-27,131.800720,77.636459,27.420002,32.916138,79.707562,76.153145,18.938087,16.521555,12.332000,,71.664672,34.503296,55.980598
2014-01-28,132.617004,77.591278,27.694057,33.240978,79.707562,76.265823,18.976927,16.569773,12.325000,,71.664672,34.855377,56.029018
2014-01-29,131.235016,76.759789,27.365175,32.764561,79.724948,76.626457,19.044016,16.658165,12.484000,,71.680304,34.434265,56.153511
2014-01-30,132.705917,78.178772,27.509066,33.060513,79.724948,76.551346,19.026356,16.589860,12.215000,,71.680304,34.634460,56.153511
2014-01-31,131.881470,77.970871,27.070572,33.082165,79.707562,76.851898,19.068718,16.501466,12.239000,,71.664672,34.206451,56.229618
2014-02-03,128.996307,76.181351,26.549852,32.237606,79.707562,77.269630,19.178169,16.525575,12.371000,,71.664672,33.578239,56.410519
2014-02-04,129.869110,76.741684,26.823904,32.822300,79.724948,77.036324,19.096972,16.485395,12.338000,,71.680304,33.882000,56.320404
2014-02-05,129.650925,76.542877,26.851315,32.764561,79.707562,76.757797,19.026356,16.417088,12.369000,,71.664672,33.957928,56.202579
2014-02-06,131.388565,77.518944,27.378889,33.414219,79.707562,76.614792,19.015755,16.397001,12.361000,,71.664672,34.572330,56.181755
2014-02-07,133.085754,78.901802,27.680361,33.529701,79.724948,76.818008,19.068718,16.417088,12.458000,,71.680304,34.938202,56.251102
2014-02-10,133.295883,79.353699,27.557037,33.262630,79.707562,76.855667,19.089909,16.405040,12.531000,,71.664672,34.813957,56.285717
2014-02-11,134.766785,80.257492,28.009237,33.926727,79.707562,76.516983,19.029884,16.401020,12.683000,,71.664672,35.345520,56.167923
2014-02-12,134.888000,80.411140,28.077744,33.883408,79.724948,76.336296,18.991047,16.397001,12.685000,,71.680304,35.373158,56.070881
2014-02-13,135.550720,81.007660,28.125704,34.006130,79.724948,76.697594,19.044016,16.401020,12.801000,,71.680304,35.462872,56.209530
2014-02-14,136.270065,81.170326,28.249031,34.338181,79.724948,76.644875,19.015755,16.348788,12.958000,,71.680304,35.690681,56.188725
2014-02-18,136.472092,81.568016,28.481991,34.085529,79.707562,76.833107,19.054609,16.352804,12.987000,,71.664672,35.842567,56.264961
2014-02-19,135.534607,81.007660,28.262735,33.854538,79.724948,76.682541,19.008698,16.397001,12.873000,,71.680304,35.614742,56.216431
2014-02-20,136.302383,81.387253,28.365511,33.991684,79.724948,76.599739,18.948679,16.364858,13.006000,,71.680304,35.732098,56.209530
2014-02-21,136.237671,81.278793,28.434029,34.208244,79.707562,76.697594,18.994574,16.376911,13.013000,,71.664672,35.856365,56.251102
2014-02-24,136.884262,81.712631,28.673830,34.215466,79.724948,76.622345,18.991047,16.332717,13.140000,,71.680304,36.097996,56.237244
2014-02-25,136.835754,81.622192,28.619017,33.854538,79.724948,76.885773,19.058138,16.316645,13.176000,,71.680304,36.049667,56.348141
2014-02-26,136.835754,81.549927,28.529955,33.818447,79.724948,77.111588,19.111094,16.376911,13.057000,,71.680304,35.870186,56.465965
2014-02-27,137.595474,82.079018,28.646427,34.424797,79.707562,77.201874,19.121681,16.372893,13.083000,,71.664672,36.042755,56.535305
2014-02-28,137.902573,81.988258,28.680687,34.201023,79.724948,77.126617,19.146389,16.364858,13.010000,,71.680304,36.118694,56.493694
2014-03-03,136.957047,81.380196,28.098303,33.717381,79.724948,77.508095,19.224068,16.469326,13.291000,,71.680304,35.414558,56.613224
2014-03-04,138.912903,82.414803,28.653280,34.229889,79.707562,76.912521,19.093433,16.429142,13.118000,,71.664672,36.049667,56.418709
2014-03-05,138.937073,82.641724,28.591618,34.323742,79.724948,76.995407,19.135799,16.421108,13.142000,,71.680304,36.049667,56.495098
2014-03-06,139.381653,82.569092,28.913639,34.771278,79.724948,76.663643,19.093433,16.485395,13.270000,,71.680304,36.450069,56.356159
2014-03-07,139.349258,82.160728,28.762905,34.367058,79.707562,76.332001,19.044016,16.509500,13.168000,,71.664672,36.167038,56.189426
2014-03-10,139.373520,82.233299,28.571060,34.114403,79.707562,76.414909,19.058138,16.449233,13.165000,,71.664672,35.911598,56.224224
2014-03-11,138.605743,81.879379,28.372356,33.789574,79.707562,76.490303,19.054609,16.473341,13.239000,,71.664672,35.725197,56.217255
2014-03-12,138.702698,82.187920,28.249031,33.854538,79.707562,76.791862,19.079306,16.465307,13.437000,,71.664672,35.635460,56.335300
2014-03-13,137.167114,81.026268,27.748871,33.219307,79.707562,77.244209,19.164047,16.541646,13.482000,,71.664672,35.055580,56.502029
2014-03-14,136.771149,80.472664,27.680361,33.435863,79.707562,77.251755,19.178169,16.557718,13.573000,,71.664672,35.027966,56.467319
2014-03-17,137.999603,81.180550,28.016079,33.811230,79.707562,76.942665,19.118155,16.505484,13.426000,,71.664672,35.428360,56.390907
2014-03-18,138.977509,82.160728,28.194220,34.258774,79.707562,77.131157,19.149931,16.533610,13.320000,,71.664672,35.676880,56.453445
2014-03-19,138.217834,81.716026,27.844795,33.623554,79.724948,76.414909,18.983988,16.465307,13.061000,,71.680304,35.214348,56.189426
2014-03-20,139.001770,81.942871,27.735167,33.702953,79.707562,76.430038,18.945160,16.405040,13.038000,,71.664672,35.145313,56.140831
2014-03-21,138.541061,80.956856,27.687202,33.912281,79.724948,76.573288,18.991047,16.388967,13.100000,,71.680304,35.138412,56.300617
2014-03-24,137.955704,80.247353,27.735167,34.092747,79.724948,76.603447,19.033407,16.425127,12.874000,,71.680304,35.248867,56.307529
2014-03-25,138.629562,80.511154,28.053020,34.496990,79.724948,76.558220,19.019287,16.413073,12.888000,,71.680304,35.587505,56.293644
2014-03-26,137.606598,79.474159,28.059950,34.525856,79.707562,76.882347,19.086370,16.489416,12.792000,,71.664672,35.594456,56.446457
2014-03-27,137.330536,79.028450,28.219234,34.958969,79.707562,76.957764,19.100502,16.509500,12.707000,,71.664672,35.851734,56.502029
2014-03-28,137.939453,79.183075,28.420048,35.197174,79.707562,76.686333,19.033407,16.501466,12.703000,,71.664672,36.067291,56.397873
2014-03-31,139.116653,79.747025,28.579317,35.428165,79.707562,76.693916,19.047541,16.501466,12.607000,,71.664672,36.296753,56.397873
2014-04-01,140.050415,81.147888,28.787077,35.796295,79.707562,76.535278,18.994574,16.441199,12.578000,,71.664672,36.547077,56.335209
2014-04-02,140.529449,81.357094,28.835546,35.947884,79.707562,76.202919,18.948679,16.388967,12.669000,,71.664672,36.616604,56.223782
2014-04-03,140.310226,80.711281,28.738594,35.731335,79.724948,76.255791,18.962799,16.449233,12.636000,,71.680304,36.512306,56.272522
2014-04-04,138.621460,78.564560,28.662432,35.673588,79.707562,76.724121,19.036947,16.437182,12.803000,,71.664672,36.428867,56.439606
2014-04-07,137.127579,77.818634,28.530840,35.781872,79.707562,76.905365,19.072256,16.429142,12.738000,,71.664672,36.303688,56.544083
2014-04-08,137.695908,78.537239,28.510073,36.193321,79.707562,77.011154,19.079306,16.489416,12.855000,,71.664672,36.401043,56.585857
2014-04-09,139.181641,79.883476,28.904804,36.510925,79.707562,76.988434,19.096972,16.521555,12.876000,,71.664672,36.825203,56.571938
2014-04-10,136.210144,77.409317,28.385424,36.128349,79.707562,77.313286,19.171108,16.537626,12.948000,,71.664672,36.199402,56.746021
2014-04-11,134.984238,76.508766,28.226145,36.121140,79.707562,77.471848,19.220535,16.529592,12.946000,,71.664672,36.067291,56.780838
2014-04-14,136.072159,77.109116,28.385424,36.048946,79.707562,77.350983,19.192287,16.565753,13.031000,,71.664672,36.220257,56.773838
2014-04-15,137.013916,77.363815,28.246923,35.630276,79.707562,77.441597,19.227596,16.601915,12.799000,,71.664672,35.983845,56.801689
2014-04-16,138.459091,78.391716,28.620882,36.020069,79.707562,77.320770,19.238190,16.585841,12.789000,,71.664672,36.352371,56.766888
2014-04-17,138.621460,78.409904,28.724739,36.294380,79.724948,76.882690,19.227596,16.658165,12.720000,,71.680304,36.547077,56.620686
2014-04-21,139.132919,78.992050,28.773218,36.171665,79.707562,76.867607,19.227596,16.581822,12.667000,,71.664672,36.644417,56.634560
2014-04-22,139.741821,79.619682,28.890951,36.077816,79.690142,76.837440,19.227596,16.630041,12.626000,,71.649010,36.672230,56.634560
2014-04-23,139.408997,78.919289,28.814770,35.839615,79.707562,77.033752,19.280554,16.622004,12.613000,,71.664672,36.560974,56.725075
2014-04-24,139.717529,79.674301,28.807850,35.890144,79.707562,77.011154,19.287613,16.605934,12.698000,,71.664672,36.588795,56.739025
2014-04-25,138.597122,78.400810,28.669336,35.420940,79.707562,77.116829,19.298210,16.605934,12.787000,,71.664672,36.366280,56.759888
2014-04-28,139.019272,78.655533,28.752443,35.608620,79.707562,77.003639,19.241722,16.581822,12.731000,,71.664672,36.477543,56.697262
2014-04-29,139.684998,79.283142,28.939409,35.796295,79.707562,77.071510,19.238190,16.674236,12.727000,,71.664672,36.623558,56.725075
2014-04-30,140.123459,79.492371,29.029446,35.774651,79.707562,77.275475,19.305269,16.658165,12.668000,,71.664672,36.755672,56.850437
2014-05-01,140.131607,79.728874,29.126396,35.817963,79.690142,77.497940,19.377424,16.477363,12.621000,,71.649010,36.811298,56.988560
2014-05-02,139.904221,79.583321,29.084839,35.933449,79.707562,77.611450,19.412786,16.529592,12.746000,,71.664672,36.859962,57.051403
2014-05-05,140.196457,80.001755,29.050219,35.789085,79.707562,77.566078,19.380953,16.513520,12.870000,,71.664672,36.825203,56.988560
2014-05-06,138.978699,78.964745,29.008656,35.919018,79.690142,77.656876,19.363276,16.585841,12.844000,,71.649010,36.797379,57.044415
2014-05-07,139.798706,78.737373,29.036367,36.077816,79.690142,77.717392,19.398636,16.565753,12.659000,,71.649010,36.894733,57.072334
2014-05-08,139.628189,78.664597,29.029446,36.041729,79.690142,77.800613,19.405704,16.589860,12.658000,,71.649010,36.901688,57.100231
2014-05-09,139.871811,78.955673,28.987896,36.012856,79.707562,77.740135,19.388037,16.541646,12.657000,,71.664672,36.825203,57.030445
2014-05-12,141.195114,80.256454,29.209490,36.503716,79.690142,77.535805,19.342058,16.449233,12.725000,,71.649010,37.145054,56.974651
2014-05-13,141.325027,80.311012,29.251053,36.626431,79.707562,77.838478,19.380953,16.461289,12.706000,,71.664672,37.179829,57.079300
2014-05-14,140.643051,79.892593,29.209490,36.857414,79.707562,78.194145,19.511816,16.493432,12.822000,,71.664672,37.200687,57.225822
2014-05-15,139.376465,79.264946,29.077932,36.561462,79.707562,78.474129,19.600233,16.505484,12.744000,,71.664672,36.971222,57.330505
2014-05-16,139.920425,79.783455,29.126396,36.994560,79.707562,78.307709,19.568396,16.477363,12.687000,,71.664672,37.089432,57.330505
2014-05-19,140.399490,80.338303,29.077932,37.016220,79.707562,78.209259,19.511816,16.497450,12.703000,,71.664672,37.068569,57.309551
2014-05-20,139.473938,80.047218,28.884008,36.684177,79.707562,78.436325,19.554251,16.525575,12.712000,,71.664672,36.818256,57.337482
2014-05-21,140.683640,80.811325,29.119463,36.965694,79.690142,78.315269,19.543646,16.529592,12.682000,,71.649010,37.089432,57.288658
2014-05-22,141.065216,81.166061,29.188705,37.211124,79.690142,78.232033,19.575474,16.509500,12.706000,,71.649010,37.200687,57.253765
2014-05-23,141.649826,81.757294,29.257961,37.218346,79.707562,78.390915,19.593153,16.517537,12.692000,,71.664672,37.304989,57.309551
2014-05-27,142.486008,82.776123,29.438007,36.907948,79.690142,78.413597,19.632061,16.477363,12.427000,,71.649010,37.444057,57.365395
2014-05-28,142.339859,82.521423,29.347988,37.102848,79.707562,78.844978,19.731085,16.501466,12.354000,,71.664672,37.367569,57.553795
2014-05-29,143.151733,83.048988,29.541901,37.189468,79.690142,78.746590,19.734623,16.529592,12.330000,,71.649010,37.569214,57.504971
2014-05-30,143.338531,83.058136,29.541901,36.778011,79.707562,78.686028,19.678038,16.505484,12.277000,,71.664672,37.464920,57.449112
2014-06-02,143.533356,82.976227,29.590372,36.886292,79.690142,78.325966,19.590071,16.489416,12.208000,,71.649010,37.631802,57.308586
2014-06-03,143.444046,82.939850,29.528051,37.030663,79.690142,77.931808,19.497856,16.465307,12.235000,,71.649010,37.569214,57.168709
2014-06-04,143.703873,83.249115,29.541901,36.871849,79.690142,77.871185,19.451740,16.457270,12.209000,,71.649010,37.562271,57.175678
2014-06-05,144.678177,83.949532,29.742710,37.203907,79.690142,77.984856,19.483664,16.489416,12.300000,,71.649010,37.812595,57.238625
2014-06-06,145.368271,84.431625,29.895073,37.572041,79.690142,77.924225,19.483664,16.413073,12.298000,,71.649010,38.042049,57.231640
2014-06-09,145.514313,84.367935,29.860434,37.694756,79.707562,77.810555,19.494301,16.477363,12.305000,,71.664672,38.069862,57.182674
2014-06-10,145.546860,84.513496,29.805038,37.867996,79.707562,77.674042,19.462374,16.509500,12.380000,,71.664672,38.042049,57.070793
2014-06-11,145.075928,84.495323,29.666540,37.745285,79.690142,77.780228,19.480120,16.541646,12.377000,,71.649010,37.902977,57.091766
2014-06-12,143.996170,83.731224,29.673460,37.608131,79.707562,78.083389,19.536869,16.589860,12.497000,,71.664672,37.889088,57.238625
2014-06-13,144.450775,83.976822,29.666540,37.615356,79.690142,77.931808,19.508492,16.593877,12.535000,,71.649010,37.937752,57.224667
2014-06-16,144.572540,84.049622,29.687313,37.442104,79.707562,77.931808,19.533319,16.609951,12.472000,,71.664672,37.902977,57.210629
2014-06-17,144.954163,84.095047,29.652685,37.413242,79.690142,77.605919,19.501392,16.609951,12.474000,,71.649010,37.854313,57.077797
2014-06-18,146.034012,84.568069,29.908909,37.817463,79.707562,78.015213,19.590071,16.617986,12.509000,,71.664672,38.208931,57.224667
2014-06-19,146.212555,84.513496,30.054327,37.651451,79.707562,77.818108,19.572327,16.589860,12.944000,,71.664672,38.299328,57.175678
2014-06-20,146.504929,84.612923,29.992012,37.564823,79.707562,77.909035,19.632629,16.613968,12.897000,,71.664672,38.271519,57.210629
2014-06-23,146.438812,84.631165,29.915840,37.470989,79.707562,77.856003,19.621994,16.646112,12.927000,,71.664672,38.195026,57.189678
2014-06-24,145.574402,84.549072,29.742737,37.456547,79.707562,78.174416,19.710669,16.654147,12.946000,,71.664672,37.972858,57.294563
2014-06-25,146.194153,85.087181,29.770771,37.561386,79.690142,78.250137,19.717768,16.666198,12.946000,,71.649010,37.986912,57.371517
2014-06-26,146.120712,85.132797,29.756754,37.597794,79.690142,78.454880,19.760317,16.682271,12.916000,,71.649010,38.029106,57.448425
2014-06-27,146.373550,85.506744,29.812819,37.714283,79.707562,78.454880,19.756775,16.686289,12.938000,,71.664672,38.127525,57.448425
2014-06-30,146.332794,85.652657,29.847862,37.641479,79.690142,78.515526,19.756775,16.782719,13.044000,,71.649010,38.169720,57.497360
2014-07-01,147.360428,86.592102,30.114174,37.954552,79.707562,78.258766,19.676056,16.794773,13.023000,,71.664672,38.500164,57.386669
2014-07-02,147.466400,86.738014,30.149223,38.165691,79.707562,77.939850,19.590683,16.806827,13.023000,,71.664672,38.556396,57.232475
2014-07-03,148.208496,87.285271,30.198267,38.384113,79.690142,77.780357,19.583563,16.782719,12.951000,,71.649010,38.704041,57.162415
2014-07-07,147.727371,87.020782,29.966999,38.362267,79.707562,77.970200,19.640467,16.851023,12.946000,,71.664672,38.443897,57.232475
2014-07-08,146.773163,85.971916,29.665642,38.194805,79.707562,78.327156,19.711605,16.879149,12.950000,,71.664672,38.134567,57.337624
2014-07-09,147.384842,86.610344,29.777781,38.405960,79.690142,78.342316,19.750736,16.887185,13.035000,,71.649010,38.275177,57.393658
2014-07-10,146.822144,86.336716,29.427376,38.209373,79.690142,78.509438,19.786295,16.971559,13.108000,,71.649010,37.874424,57.407677
2014-07-11,147.017868,86.893097,29.462416,38.187531,79.690142,78.638504,19.807644,16.975576,13.129000,,71.649010,37.923634,57.491795
2014-07-14,147.743683,87.412994,29.672657,38.464203,79.690142,78.463875,19.779198,16.915308,12.816000,,71.649010,38.176750,57.407677
2014-07-15,147.490829,87.111984,29.581556,38.420525,79.690142,78.395454,19.725838,16.915308,12.698000,,71.649010,38.057220,57.365635
2014-07-16,148.053513,87.458595,29.798796,38.529720,79.690142,78.509438,19.729389,16.919328,12.735000,,71.649010,38.289234,57.386669
2014-07-17,146.316437,86.300255,29.406345,37.838066,79.690142,78.965096,19.839645,16.967541,12.957000,,71.649010,37.768974,57.540840
2014-07-18,147.857864,87.668335,29.651627,38.413235,79.672738,78.805573,19.807644,16.987632,12.860000,,71.633363,38.141590,57.540840
2014-07-21,147.539749,87.558876,29.532497,38.537010,79.690142,78.828377,19.843208,17.047900,12.882000,,71.649010,38.078316,57.540840
2014-07-22,148.200394,88.115250,29.686672,38.915611,79.672738,78.927086,19.828978,17.096117,12.819000,,71.633363,38.303295,57.617889
2014-07-23,148.551071,88.680771,29.749744,38.908333,79.690142,78.919533,19.825430,17.051918,12.806000,,71.649010,38.380627,57.589928
2014-07-24,148.551071,88.580437,29.798796,39.053947,79.690142,78.600563,19.789862,17.015753,12.677000,,71.649010,38.429848,57.477764
2014-07-25,147.841537,88.233826,29.693693,38.893761,79.690142,78.904350,19.860992,17.047900,12.829000,,71.649010,38.296265,57.582890
2014-07-28,147.906799,88.261208,29.707703,39.170437,79.690142,78.813194,19.853884,17.003703,12.808000,,71.649010,38.380627,57.568859
2014-07-29,147.278809,88.106171,29.679668,38.901047,79.690142,78.919533,19.882334,17.003703,12.760000,,71.649010,38.233002,57.617889
2014-07-30,147.278809,88.452744,29.651627,38.733585,79.690142,78.365105,19.750736,16.963524,12.725000,,71.649010,38.204876,57.400677
2014-07-31,144.318405,86.665062,29.140038,38.020073,79.672738,78.342316,19.743628,16.891202,12.580000,,71.633363,37.508835,57.337624
2014-08-01,143.967712,86.345848,28.978832,38.318592,79.690142,78.803421,19.829927,16.927365,12.685000,,71.649010,37.382271,57.528610
2014-08-04,144.979050,86.938690,29.076958,38.653496,79.690142,78.849060,19.801401,16.875131,12.640000,,71.649010,37.614288,57.605877
2014-08-05,143.511078,86.272873,28.719538,38.056484,79.672738,78.887123,19.815666,16.863079,12.637000,,71.633363,37.079948,57.528610
2014-08-06,143.600754,86.209030,28.656458,37.867184,79.672738,78.955605,19.815666,16.814860,12.815000,,71.633363,37.037769,57.591816
2014-08-07,142.825974,85.935410,28.418192,37.707008,79.690142,79.313202,19.901257,16.798791,12.872000,,71.649010,36.728424,57.718212
2014-08-08,144.481522,86.555595,28.600409,38.056484,79.672738,79.244728,19.879866,16.774686,12.869000,,71.633363,36.946377,57.676086
2014-08-11,144.889252,87.066391,28.670492,38.507896,79.672738,79.206696,19.886999,16.806827,12.841000,,71.633363,37.171349,57.704185
2014-08-12,144.717987,87.029922,28.670492,38.522446,79.672738,79.092514,19.837072,16.794773,12.842000,,71.633363,37.136204,57.655018
2014-08-13,145.737411,87.951096,28.866707,38.755436,79.690142,79.351219,19.886999,16.830932,12.868000,,71.649010,37.382271,57.760349
2014-08-14,146.373550,88.407143,28.999870,38.806393,79.672738,79.511047,19.904825,16.802809,12.880000,,71.633363,37.522896,57.816532
2014-08-15,146.332794,88.835793,28.985853,38.711754,79.690142,79.830620,19.954754,16.826916,12.795000,,71.649010,37.487732,57.921867
2014-08-18,147.547943,89.519852,29.147038,39.039379,79.672738,79.579498,19.876291,16.830932,12.739000,,71.633363,37.754902,57.802494
2014-08-19,148.330902,90.021515,29.217133,39.250511,79.690142,79.495773,19.837072,16.790756,12.710000,,71.649010,37.832237,57.795464
2014-08-20,148.738708,90.021515,29.119007,39.148586,79.672738,79.259926,19.776430,16.867096,12.664000,,71.633363,37.775986,57.711246
2014-08-21,149.162720,90.203918,29.231129,39.039379,79.690142,79.427361,19.826368,16.859060,12.526000,,71.649010,37.839260,57.774376
2014-08-22,148.926178,90.340729,29.104988,39.002979,79.690142,79.434967,19.815666,16.875131,12.556000,,71.649010,37.691631,57.774376
2014-08-25,149.700958,90.659973,29.301218,39.265087,79.690142,79.495773,19.833500,16.911289,12.513000,,71.649010,37.979893,57.795464
2014-08-26,149.823273,90.751167,29.294214,39.483501,79.690142,79.480606,19.822788,16.911289,12.576000,,71.649010,38.015030,57.823547
2014-08-27,149.798874,90.769386,29.378315,39.600002,79.672738,79.701233,19.862028,16.907277,12.581000,,71.633363,38.148617,57.914841
2014-08-28,149.684692,90.669067,29.238150,39.294201,79.690142,79.807755,19.879866,16.911289,12.644000,,71.649010,37.930660,57.992123
2014-08-29,150.051697,91.006554,29.217133,39.286922,79.690142,79.815353,19.872728,16.939417,12.630000,,71.649010,37.944729,57.992123
2014-09-02,150.010925,91.271049,29.245159,39.272373,79.672738,79.305511,19.772348,16.999685,12.411000,,71.633363,37.944729,57.794407
2014-09-03,149.945602,90.732933,29.434376,39.767460,79.690142,79.419785,19.804502,17.051918,12.456000,,71.649010,38.282204,57.892899
2014-09-04,149.700958,90.650810,29.308224,39.636410,79.672738,79.137810,19.722334,17.124239,12.386000,,71.633363,38.050198,57.794407
2014-09-05,150.418640,91.106880,29.301218,39.964046,79.690142,79.160637,19.718769,17.047900,12.440000,,71.649010,38.134567,57.773235
2014-09-08,150.035309,91.280174,29.006889,39.541752,79.672738,79.076828,19.665192,17.100131,12.317000,,71.633363,37.754902,57.730984
2014-09-09,149.064896,90.523155,28.894747,39.075779,79.672738,78.893883,19.593733,17.112186,12.321000,,71.633363,37.558037,57.632519
2014-09-10,149.652069,91.271049,29.062944,38.995697,79.690142,78.695702,19.518721,17.096117,12.261000,,71.649010,37.684597,57.526928
2014-09-11,149.790695,91.198074,28.901756,38.740875,79.672738,78.596710,19.529440,17.192542,12.184000,,71.633363,37.494766,57.484688
2014-09-12,148.901749,90.732933,28.845692,38.347710,79.672738,78.299393,19.454420,17.184506,12.071000,,71.633363,37.304935,57.393192
2014-09-15,148.803894,89.857323,28.803638,38.172974,79.672738,78.444229,19.475845,17.160401,12.100000,,71.633363,37.234631,57.421314
2014-09-16,149.913010,90.641708,28.922779,38.580692,79.672738,78.421318,19.468718,17.136295,12.112000,,71.633363,37.473675,57.400246
2014-09-17,150.125061,90.778542,28.712532,38.209373,79.672738,78.223167,19.343685,17.184506,11.980000,0.250501,71.633363,37.199463,57.329853
2014-09-18,150.908005,91.462555,28.908758,38.289467,79.690142,78.169838,19.297237,17.256829,12.013000,0.232484,71.649010,37.417439,57.336880
2014-09-19,150.761169,91.405907,28.803638,38.078327,79.690142,78.467064,19.350826,17.337187,11.939000,0.216246,71.649010,37.199463,57.456543
2014-09-20,,,,,,,,,,0.223974,,,
2014-09-21,,,,,,,,,,0.218451,,,
2014-09-22,149.594345,90.555641,28.705530,37.517696,79.690142,78.634758,19.329388,17.405494,11.912000,0.220276,71.649010,36.960430,57.526928
2014-09-23,148.750305,90.308800,28.446222,37.292007,79.690142,78.802414,19.407984,17.421564,11.992000,0.238701,71.649010,36.707317,57.555027
2014-09-24,149.946701,91.277901,28.602621,37.830772,79.690142,78.581398,19.379406,17.429599,11.932000,0.231807,71.649010,36.915123,57.519863
2014-09-25,147.537537,89.357979,28.201054,36.993500,79.690142,78.962463,19.450857,17.437639,11.977000,0.225436,71.649010,36.314350,57.660629
2014-09-26,148.725739,90.308800,28.306732,37.204628,79.690142,78.794807,19.365112,17.489867,11.935000,0.221521,71.649010,36.519318,57.604309
2014-09-27,,,,,,,,,,0.218834,,,
2014-09-28,,,,,,,,,,0.206598,,,
2014-09-29,148.430756,90.189980,28.060167,36.469276,79.672738,79.046379,19.372265,17.417543,11.928000,0.205659,71.633363,36.123531,57.674664
2014-09-30,147.980057,90.317932,28.003796,36.432869,79.690142,78.977715,19.354395,17.522013,11.848000,0.211946,71.649010,36.045788,57.660629
2014-10-01,146.038010,88.873421,27.658592,35.821293,79.690142,79.641266,19.520678,17.534063,11.917000,0.210122,71.649010,35.607574,57.908176
2014-10-02,146.029816,88.873421,27.355659,35.945057,79.690142,79.404526,19.442003,17.501920,11.899000,0.205443,71.649010,35.360203,57.865856
2014-10-03,147.660446,89.751099,27.390886,36.243572,79.655285,79.381683,19.424133,17.590316,11.683000,0.196920,71.617670,35.409672,57.830555
2014-10-04,,,,,,,,,,0.180134,,,
2014-10-05,,,,,,,,,,0.175557,,,
2014-10-06,147.480148,89.559128,27.545877,36.702259,79.655285,79.511444,19.434851,17.425582,11.830000,0.180798,71.617670,35.678249,57.964542
2014-10-07,145.218597,88.288353,27.102043,36.323662,79.672738,79.977249,19.524252,17.385403,11.869000,0.184144,71.633363,35.169373,58.112621
2014-10-08,147.758835,90.007072,27.517696,36.869720,79.672738,80.259796,19.631529,17.389422,11.978000,0.193320,71.633363,35.664131,58.267765
2014-10-09,144.776123,88.553490,26.777964,36.301823,79.672738,80.122375,19.606503,17.357275,11.997000,0.199940,71.633363,34.815979,58.176102
2014-10-10,143.153625,86.341003,26.376406,35.515495,79.672738,80.435417,19.663708,17.469778,11.994000,0.198043,71.633363,34.236420,58.225430
2014-10-11,,,,,,,,,,0.198446,,,
2014-10-12,,,,,,,,,,0.207347,,,
2014-10-13,140.801910,84.987938,26.362309,35.864986,79.672738,80.855377,19.745960,17.317097,12.082000,0.213846,71.633363,34.278843,58.394707
2014-10-14,141.031326,84.997055,26.404591,35.981464,79.655285,81.015739,19.706627,17.333169,12.092000,0.219573,71.617670,34.342434,58.472267
2014-10-15,139.982483,84.448532,26.256649,35.617428,79.655285,81.473862,19.717344,17.313078,12.130000,0.216234,71.617670,34.045601,58.606232
2014-10-16,139.892303,83.918266,26.045298,35.326195,79.672738,81.252457,19.699463,17.284954,12.153000,0.209542,71.633363,33.854763,58.507561
2014-10-17,141.621338,85.024483,26.467993,35.653839,79.672738,81.015739,19.692312,17.333169,12.135000,0.210200,71.633363,34.321232,58.465202
2014-10-18,,,,,,,,,,0.214409,,,
2014-10-19,,,,,,,,,,0.213371,,,
2014-10-20,143.014313,86.295303,26.693436,35.777603,79.672738,81.130249,19.695896,17.393439,12.218000,0.209700,71.633363,34.561546,58.514584
2014-10-21,145.792191,88.562607,26.982279,35.901375,79.655285,80.908813,19.656557,17.337187,12.237000,0.211689,71.617670,34.914936,58.429939
2014-10-22,144.800690,88.105507,26.792059,35.690254,79.672738,80.885895,19.649405,17.409507,12.167000,0.209872,71.633363,34.653423,58.415867
2014-10-23,146.464096,89.431129,27.073862,35.726639,79.655285,80.549988,19.567160,17.373352,12.078000,0.196320,71.617670,34.929070,58.239567
2014-10-24,147.562149,90.162537,27.186583,35.945057,79.655285,80.618660,19.560007,17.405494,12.065000,0.196281,71.617670,35.126965,58.288925
2014-10-25,,,,,,,,,,0.190215,,,
2014-10-26,,,,,,,,,,0.194286,,,
2014-10-27,147.373672,90.226524,27.102043,35.610149,79.655285,80.702682,19.563580,17.333169,12.049000,0.193347,71.617670,34.907871,58.267765
2014-10-28,149.069809,91.588730,27.433155,36.272701,79.655285,80.504150,19.545710,17.236743,12.040000,0.195882,71.617670,35.466225,58.232498
2014-10-29,148.897842,91.250465,27.271114,36.236290,79.672738,80.236877,19.531401,17.236743,11.873000,0.183817,71.633363,35.232983,58.133774
2014-10-30,149.840164,91.442451,27.461329,36.600323,79.655285,80.320869,19.509951,17.297011,11.746000,0.189138,71.617670,35.459145,58.176102
2014-10-31,151.536377,92.704086,27.905163,36.716831,79.672738,80.191017,19.534981,17.361297,11.484000,0.185313,71.633363,36.017509,58.077362
2014-11-01,,,,,,,,,,0.178426,,,
2014-11-02,,,,,,,,,,0.178505,,,
2014-11-03,151.626511,92.978371,27.707911,36.483837,79.655285,80.161209,19.509951,17.421564,11.430000,0.179415,71.617670,35.692390,58.051235
2014-11-04,151.085678,92.667557,27.531782,36.505680,79.672738,80.153549,19.517097,17.437639,11.437000,0.181024,71.633363,35.508621,58.037075
2014-11-05,152.077133,92.676697,27.538830,36.221725,79.655285,80.176529,19.517097,17.489867,11.198000,0.185951,71.617670,35.543961,58.107754
2014-11-06,152.691772,92.969254,27.426113,35.784885,79.672738,79.931747,19.499210,17.449686,11.205000,0.191321,71.633363,35.296593,57.973484
2014-11-07,152.822861,92.886971,27.433155,36.003304,79.655285,80.444252,19.606503,17.437639,11.511000,0.187555,71.617670,35.367275,58.171371
2014-11-08,,,,,,,,,,0.189238,,,
2014-11-09,,,,,,,,,,0.198975,,,
2014-11-10,153.281723,93.216103,27.559971,36.068840,79.672738,80.115318,19.542128,17.509957,11.258000,0.200980,71.633363,35.459145,58.051235
2014-11-11,153.429321,93.508621,27.721998,36.068840,79.672738,80.122963,19.527828,17.413525,11.423000,0.201402,71.633363,35.628780,58.079475
2014-11-12,153.306274,93.673203,27.489510,35.981464,79.672738,80.092346,19.506371,17.473797,11.365000,0.232002,71.633363,35.430866,58.072430
2014-11-13,153.445633,94.075478,27.602240,35.908657,79.655285,80.222404,19.488485,17.493886,11.385000,0.230454,71.617670,35.501564,58.114834
2014-11-14,153.502945,94.368042,27.644506,36.170769,79.655285,80.390671,19.542128,17.441651,11.673000,0.217902,71.617670,35.621716,58.128956
2014-11-15,,,,,,,,,,0.206024,,,
2014-11-16,,,,,,,,,,0.212459,,,
2014-11-17,153.584946,94.084625,27.524738,35.821293,79.672738,80.298927,19.481325,17.473797,11.628000,0.212200,71.633363,35.430866,58.128956
2014-11-18,154.469910,94.788589,27.820629,35.996025,79.655285,80.390671,19.481325,17.493886,11.731000,0.205512,71.617670,35.770123,58.213760
2014-11-19,154.191345,94.358871,27.729044,36.003304,79.655285,80.176529,19.413397,17.517993,11.598000,0.208446,71.617670,35.699463,58.065361
2014-11-20,154.469910,94.779442,27.588150,35.930496,79.655285,80.321884,19.456305,17.445671,11.710000,0.196004,71.617670,35.579308,58.136017
2014-11-21,155.338486,94.962273,27.820629,36.927967,79.655285,80.482498,19.524252,17.501920,11.761000,0.192174,71.617670,36.010433,58.263214
2014-11-22,,,,,,,,,,0.193309,,,
2014-11-23,,,,,,,,,,0.201335,,,
2014-11-24,155.740005,95.702820,27.954483,36.673134,79.672738,80.574234,19.545710,17.546117,11.736000,0.206445,71.633363,36.010433,58.270264
2014-11-25,155.690872,95.849052,28.017900,36.469276,79.672738,80.773148,19.560007,17.477814,11.757000,0.205594,71.633363,36.088188,58.376278
2014-11-26,156.051392,96.470779,28.130604,36.876991,79.655285,80.910835,19.563580,17.469778,11.738000,0.201772,71.617670,36.271957,58.461071
2014-11-27,,,,,,,,,,0.202484,,,
2014-11-28,155.715454,96.918785,27.905163,36.243572,79.672738,81.224464,19.570734,17.646567,11.432000,0.206196,71.633363,35.833740,58.560028
2014-11-29,,,,,,,,,,0.205672,,,
2014-11-30,,,,,,,,,,0.207072,,,
2014-12-01,154.650223,95.821693,27.862902,35.668404,79.655285,81.025238,19.531401,17.622458,11.887000,0.207728,71.617670,35.671185,58.472240
2014-12-02,155.625290,96.205666,27.940395,35.646557,79.655285,80.665146,19.420555,17.582276,11.742000,0.208862,71.617670,35.748943,58.344738
2014-12-03,156.223465,96.379364,27.898129,35.770329,79.655285,80.695763,19.434851,17.546117,11.859000,0.205409,71.617670,35.798405,58.330593
2014-12-04,156.067764,96.333694,27.855858,35.828564,79.655285,80.979279,19.470608,17.542099,11.818000,0.202448,71.617670,35.692390,58.429710
2014-12-05,156.346329,96.342789,27.912212,35.784885,79.672738,80.527214,19.359760,17.658619,11.666000,0.206419,71.633363,35.720661,58.259811
2014-12-06,,,,,,,,,,0.205286,,,
2014-12-07,,,,,,,,,,0.205455,,,
2014-12-08,155.281158,95.657104,27.665640,35.275234,79.672738,80.795349,19.381216,17.606389,11.804000,0.198233,71.633363,35.296593,58.380169
2014-12-09,155.158234,95.958832,27.510656,34.954876,79.655285,81.094185,19.470608,17.550137,12.046000,0.192925,71.617670,35.098690,58.401394
2014-12-10,152.724579,94.450317,27.151363,34.488914,79.655285,81.461960,19.492067,17.489867,12.029000,0.189719,71.617670,34.625156,58.557213
2014-12-11,153.437408,94.898270,27.123173,34.204952,79.655285,81.324089,19.467030,17.517993,12.000000,0.191987,71.617670,34.540344,58.500530
2014-12-12,150.946442,93.865181,26.622980,33.688026,79.672738,81.990631,19.495649,17.602365,11.969000,0.193102,71.633363,33.911289,58.698818
2014-12-13,,,,,,,,,,0.190272,,,
2014-12-14,,,,,,,,,,0.192604,,,
2014-12-15,149.897491,92.896126,26.214378,33.178375,79.637932,81.691833,19.438440,17.598349,11.665000,0.189160,71.602068,33.409504,58.592575
2014-12-16,148.742172,91.405907,26.411631,33.083733,79.637932,82.105560,19.538557,17.562189,11.723000,0.179146,71.602068,33.572056,58.727097
2014-12-17,151.741241,93.069832,26.679340,33.880531,79.637932,81.538559,19.452730,17.646567,11.648000,0.175155,71.602068,34.024387,58.585514
2014-12-18,154.502686,95.309685,27.158413,34.205456,79.655285,81.078896,19.331156,17.654601,11.740000,0.170565,71.617670,34.589813,58.493443
2014-12-19,155.215607,95.729088,27.214771,34.382683,79.637932,81.377731,19.395527,17.646567,11.708000,0.174096,71.602068,34.625156,58.620930
2014-12-20,,,,,,,,,,0.180731,,,
2014-12-21,,,,,,,,,,0.175739,,,
2014-12-22,155.903900,95.967674,27.356537,34.781441,79.637932,81.377731,19.445581,17.622458,11.477000,0.181788,71.602068,34.803295,58.592575
2014-12-23,156.141556,95.628136,27.228931,34.478680,79.637932,80.703468,19.284670,17.622458,11.497000,0.183259,71.602068,34.689270,58.337242
2014-12-24,156.125168,95.710709,27.349457,34.574677,79.655285,80.761772,19.266781,17.534063,11.498000,0.176665,71.617670,34.796185,58.358551
2014-12-25,,,,,,,,,,0.174734,,,
2014-12-26,156.633148,96.389793,27.434517,34.840523,79.637932,80.869164,19.313265,17.574245,11.712000,0.179618,71.602068,35.066963,58.408352
2014-12-27,,,,,,,,,,0.173011,,,
2014-12-28,,,,,,,,,,0.173765,,,
2014-12-29,156.854401,96.371452,27.257296,34.700226,79.637932,81.145416,19.341879,17.666654,11.593000,0.171263,71.602068,34.838928,58.507935
2014-12-30,156.002243,95.729088,27.016262,34.722378,79.637932,81.237457,19.334736,17.574245,11.743000,0.170204,71.602068,34.553890,58.550640
2014-12-31,154.379807,94.747185,26.853228,34.729752,79.655285,81.329575,19.395527,17.505937,11.585000,0.175383,71.617670,34.447006,58.593334
2015-01-01,,,,,,,,,,0.172127,,,
2015-01-02,154.379807,94.462730,26.718525,34.404835,79.637932,81.743927,19.492067,17.517993,11.632000,0.172556,71.602068,34.354355,58.792480
2015-01-03,,,,,,,,,,0.153960,,,
2015-01-04,,,,,,,,,,0.144711,,,
2015-01-05,151.667450,93.077049,26.123047,33.880531,79.655285,82.242683,19.509951,17.646567,11.810000,0.150341,71.617670,33.598999,58.963184
2015-01-06,150.176086,91.829048,25.832396,33.703300,79.637932,82.795166,19.524252,17.618440,11.939000,0.156758,71.602068,33.342484,59.133862
2015-01-07,152.052597,93.012856,26.108873,34.397449,79.637932,82.779854,19.524252,17.666654,11.869000,0.161221,71.602068,33.734398,59.169514
2015-01-08,154.723969,94.793098,26.505856,35.010368,79.637932,82.442215,19.517097,17.650586,11.820000,0.155202,71.602068,34.161949,59.077023
2015-01-09,153.421036,94.169067,26.378254,34.884827,79.637932,82.848907,19.552860,17.614422,11.954000,0.159069,71.602068,34.019444,59.176575
2015-01-10,,,,,,,,,,0.150517,,,
2015-01-11,,,,,,,,,,0.145513,,,
2015-01-12,152.282013,93.187187,26.349894,34.626373,79.637932,83.140457,19.545710,17.646567,12.084000,0.146683,71.602068,33.884045,59.254868
2015-01-13,151.880539,93.159653,26.477507,34.906990,79.637932,83.217216,19.499210,17.606389,12.052000,0.123714,71.602068,34.062210,59.311760
2015-01-14,150.987335,92.645790,26.406610,34.759285,79.637932,83.600945,19.631529,17.534063,12.037000,0.097555,71.602068,33.919689,59.446911
2015-01-15,149.577927,91.443649,26.555475,34.781441,79.637932,84.314507,19.788866,17.445671,12.332000,0.114940,71.602068,34.161949,59.710106
2015-01-16,151.429886,92.517296,26.846127,35.025127,79.637932,83.692986,19.674437,17.469778,12.497000,0.113984,71.602068,34.496876,59.532307
2015-01-17,,,,,,,,,,0.109143,,,
2015-01-18,,,,,,,,,,0.115212,,,
2015-01-19,,,,,,,,,,0.117688,,,
2015-01-20,151.806747,93.251442,26.966640,34.958683,79.637932,83.884804,19.735220,17.574245,12.665000,0.115746,71.602068,34.539646,59.468262
2015-01-21,152.601639,93.728600,27.165133,35.645443,79.655285,83.485817,19.638685,17.513976,12.671000,0.124281,71.617670,34.867443,59.354450
2015-01-22,154.936951,95.462959,27.264370,36.287903,79.637932,83.278587,19.638685,17.646567,12.771000,0.127846,71.602068,35.102592,59.368641
2015-01-23,154.084793,95.674011,27.101336,36.036827,79.655285,83.823395,19.781713,17.730944,12.673000,0.127558,71.617670,34.860310,59.560703
2015-01-24,,,,,,,,,,0.135756,,,
2015-01-25,,,,,,,,,,0.138972,,,
2015-01-26,154.388000,95.563873,27.462877,36.051598,79.655285,83.631569,19.753105,17.759066,12.543000,0.149793,71.617670,35.230850,59.489613
2015-01-27,152.363983,93.086258,27.484137,35.911289,79.655285,83.746666,19.810320,17.686744,12.687000,0.144316,71.617670,35.195232,59.525143
2015-01-28,150.356384,92.609047,27.122601,35.519909,79.637932,84.391212,19.878263,17.706833,12.592000,0.128125,71.602068,34.739174,59.738518
2015-01-29,151.814957,93.499184,27.491224,35.578979,79.637932,84.091949,19.863956,17.791207,12.306000,0.127905,71.602068,35.074085,59.674515
2015-01-30,149.946701,92.774231,27.044624,34.722378,79.637932,84.828606,19.996262,17.767100,12.581000,0.124023,71.602068,34.539646,60.001766
2015-01-31,,,,,,,,,,0.119114,,,
2015-02-01,,,,,,,,,,0.124322,,,
2015-02-02,151.667450,93.581741,27.399076,35.305756,79.637932,84.722549,19.971233,17.791207,12.483000,0.130488,71.602068,35.052715,59.930477
2015-02-03,153.879913,94.481056,27.788984,35.903908,79.655285,84.007782,19.899717,17.562189,12.350000,0.124484,71.617670,35.594280,59.745171
2015-02-04,153.355453,94.398468,27.590477,35.748833,79.637932,84.146103,19.917601,17.634509,12.408000,0.124257,71.602068,35.309242,59.766537
2015-02-05,154.912430,95.215202,27.881132,35.970375,79.637932,83.838669,19.828197,17.586295,12.421000,0.118921,71.602068,35.715424,59.638229
2015-02-06,154.478058,94.637054,27.547956,35.394367,79.637932,82.900955,19.699463,17.558171,12.098000,0.121744,71.602068,35.230850,59.253284
2015-02-07,,,,,,,,,,0.124750,,,
2015-02-08,,,,,,,,,,0.122372,,,
2015-02-09,153.773407,94.334229,27.420343,35.335300,79.620412,82.862556,19.670856,17.542099,12.156000,0.120564,71.586316,35.152485,59.231976
2015-02-10,155.412277,95.802483,27.654274,35.254059,79.637932,82.655022,19.585045,17.542099,12.086000,0.120415,71.602068,35.330624,59.125027
2015-02-11,155.518768,96.151184,27.505405,35.025127,79.620412,82.624268,19.577885,17.574245,11.940000,0.120057,71.586316,35.159599,59.125027
2015-02-12,156.960938,97.270729,27.930752,35.734058,79.620412,82.655022,19.524252,17.449686,11.973000,0.121470,71.586316,35.729683,59.153564
2015-02-13,157.649246,98.105789,28.129244,36.088528,79.637932,82.378349,19.484915,17.401473,12.032000,0.128953,71.602068,35.964840,59.018139
2015-02-14,,,,,,,,,,0.140946,,,
2015-02-15,,,,,,,,,,0.128624,,,
2015-02-16,,,,,,,,,,0.128086,,,
2015-02-17,157.903320,98.197525,28.193047,36.007290,79.637932,81.794159,19.391947,17.357275,11.831000,0.133435,71.602068,36.078842,58.782898
2015-02-18,157.936096,98.335197,28.384438,36.022064,79.637932,82.186172,19.445581,17.353261,11.865000,0.129446,71.602068,36.221378,58.946888
2015-02-19,157.829559,98.821556,28.398632,35.881752,79.637932,81.978645,19.442003,17.349241,11.829000,0.131613,71.602068,36.178612,58.896965
2015-02-20,158.788254,99.482239,28.682182,36.081131,79.620412,81.932541,19.452730,17.353261,11.767000,0.133528,71.586316,36.449406,58.911209
2015-02-21,,,,,,,,,,0.133942,,,
2015-02-22,,,,,,,,,,0.129255,,,
2015-02-23,158.747299,99.583176,28.568758,35.800518,79.637932,82.309143,19.481325,17.405494,11.768000,0.130851,71.602068,36.299759,59.032413
2015-02-24,159.214386,99.656616,28.738909,36.250992,79.620412,82.854874,19.585045,17.405494,11.749000,0.130765,71.586316,36.527782,59.274704
2015-02-25,159.042313,99.408813,28.767256,36.206680,79.637932,82.931709,19.627947,17.413525,11.798000,0.130072,71.602068,36.606171,59.331745
2015-02-26,158.862030,99.913536,28.689287,36.177143,79.620412,82.439819,19.613653,17.485850,11.819000,0.129500,71.586316,36.542049,59.167824
2015-02-27,158.313034,99.473099,28.710541,36.184513,79.637932,82.731857,19.731653,17.457723,11.859000,0.139032,71.602068,36.534920,59.217693
2015-02-28,,,,,,,,,,0.139271,,,
2015-03-01,,,,,,,,,,0.142524,,,
2015-03-02,159.353699,100.372383,28.753080,36.154984,79.620412,82.115990,19.574308,17.497901,11.797000,0.150996,71.586316,36.534920,59.026302
2015-03-03,158.673553,99.904366,28.590027,35.918671,79.637932,81.938980,19.570734,17.582276,11.778000,0.154300,71.602068,36.349640,58.954895
2015-03-04,158.009857,99.518959,28.462433,35.601135,79.637932,82.000542,19.620798,17.590316,11.737000,0.149584,71.602068,36.171494,58.954895
2015-03-05,158.181885,99.693283,28.554577,35.556828,79.637932,82.046745,19.574308,17.630494,11.731000,0.151274,71.602068,36.192867,58.990578
2015-03-06,155.944870,98.564590,28.171778,35.047291,79.620412,81.207642,19.384792,17.771120,11.406000,0.149382,71.586316,35.694061,58.647808
2015-03-07,,,,,,,,,,0.151320,,,
2015-03-08,,,,,,,,,,0.150275,,,
2015-03-09,156.608627,98.849068,28.185951,34.914356,79.637932,81.584862,19.349028,17.747013,11.418000,0.158630,71.602068,35.715424,58.719204
2015-03-10,154.035614,97.013802,27.597565,34.153755,79.637932,81.931274,19.366917,17.847459,11.359000,0.159809,71.602068,34.967186,58.947746
2015-03-11,153.675034,96.454033,27.668453,34.375290,79.637932,82.077522,19.399097,17.859514,11.292000,0.162339,71.602068,35.059841,59.012020
2015-03-12,155.658081,97.087196,28.008732,34.611607,79.620412,82.154510,19.338301,17.855495,11.289000,0.161230,71.586316,35.444653,59.054859
2015-03-13,154.707535,96.665085,27.838596,34.183300,79.637932,82.031380,19.298977,17.927817,11.311000,0.156291,71.602068,35.202362,58.997726
2015-03-14,,,,,,,,,,0.154400,,,
2015-03-15,,,,,,,,,,0.156870,,,
2015-03-16,156.821671,97.913048,28.150505,34.604221,79.637932,82.316185,19.295399,17.887641,11.308000,0.159170,71.602068,35.572910,59.111996
2015-03-17,156.289062,98.069077,28.122156,34.943909,79.637932,82.485542,19.323997,17.907726,11.237000,0.156383,71.602068,35.558662,59.161991
2015-03-18,158.149078,99.032631,28.703459,35.711906,79.637932,83.432426,19.617228,17.682728,11.466000,0.140386,71.602068,36.314011,59.526230
2015-03-19,157.419830,99.179436,28.356085,35.165443,79.637932,83.039833,19.635103,17.795229,11.452000,0.142921,71.602068,35.872192,59.347706
2015-03-20,158.845627,99.821411,28.965746,35.630680,79.637932,83.378517,19.678011,17.586295,11.586000,0.143371,71.602068,36.577675,59.504772
2015-03-21,,,,,,,,,,0.142427,,,
2015-03-22,,,,,,,,,,0.146773,,,
2015-03-23,158.560684,99.628273,29.100445,35.770981,79.620412,83.486275,19.652981,17.461742,11.658000,0.146105,71.586316,36.748699,59.533367
2015-03-24,157.638245,99.269539,29.072081,35.859600,79.637932,83.740349,19.760254,17.522013,11.688000,0.134523,71.602068,36.762947,59.633331
2015-03-25,155.340393,96.997757,28.916145,35.350060,79.620412,83.378517,19.749533,17.538086,11.702000,0.134852,71.586316,36.396980,59.540466
2015-03-26,154.953308,96.666618,28.681168,35.106369,79.620412,82.908928,19.645832,17.594332,11.783000,0.136131,71.586316,36.189682,59.347706
2015-03-27,155.274490,97.052940,28.745255,35.202377,79.620412,83.232262,19.645832,17.614422,11.731000,0.135308,71.586316,36.218273,59.404819
2015-03-28,,,,,,,,,,0.138468,,,
2015-03-29,,,,,,,,,,0.132944,,,
2015-03-30,157.209991,98.165871,28.766624,35.800518,79.603075,83.224571,19.588612,17.670674,11.604000,0.135580,71.570729,36.368389,59.476223
2015-03-31,155.826309,97.126526,28.360754,35.689751,79.637932,83.440056,19.638685,17.791207,11.584000,0.133772,71.602068,35.989540,59.540466
2015-04-01,155.323914,96.620636,28.560110,36.184513,79.603075,83.837204,19.774559,17.722906,11.788000,0.135441,71.570729,36.275455,59.777443
2015-04-02,155.785095,96.685036,28.773727,36.664516,79.620412,83.598152,19.728075,17.566208,11.759000,0.138582,71.586316,36.604263,59.698677
2015-04-03,,,,,,,,,,0.139303,,,
2015-04-04,,,,,,,,,,0.138961,,,
2015-04-05,,,,,,,,,,0.142741,,,
2015-04-06,156.880539,97.476036,29.051424,37.151901,79.620412,83.706085,19.774559,17.517993,11.901000,0.139944,71.586316,37.018841,59.748791
2015-04-07,156.460495,97.310478,29.051424,36.967293,79.637932,83.775536,19.831768,17.606389,11.844000,0.138677,71.602068,36.997387,59.784588
2015-04-08,157.028778,98.083069,29.186722,37.727901,79.637932,83.698425,19.788866,17.658619,11.757000,0.134209,71.602068,37.269016,59.741627
2015-04-09,157.712357,98.699310,29.229448,38.097130,79.620412,83.359154,19.713774,17.779156,11.698000,0.133472,71.586316,37.411976,59.612801
2015-04-10,158.577164,99.103989,29.286415,38.126675,79.620412,83.336029,19.699463,17.795229,11.826000,0.129307,71.586316,37.454857,59.584160
2015-04-11,,,,,,,,,,0.129570,,,
2015-04-12,,,,,,,,,,0.129351,,,
2015-04-13,157.860611,98.855675,29.129759,37.956821,79.603075,83.505608,19.710192,17.867548,11.748000,0.123016,71.570729,37.247574,59.598469
2015-04-14,158.148865,98.570534,29.350489,38.126675,79.620412,83.752373,19.745960,17.771120,11.672000,0.120043,71.586316,37.533489,59.705860
2015-04-15,158.873611,99.186768,29.485771,38.318665,79.603075,83.798599,19.799601,17.726921,11.770000,0.122603,71.570729,37.755070,59.763142
2015-04-16,158.816025,99.048828,29.556978,38.680519,79.620412,83.860298,19.835348,17.638532,11.737000,0.125199,71.586316,37.898037,59.748791
2015-04-17,156.971130,97.503632,29.200958,37.927288,79.603075,84.029976,19.939049,17.710850,11.784000,0.122082,71.570729,37.390530,59.848999
2015-04-18,,,,,,,,,,0.122342,,,
2015-04-19,,,,,,,,,,0.121927,,,
2015-04-20,158.404175,98.966026,29.250805,37.927288,79.603075,83.875725,19.917601,17.763083,11.699000,0.123037,71.570729,37.411976,59.784588
2015-04-21,158.247681,99.389137,29.500021,38.148827,79.620412,83.698425,19.838928,17.738982,11.754000,0.128867,71.586316,37.690727,59.712994
2015-04-22,159.030151,99.931786,29.564102,38.518059,79.603075,83.212616,19.745960,17.730944,11.615000,0.128268,71.570729,37.797966,59.491116
2015-04-23,159.441925,100.308891,29.692276,38.813442,79.603075,83.467102,19.792442,17.642549,11.688000,0.129520,71.570729,37.990959,59.605652
2015-04-24,159.763107,101.670120,29.856047,38.909435,79.603075,83.760086,19.871105,17.686744,11.532000,0.126675,71.570729,38.155350,59.698677
2015-04-25,,,,,,,,,,0.124003,,,
2015-04-26,,,,,,,,,,0.120191,,,
2015-04-27,159.128967,101.412628,29.969971,39.057137,79.620412,83.629044,19.881830,17.698796,11.765000,0.125590,71.586316,38.355507,59.655773
2015-04-28,159.623123,101.210274,30.019821,39.182663,79.620412,83.243507,19.770985,17.594332,11.859000,0.123710,71.586316,38.398384,59.469624
2015-04-29,158.972458,100.575630,29.756355,38.746983,79.620412,82.935059,19.724501,17.485850,11.781000,0.123685,71.586316,38.105316,59.283554
2015-04-30,157.391205,98.993614,29.457302,38.281757,79.620412,82.911896,19.770985,17.530046,11.574000,0.129347,71.586316,37.719337,59.347988
2015-05-01,159.038345,100.299690,29.706524,38.429440,79.603075,82.458649,19.674437,17.562189,11.532000,0.127119,71.570729,38.012394,59.167934
2015-05-02,,,,,,,,,,0.128681,,,
2015-05-03,,,,,,,,,,0.131654,,,
2015-05-04,159.532532,100.465271,29.734989,38.636211,79.620412,82.288765,19.602917,17.554156,11.636000,0.130920,71.586316,38.083866,59.081879
2015-05-05,157.671204,98.828087,29.286415,38.259598,79.620412,82.149734,19.585045,17.558171,11.676000,0.129333,71.586316,37.562084,58.988647
2015-05-06,157.037033,98.147476,29.350489,37.809132,79.620412,81.748192,19.463457,17.558171,11.663000,0.125861,71.586316,37.540638,58.823654
2015-05-07,157.671204,98.736122,29.250805,37.690983,79.603075,82.095673,19.513527,17.513976,11.579000,0.129998,71.570729,37.390530,58.945599
2015-05-08,159.738449,99.968597,29.884531,38.207905,79.620412,82.412300,19.560007,17.481834,11.629000,0.133574,71.586316,38.126755,59.103413
2015-05-09,,,,,,,,,,0.132462,,,
2015-05-10,,,,,,,,,,0.131620,,,
2015-05-11,158.972458,99.582283,29.621078,37.823902,79.603075,81.601425,19.381216,17.505937,11.583000,0.132640,71.570729,37.819401,58.795013
2015-05-12,158.511276,99.131599,29.621078,37.750053,79.620412,81.663231,19.416981,17.598349,11.676000,0.132067,71.586316,37.790813,58.723263
2015-05-13,158.560684,99.333961,29.834684,37.860825,79.620412,81.555145,19.399097,17.594332,11.884000,0.129474,71.586316,37.998104,58.694614
2015-05-14,160.216080,100.787178,30.190702,38.274361,79.603075,81.833084,19.427713,17.501920,11.951000,0.129776,71.570729,38.448410,58.809357
2015-05-15,160.380890,100.787178,30.226311,38.518059,79.603075,82.420013,19.549284,17.489867,11.982000,0.130146,71.570729,38.555630,59.046013
2015-05-16,,,,,,,,,,0.129351,,,
2015-05-17,,,,,,,,,,0.129706,,,
2015-05-18,160.874985,101.228645,30.126612,38.185741,79.603075,81.864021,19.456305,17.485850,11.985000,0.127694,71.570729,38.369789,58.830860
2015-05-19,160.792664,101.118279,30.012691,38.252209,79.603075,81.501060,19.363337,17.457723,11.817000,0.127047,71.570729,38.262566,58.701744
2015-05-20,160.685562,101.182686,30.069662,38.252209,79.603075,81.678665,19.413397,17.542099,11.835000,0.128182,71.570729,38.312599,58.701744
2015-05-21,161.171524,101.706924,30.233429,38.134060,79.620412,82.165184,19.488485,17.594332,11.795000,0.128908,71.586316,38.469856,58.888229
2015-05-22,160.817383,101.605751,30.048292,38.237438,79.620412,81.979836,19.513527,17.598349,11.787000,0.131649,71.586316,38.291172,58.852379
2015-05-23,,,,,,,,,,0.130840,,,
2015-05-24,,,,,,,,,,0.131980,,,
2015-05-25,,,,,,,,,,0.129875,,,
2015-05-26,159.087845,100.437691,29.542744,37.668819,79.620412,82.489525,19.538557,17.586295,11.614000,0.129878,71.586316,37.640713,58.995808
2015-05-27,160.553772,102.056427,29.791960,37.720524,79.620412,82.443176,19.520678,17.558171,11.612000,0.129970,71.586316,37.926624,59.024483
2015-05-28,160.405609,101.826500,29.727877,37.247906,79.603075,82.520409,19.513527,17.570228,11.629000,0.130038,71.570729,37.747929,59.031658
2015-05-29,159.359573,101.219452,29.443056,36.886063,79.603075,82.566689,19.560007,17.662638,11.635000,0.129867,71.570729,37.376236,59.053173
2015-05-30,,,,,,,,,,0.127813,,,
2015-05-31,,,,,,,,,,0.126085,,,
2015-06-01,159.730179,101.559753,29.371857,36.812206,79.603075,82.202446,19.467030,17.638532,11.632000,0.122106,71.570729,37.261871,58.856251
2015-06-02,159.565491,101.237846,29.471546,36.922974,79.620412,81.630081,19.384792,17.602365,11.671000,0.123682,71.586316,37.469162,58.691002
2015-06-03,160.001999,101.541397,29.642427,36.753139,79.620412,80.933960,19.252485,17.554156,11.594000,0.123721,71.586316,37.590664,58.432278
2015-06-04,158.700668,100.768761,29.300640,36.228836,79.603075,81.328438,19.316854,17.437639,11.506000,0.122872,71.570729,37.147507,58.576015
2015-06-05,158.379456,100.529633,28.980238,36.022064,79.603075,80.740585,19.263214,17.622458,11.446000,0.123216,71.570729,36.825840,58.346077
2015-06-06,,,,,,,,,,0.123581,,,
2015-06-07,,,,,,,,,,0.122081,,,
2015-06-08,157.399460,99.508698,28.951748,36.044205,79.585655,80.856682,19.277508,17.493886,11.478000,0.125153,71.555066,36.747219,58.417904
2015-06-09,157.358200,99.343132,28.787979,35.785748,79.585655,80.593636,19.234600,17.534063,11.507000,0.125459,71.555066,36.575680,58.245464
2015-06-10,159.227768,100.704407,29.386087,36.236217,79.603075,80.284317,19.155930,17.590316,11.602000,0.125325,71.570729,37.254726,58.123272
2015-06-11,159.721924,100.851547,29.471546,36.154984,79.620412,80.918495,19.256065,17.582276,11.558000,0.125819,71.586316,37.304760,58.396374
2015-06-12,158.552429,100.023758,29.236553,36.125439,79.603075,80.872055,19.263214,17.578261,11.545000,0.125971,71.570729,37.061726,58.353210
2015-06-13,,,,,,,,,,0.127296,,,
2015-06-14,,,,,,,,,,0.127921,,,
2015-06-15,157.819397,99.527092,29.051424,35.756218,79.620412,81.065437,19.331156,17.534063,11.597000,0.129718,71.586316,36.811546,58.360443
2015-06-16,158.741882,100.069756,29.044313,35.734058,79.585655,81.374886,19.431276,17.501920,11.560000,0.137426,71.555066,36.818707,58.511333
2015-06-17,159.013687,100.345688,28.965988,35.955601,79.620412,81.421234,19.452730,17.497901,11.596000,0.136543,71.586316,36.790112,58.532906
2015-06-18,160.586746,101.808113,29.243683,36.324829,79.585655,81.359390,19.416981,17.509957,11.756000,0.136392,71.555066,37.126053,58.489788
2015-06-19,159.656052,101.304741,29.179598,36.051598,79.585655,81.792511,19.467030,17.429599,11.740000,0.133981,71.555066,36.954510,58.655056
2015-06-20,,,,,,,,,,0.134313,,,
2015-06-21,,,,,,,,,,0.133618,,,
2015-06-22,160.749954,102.051483,29.685152,36.472530,79.603075,81.104195,19.377640,17.461742,11.593000,0.135287,71.570729,37.590664,58.374805
2015-06-23,160.865753,102.134460,29.791960,36.834370,79.585655,80.856682,19.349028,17.558171,11.515000,0.133811,71.555066,37.740780,58.238213
2015-06-24,159.715652,101.609001,29.549870,36.590672,79.585655,81.096405,19.388374,17.497901,11.481000,0.131740,71.555066,37.447720,58.346077
2015-06-25,159.219147,101.406181,29.542744,36.440147,79.603075,80.895294,19.341879,17.389422,11.467000,0.132991,71.570729,37.404839,58.267010
2015-06-26,159.219147,100.733185,29.516073,36.179317,79.585655,80.508583,19.263214,17.401473,11.490000,0.133427,71.555066,37.373772,58.159184
2015-06-27,,,,,,,,,,0.137478,,,
2015-06-28,,,,,,,,,,0.136394,,,
2015-06-29,155.851456,98.354782,28.629286,35.314896,79.603075,81.444450,19.416981,17.240761,11.526000,0.140805,71.570729,36.340824,58.453846
2015-06-30,156.256866,98.705078,28.586044,35.799267,79.603075,81.220139,19.384792,17.152366,11.459000,0.144096,71.570729,36.355267,58.396374
2015-07-01,157.440125,99.488670,28.773491,35.851440,79.603075,80.795654,19.313265,17.076027,11.426000,0.141658,71.570729,36.535851,58.254498
2015-07-02,157.324310,99.516327,28.845572,35.993023,79.603075,81.082260,19.381216,17.092095,11.398000,0.139900,71.570729,36.622536,58.398495
2015-07-03,,,,,,,,,,0.140406,,,
2015-07-04,,,,,,,,,,0.142898,,,
2015-07-05,,,,,,,,,,0.148938,,,
2015-07-06,156.869217,99.285866,28.254391,34.934845,79.603075,81.655502,19.463457,16.915308,11.427000,0.147359,71.570729,35.849628,58.600121
2015-07-07,157.837296,99.534767,28.247185,34.338688,79.585655,81.872406,19.524252,16.899238,11.300000,0.145813,71.555066,35.741283,58.657757
2015-07-08,155.156403,97.801651,27.562275,33.116562,79.585655,82.197769,19.545710,16.794773,11.327000,0.148320,71.555066,34.795017,58.823318
2015-07-09,155.437698,97.746330,28.009266,33.839409,79.585655,81.624519,19.427713,16.919328,11.353000,0.147468,71.555066,35.336754,58.628941
2015-07-10,157.415375,99.239761,28.859993,34.696381,79.585655,81.059006,19.331156,17.023791,11.366000,0.156048,71.555066,36.311916,58.355274
2015-07-11,,,,,,,,,,0.160551,,,
2015-07-12,,,,,,,,,,0.170275,,,
2015-07-13,159.177780,100.982101,28.982555,34.964649,79.585655,80.842140,19.273937,16.979595,11.316000,0.159970,71.555066,36.470844,58.218494
2015-07-14,159.881180,101.645828,29.184427,35.024273,79.603075,81.097816,19.306131,16.955490,11.290000,0.157456,71.570729,36.716434,58.326523
2015-07-15,159.814941,101.756462,29.069078,34.629314,79.585655,81.407639,19.352606,16.919328,11.235000,0.156561,71.555066,36.499744,58.492138
2015-07-16,161.039597,103.194603,29.314201,35.061527,79.585655,81.376625,19.374063,16.903258,11.191000,0.152321,71.555066,36.774227,58.492138
2015-07-17,161.229935,104.715714,29.270945,35.009354,79.603075,81.384399,19.370485,16.851023,11.080000,0.153079,71.570729,36.701988,58.499294
2015-07-18,,,,,,,,,,0.150575,,,
2015-07-19,,,,,,,,,,0.149870,,,
2015-07-20,161.304367,105.075203,29.335833,34.793262,79.585655,81.221710,19.327574,16.822898,10.777000,0.152810,71.555066,36.738102,58.420101
2015-07-21,160.667267,105.010681,29.256525,34.808155,79.603075,81.446342,19.370485,16.859060,10.745000,0.151085,71.570729,36.673096,58.528149
2015-07-22,160.352798,103.821472,29.011396,34.353596,79.585655,81.547050,19.374063,16.818883,10.691000,0.151846,71.555066,36.348057,58.549725
2015-07-23,159.434311,103.434311,28.917662,34.055519,79.585655,81.880135,19.406248,16.782719,10.637000,0.151204,71.555066,36.218029,58.686550
2015-07-24,157.771164,102.420212,28.607664,33.571136,79.603075,81.957642,19.381216,16.702361,10.741000,0.157902,71.570729,35.762955,58.722584
2015-07-25,,,,,,,,,,0.158132,,,
2015-07-26,,,,,,,,,,0.160316,,,
2015-07-27,156.877487,101.572121,28.427423,32.878098,79.585655,82.228737,19.420555,16.605934,10.695000,0.160830,71.555066,35.466789,58.837788
2015-07-28,158.780609,102.447899,28.780699,33.228336,79.585655,81.996346,19.388374,16.626023,10.711000,0.161270,71.555066,35.878525,58.736950
2015-07-29,159.905945,102.835060,28.881630,33.541325,79.603075,81.880135,19.384792,16.622004,10.723000,0.158621,71.570729,36.015762,58.686550
2015-07-30,159.930878,103.323662,28.867199,33.205994,79.603075,81.973106,19.409824,16.609951,10.635000,0.157597,71.570729,35.957981,58.708176
2015-07-31,159.657730,103.203819,29.004187,33.451900,79.603075,82.453407,19.467030,16.537626,10.700000,0.155915,71.570729,36.153027,58.909775
2015-08-01,,,,,,,,,,0.154245,,,
2015-08-02,,,,,,,,,,0.154800,,,
2015-08-03,159.161301,102.881142,28.917662,32.930264,79.603075,82.704750,19.467030,16.541646,10.617000,0.154040,71.570729,35.957981,59.046127
2015-08-04,158.846817,102.687576,28.946518,33.049500,79.585655,82.278076,19.366917,16.561736,10.634000,0.156226,71.555066,35.979652,58.844120
2015-08-05,159.401230,103.480370,29.097912,33.109123,79.585655,81.959961,19.284670,16.561736,10.595000,0.154399,71.555066,36.189125,58.750282
2015-08-06,158.184891,101.821030,28.968140,32.855740,79.585655,82.247032,19.338301,16.545664,10.648000,0.152588,71.555066,36.001320,58.786373
2015-08-07,157.771164,101.691940,28.939301,32.848297,79.585655,82.572845,19.384792,16.457270,10.677000,0.153140,71.555066,35.972431,58.909084
2015-08-08,,,,,,,,,,0.142959,,,
2015-08-09,,,,,,,,,,0.145197,,,
2015-08-10,159.773560,102.853500,29.292568,33.422089,79.603075,82.231514,19.352606,16.340752,10.773000,0.144861,71.570729,36.434711,58.786373
2015-08-11,158.308945,101.535210,28.831169,32.594933,79.585655,82.774612,19.445581,16.388967,10.840000,0.148102,71.555066,35.813515,59.010090
2015-08-12,158.449631,101.885521,28.643703,32.147808,79.585655,82.743561,19.384792,16.433165,10.982000,0.145905,71.555066,35.582359,58.988441
2015-08-13,158.275818,101.719597,28.636499,32.118000,79.585655,82.526321,19.338301,16.437182,10.897000,0.144648,71.555066,35.488457,58.865757
2015-08-14,158.888184,101.876350,28.686960,32.199966,79.568235,82.440979,19.331156,16.429142,10.902000,0.145524,71.539404,35.524574,58.844120
2015-08-15,,,,,,,,,,0.143263,,,
2015-08-16,,,,,,,,,,0.141595,,,
2015-08-17,159.773560,102.724449,28.629286,31.842272,79.568235,82.588387,19.320425,16.489416,10.920000,0.141304,71.539404,35.459576,58.952354
2015-08-18,159.285370,102.198975,28.405792,31.484583,79.585655,82.456490,19.281090,16.549681,10.921000,0.115617,71.555066,35.185074,58.844120
2015-08-19,158.027634,101.526009,28.175083,31.074730,79.603075,82.960823,19.341879,16.509500,11.065000,0.124164,71.570729,34.831139,59.053391
2015-08-20,154.709549,98.714272,27.482962,30.575445,79.585655,83.185799,19.381216,16.392985,11.255000,0.128911,71.555066,34.051010,59.103870
2015-08-21,149.802719,94.399925,26.790844,29.584324,79.585655,83.519402,19.377640,16.457270,11.327000,0.127388,71.555066,33.234753,59.197651
2015-08-22,,,,,,,,,,0.126194,,,
2015-08-23,,,,,,,,,,0.124978,,,
2015-08-24,143.696121,90.767715,25.889652,28.235523,79.585655,83.659081,19.345465,16.397001,11.273000,0.115297,71.555066,32.028461,59.183239
2015-08-25,141.950180,90.426620,26.149185,28.682644,79.585655,83.201317,19.284670,16.469326,11.131000,0.121385,71.555066,32.274063,58.988441
2015-08-26,147.585129,94.980667,26.826895,29.658854,79.603075,82.689262,19.166660,16.565753,10.970000,0.123697,71.570729,33.119198,58.735886
2015-08-27,151.192810,97.386780,27.180161,30.836254,79.585655,82.642708,19.238180,16.545664,10.982000,0.123115,71.555066,33.740398,58.815281
2015-08-28,151.192810,97.368355,27.108068,30.486017,79.603075,82.658188,19.302540,16.529592,11.081000,0.126745,71.570729,33.711502,58.844120
2015-08-29,,,,,,,,,,0.125860,,,
2015-08-30,,,,,,,,,,0.125302,,,
2015-08-31,149.860611,96.160690,26.906193,30.322075,79.603075,82.518562,19.266781,16.521555,11.095000,0.126011,71.570729,33.465923,58.764744
2015-09-01,145.284821,93.155418,26.026621,29.278795,79.603075,82.889191,19.281090,16.670219,11.139000,0.124951,71.570729,32.346291,58.907883
2015-09-02,148.213974,95.782738,26.430361,29.778078,79.585655,82.663864,19.209583,16.658165,11.079000,0.125589,71.555066,32.823032,58.864498
2015-09-03,148.338165,95.312576,26.466415,29.845146,79.603075,82.865891,19.191694,16.626023,10.992000,0.124438,71.570729,32.859165,58.907883
2015-09-04,146.037781,94.178665,25.875227,28.913651,79.585655,83.122353,19.223873,16.678254,10.967000,0.126144,71.555066,32.064583,59.052502
2015-09-05,,,,,,,,,,0.128730,,,
2015-09-06,,,,,,,,,,0.131370,,,
2015-09-07,,,,,,,,,,0.131374,,,
2015-09-08,149.777908,96.833672,26.625032,29.860054,79.585655,82.757156,19.138054,16.557718,10.973000,0.133434,71.555066,33.003613,58.907883
2015-09-09,147.758911,95.745888,26.524096,29.748272,79.585655,82.788193,19.180964,16.585841,10.822000,0.130455,71.555066,32.866386,58.893421
2015-09-10,148.586319,96.787582,26.697121,30.076162,79.568235,82.601730,19.191694,16.529592,10.847000,0.130624,71.539404,33.075844,58.770527
2015-09-11,149.206955,97.322235,26.689909,30.210297,79.585655,82.819290,19.245333,16.565753,10.818000,0.131517,71.555066,33.061405,58.893421
2015-09-12,,,,,,,,,,0.128845,,,
2015-09-13,,,,,,,,,,0.126261,,,
2015-09-14,148.644272,97.027283,26.495249,30.135771,79.585655,82.897003,19.216730,16.525575,10.835000,0.126333,71.555066,32.895287,58.907883
2015-09-15,150.580536,98.170395,26.689909,30.404051,79.568235,82.244286,19.077269,16.461289,10.791000,0.126147,71.539404,33.111965,58.662048
2015-09-16,151.896164,98.723526,27.072016,31.111977,79.568235,82.220985,19.070112,16.453253,10.940000,0.125483,71.539404,33.668163,58.625927
2015-09-17,151.499008,98.760384,27.086437,31.089630,79.568235,82.904793,19.227449,16.513520,11.052000,0.125877,71.539404,33.697071,58.958504
2015-09-18,149.049683,97.355728,26.437576,30.530733,79.568235,83.293365,19.284670,16.630041,11.131000,0.127610,71.539404,32.909714,59.124836
2015-09-19,,,,,,,,,,0.126798,,,
2015-09-20,,,,,,,,,,0.126645,,,
2015-09-21,149.817551,97.660706,26.437576,30.560537,79.585655,82.819290,19.170237,16.525575,11.068000,0.124384,71.555066,32.938602,58.907883
2015-09-22,147.862640,96.200569,25.817543,29.986736,79.585655,83.231148,19.213148,16.630041,10.990000,0.126319,71.555066,32.165707,59.016392
2015-09-23,147.596466,96.274521,25.694988,29.554523,79.568235,83.137924,19.209583,16.670219,11.036000,0.126136,71.539404,31.970678,59.016392
2015-09-24,147.138947,95.923363,25.608469,29.435287,79.568235,83.262222,19.191694,16.646112,11.264000,0.128461,71.539404,31.876774,59.038074
2015-09-25,147.039169,95.110107,25.844545,29.412933,79.568235,83.044640,19.098722,16.573789,11.202000,0.128798,71.539404,32.090221,58.929596
2015-09-26,,,,,,,,,,0.128358,,,
2015-09-27,,,,,,,,,,0.127491,,,
2015-09-28,143.337341,92.402473,25.344894,28.727354,79.585655,83.518639,19.105881,16.670219,11.050000,0.130988,71.555066,31.407761,59.081444
2015-09-29,143.412247,91.921906,25.294189,28.936016,79.585655,83.806175,19.159513,16.678254,11.010000,0.129643,71.555066,31.473104,59.124836
2015-09-30,146.165680,94.038139,25.808332,29.725920,79.568235,83.821693,19.191694,16.650128,10.903000,0.129300,71.539404,32.177353,59.240524
2015-10-01,146.573318,94.463264,25.880741,29.912218,79.585655,83.887062,19.273937,16.698344,10.887000,0.130116,71.555066,32.249947,59.272400
2015-10-02,148.694519,96.117439,26.307991,30.597797,79.585655,84.291756,19.391947,16.634059,11.118000,0.129975,71.555066,32.896095,59.496990
2015-10-03,,,,,,,,,,0.130762,,,
2015-10-04,,,,,,,,,,0.130505,,,
2015-10-05,151.364838,97.494339,26.836613,31.238668,79.568235,83.824814,19.327574,16.581822,11.090000,0.131668,71.539404,33.571320,59.265129
2015-10-06,150.857315,97.032272,26.865578,31.171608,79.568235,83.996071,19.388374,16.533610,11.201000,0.134779,71.539404,33.564045,59.344837
2015-10-07,152.121780,97.614479,27.184200,31.894442,79.568235,83.785896,19.374063,16.497450,11.193000,0.133084,71.539404,34.123096,59.344837
2015-10-08,153.461044,98.002609,27.408680,32.244690,79.568235,83.568008,19.356180,16.497450,11.138000,0.132720,71.539404,34.362671,59.250660
2015-10-09,153.544266,98.446182,27.466612,32.334110,79.568235,83.614738,19.313265,16.469326,11.320000,0.133611,71.539404,34.457062,59.243420
2015-10-10,,,,,,,,,,0.134165,,,
2015-10-11,,,,,,,,,,0.135320,,,
2015-10-12,153.727280,98.686432,27.415918,32.177616,79.568235,83.894844,19.363337,16.477363,11.352000,0.134366,71.539404,34.224728,59.344837
2015-10-13,152.704071,98.048813,27.090067,31.663429,79.568235,83.972664,19.341879,16.473341,11.408000,0.136666,71.539404,33.745556,59.381046
2015-10-14,151.988678,97.891693,27.133509,31.931700,79.568235,84.431847,19.409824,16.481378,11.605000,0.138025,71.539404,33.934319,59.598408
2015-10-15,154.268005,99.499680,27.633162,32.684357,79.568235,84.143860,19.352606,16.473341,11.551000,0.139302,71.539404,34.536926,59.482498
2015-10-16,154.891876,99.915512,27.618679,32.639637,79.568235,84.073868,19.323997,16.545664,11.478000,0.143984,71.539404,34.522400,59.460777
2015-10-17,,,,,,,,,,0.148241,,,
2015-10-18,,,,,,,,,,0.143313,,,
2015-10-19,155.074875,100.488480,27.502823,32.319202,79.568235,84.034958,19.281090,16.565753,11.418000,0.144296,71.539404,34.290081,59.460777
2015-10-20,154.875244,99.970978,27.408680,32.311752,79.550782,83.746964,19.259638,16.489416,11.481000,0.147596,71.523712,34.268295,59.366570
2015-10-21,153.868698,99.361084,27.386950,31.924244,79.568235,84.034958,19.281090,16.533610,11.404000,0.145848,71.539404,34.108559,59.475239
2015-10-22,156.530655,101.384895,27.712816,32.550213,79.568235,84.120560,19.338301,16.497450,11.394000,0.150094,71.539404,34.616783,59.576675
2015-10-23,158.235947,104.221924,27.966272,32.714165,79.568235,83.645836,19.306131,16.525575,11.370000,0.151449,71.539404,34.870888,59.424538
2015-10-24,,,,,,,,,,0.154274,,,
2015-10-25,,,,,,,,,,0.155384,,,
2015-10-26,157.861603,104.286613,27.864893,32.453339,79.550782,83.863739,19.316854,16.593877,11.363000,0.156271,71.523712,34.682125,59.489742
2015-10-27,157.553833,104.499191,27.618679,32.125458,79.550782,84.073868,19.341879,16.609951,11.389000,0.160920,71.523712,34.362671,59.504253
2015-10-28,159.383926,105.367828,27.770742,31.819925,79.550782,83.638016,19.238180,16.593877,11.297000,0.166852,71.523712,34.544178,59.337574
2015-10-29,159.325684,105.201485,27.567997,31.536745,79.550782,83.124428,19.198854,16.634059,11.190000,0.171912,71.523712,34.239258,59.127480
2015-10-30,158.518753,104.730194,27.546267,31.551649,79.550782,83.287796,19.252485,16.605934,11.142000,0.179668,71.523712,34.188438,59.257900
2015-10-31,,,,,,,,,,0.172082,,,
2015-11-01,,,,,,,,,,0.178252,,,
2015-11-02,160.398773,105.913048,27.814196,32.147808,79.550782,83.048538,19.223873,16.622004,11.074000,0.197838,71.523712,34.558704,59.140999
2015-11-03,160.906174,106.282692,27.814196,32.535309,79.568235,82.830269,19.205997,16.589860,10.914000,0.220969,71.539404,34.682125,59.039337
2015-11-04,160.448685,106.291954,27.633162,32.311752,79.550782,82.744576,19.177391,16.609951,10.810000,0.225430,71.523712,34.478840,59.075695
2015-11-05,160.249023,106.005447,27.596954,32.304302,79.550782,82.689964,19.141624,16.650128,10.777000,0.211622,71.523712,34.340893,58.966763
2015-11-06,160.182449,106.079391,27.466612,31.924244,79.550782,82.128822,19.045088,16.650128,10.619000,0.205113,71.523712,34.137608,58.734425
2015-11-07,,,,,,,,,,0.211692,,,
2015-11-08,,,,,,,,,,0.204509,,,
2015-11-09,158.685181,104.951981,27.176960,31.141781,79.568235,81.988495,19.041513,16.726468,10.649000,0.208283,71.539404,33.774597,58.683640
2015-11-10,158.984573,104.683968,27.169716,31.044910,79.550782,82.144379,19.041513,16.770667,10.627000,0.184490,71.523712,33.687485,58.748970
2015-11-11,158.377365,104.554596,27.300062,31.119436,79.568235,82.105423,19.027214,16.726468,10.589000,0.170394,71.539404,33.796379,58.756222
2015-11-12,156.256210,103.538078,26.974201,30.799002,79.568235,82.152222,19.037930,16.730487,10.593000,0.185220,71.539404,33.426102,58.763489
2015-11-13,154.450958,101.505028,26.764196,30.404051,79.550782,82.463966,19.055817,16.762631,10.564000,0.184454,71.523712,33.099384,58.872379
2015-11-14,,,,,,,,,,0.182347,,,
2015-11-15,,,,,,,,,,0.175368,,,
2015-11-16,156.821808,102.965111,27.082829,30.970400,79.568235,82.573097,19.052233,16.842984,10.577000,0.181166,71.539404,33.556786,58.872379
2015-11-17,156.630447,103.029800,27.119028,30.895880,79.550782,82.549690,19.073696,16.814860,10.437000,0.183545,71.523712,33.629387,58.937748
2015-11-18,159.150940,105.007431,27.379715,31.208866,79.550782,82.510719,19.105881,16.834952,10.445000,0.183269,71.523712,33.941586,58.908691
2015-11-19,159.067810,105.081367,27.524538,31.454773,79.568235,82.689964,19.163088,16.851023,10.565000,0.178646,71.539404,34.115841,58.988605
2015-11-20,159.658401,105.792915,27.466612,31.752853,79.550782,82.580879,19.191694,16.899238,10.515000,0.176385,71.523712,34.115841,58.974022
2015-11-21,,,,,,,,,,0.179072,,,
2015-11-22,,,,,,,,,,0.177762,,,
2015-11-23,159.475388,105.487968,27.300062,31.492031,79.568235,82.689964,19.198854,16.911289,10.427000,0.176946,71.539404,33.803642,58.995831
2015-11-24,159.733307,105.395538,27.336267,31.618706,79.550782,82.767937,19.234600,16.895221,10.498000,0.175303,71.523712,33.868988,59.017582
2015-11-25,159.683395,105.487968,27.379715,31.439875,79.550782,82.814697,19.231028,16.879149,10.448000,0.179772,71.523712,33.868988,59.024853
2015-11-26,,,,,,,,,,0.193180,,,
2015-11-27,159.841385,105.635834,27.372478,30.851166,79.568235,82.900436,19.234600,16.919328,10.327000,0.196115,71.539404,33.723774,59.053902
2015-11-28,,,,,,,,,,0.195753,,,
2015-11-29,,,,,,,,,,0.203373,,,
2015-11-30,159.192612,105.367828,27.336267,30.828806,79.568235,82.931664,19.227449,16.947453,10.395000,0.206675,71.539404,33.738293,59.024853
2015-12-01,160.731491,106.421341,27.633162,31.074730,79.550782,83.372681,19.295399,16.842984,10.434000,0.198550,71.523712,34.086800,59.248203
2015-12-02,159.034515,105.765198,27.343506,30.731930,79.550782,83.138535,19.245333,16.947453,10.269000,0.196742,71.523712,33.716511,59.175446
2015-12-03,156.771866,103.972420,27.213173,30.567987,79.568235,82.264153,19.116602,16.834952,10.377000,0.197760,71.539404,33.564045,58.717091
2015-12-04,159.849777,106.402832,27.408680,30.761747,79.568235,82.568604,19.155930,16.778700,10.605000,0.198931,71.539404,33.839939,58.949924
2015-12-05,,,,,,,,,,0.213044,,,
2015-12-06,,,,,,,,,,0.212953,,,
2015-12-07,158.843140,105.922279,27.184200,30.277372,79.568235,82.834053,19.166660,16.907277,10.469000,0.216652,71.539404,33.491459,59.051762
2015-12-08,157.828278,105.931541,26.771441,29.934570,79.550782,82.880867,19.173817,16.883167,10.486000,0.227621,71.523712,32.990490,59.066322
2015-12-09,156.647079,104.323563,26.713505,29.666292,79.533387,83.005753,19.134476,16.794773,10.466000,0.228717,71.508072,32.896095,59.044495
2015-12-10,157.004791,104.794838,26.706270,29.450195,79.550782,82.826286,19.070112,16.794773,10.457000,0.227575,71.523712,32.845291,59.037193
2015-12-11,153.876999,102.382942,26.228344,28.667736,79.568235,83.489792,19.148783,16.762631,10.512000,0.247546,71.539404,32.155556,59.197250
2015-12-12,,,,,,,,,,0.238266,,,
2015-12-13,,,,,,,,,,0.237586,,,
2015-12-14,154.800400,103.159187,26.286261,29.085047,79.568235,82.873100,19.012899,16.838969,10.398000,0.243297,71.539404,32.271725,58.920795
2015-12-15,156.414169,103.787560,26.387642,29.554523,79.550782,82.662292,19.002171,16.955490,10.349000,0.254876,71.523712,32.525837,58.855339
2015-12-16,158.610291,105.330849,26.923506,30.076162,79.568235,82.443726,18.927078,16.971559,10.472000,0.249187,71.539404,33.186527,58.789848
2015-12-17,156.297745,103.796852,26.612131,29.725920,79.550782,82.787186,19.002171,17.031831,10.249000,0.249813,71.523712,32.714596,58.913517
2015-12-18,153.394531,101.805756,26.329720,29.614136,79.568235,83.083847,19.059389,16.883167,10.397000,0.253942,71.539404,32.475014,59.044495
2015-12-19,,,,,,,,,,0.253233,,,
2015-12-20,,,,,,,,,,0.242477,,,
2015-12-21,154.751816,102.936638,26.498013,29.868008,79.550782,83.122910,19.041513,16.806827,10.517000,0.240261,71.523712,32.699657,58.979000
2015-12-22,156.149307,103.613274,26.694727,30.117355,79.550782,82.888672,19.005747,16.855041,10.460000,0.239129,71.523712,32.919159,58.898960
2015-12-23,158.023773,104.382660,27.131868,30.480034,79.550782,82.701332,19.023630,16.842984,10.433000,0.242322,71.523712,33.475239,58.906269
2015-12-24,157.747665,104.364113,27.059008,30.351580,79.568235,82.852974,19.045088,16.794773,10.503000,0.249214,71.539404,33.416714,58.950058
2015-12-25,,,,,,,,,,0.249580,,,
2015-12-26,,,,,,,,,,0.228559,,,
2015-12-27,,,,,,,,,,0.231598,,,
2015-12-28,157.404556,104.308487,26.978868,30.177795,79.550782,82.868675,19.045088,16.794773,10.425000,0.231300,71.523712,33.292339,58.950058
2015-12-29,159.161865,105.949196,27.262997,30.238243,79.550782,82.430801,18.975519,16.786739,10.418000,0.237163,71.523712,33.585014,58.767685
2015-12-30,157.990326,104.994438,27.095440,29.807570,79.568235,82.462112,18.993450,16.794773,10.342000,0.233678,71.539404,33.314281,58.804146
2015-12-31,156.425415,103.687424,26.753012,29.762232,79.550782,82.555931,19.050817,16.790756,10.349000,0.235840,71.523712,33.006954,58.920856
2016-01-01,,,,,,,,,,0.237903,,,
2016-01-02,,,,,,,,,,0.237412,,,
2016-01-03,,,,,,,,,,0.235535,,,
2016-01-04,154.233002,101.499855,26.352301,29.006651,79.568235,82.907730,19.101017,16.883167,10.490000,0.237222,71.539404,32.436234,58.891689
2016-01-05,154.509171,101.323746,26.323156,29.074650,79.568235,82.884270,19.093847,16.830932,10.521000,0.236603,71.539404,32.377697,58.964664
2016-01-06,152.551025,100.350487,25.842295,28.553314,79.533387,83.384666,19.169149,16.838969,10.668000,0.235039,71.508072,31.828930,59.227303
2016-01-07,148.835571,97.208160,25.354166,27.691952,79.550782,83.564499,19.147633,16.879149,10.822000,0.250892,71.523712,31.170401,59.234608
2016-01-08,147.253998,96.410995,25.040876,27.427488,79.550782,83.775589,19.154810,16.810843,10.771000,0.248253,71.523712,30.804548,59.307552
2016-01-09,,,,,,,,,,0.245175,,,
2016-01-10,,,,,,,,,,0.245384,,,
2016-01-11,147.270691,96.707603,25.150158,27.397268,79.550782,83.509781,19.057989,16.919328,10.680000,0.245623,71.523712,30.870392,59.059521
2016-01-12,148.492447,97.829185,25.252163,27.419935,79.568235,83.885078,19.097437,16.935400,10.636000,0.238646,71.539404,30.943579,59.212704
2016-01-13,144.860687,94.455101,24.873304,27.125263,79.550782,84.213432,19.136869,16.855041,10.675000,0.236828,71.523712,30.519182,59.358639
2016-01-14,147.212158,96.466568,25.164730,27.472824,79.533387,84.041496,19.144045,16.951470,10.503000,0.235697,71.508072,30.928942,59.285652
2016-01-15,144.057327,93.472572,24.290457,26.339460,79.533387,84.432335,19.129705,16.979595,10.612000,0.199559,71.508072,29.736267,59.387848
2016-01-16,,,,,,,,,,0.212270,,,
2016-01-17,,,,,,,,,,0.209401,,,
2016-01-18,,,,,,,,,,0.212068,,,
2016-01-19,144.216339,93.676498,24.501738,26.777691,79.550782,84.322884,19.122528,16.943433,10.605000,0.208224,71.523712,30.087482,59.314854
2016-01-20,142.526001,93.389145,23.940744,26.211016,79.550782,84.737244,19.140467,16.911289,10.744000,0.230178,71.523712,29.348473,59.380493
2016-01-21,143.220596,93.481834,24.122881,26.331903,79.568235,84.526169,19.061583,16.895221,10.746000,0.224718,71.539404,29.597240,59.344002
2016-01-22,146.157761,96.188484,24.822309,27.155479,79.533387,84.338524,19.126123,16.806827,10.706000,0.209507,71.508072,30.482599,59.322166
2016-01-23,,,,,,,,,,0.212245,,,
2016-01-24,,,,,,,,,,0.220724,,,
2016-01-25,143.990448,94.761024,24.465302,26.717251,79.550782,84.620018,19.126123,16.814860,10.817000,0.214565,71.523712,29.970398,59.322166
2016-01-26,145.940155,95.613838,24.909731,27.072371,79.533387,84.682556,19.154810,16.786739,10.948000,0.214799,71.508072,30.548441,59.409698
2016-01-27,144.283310,93.231552,24.749453,26.959032,79.550782,84.745049,19.233688,16.754597,10.988000,0.216343,71.523712,30.402105,59.409698
2016-01-28,145.069885,94.547813,24.844166,27.359489,79.550782,84.854530,19.255211,16.746558,10.871000,0.208300,71.523712,30.599663,59.453472
2016-01-29,148.743484,96.522202,25.274023,28.213293,79.568235,85.308022,19.348440,16.605934,10.907000,0.207854,71.539404,31.206985,59.628532
2016-01-30,,,,,,,,,,0.207186,,,
2016-01-31,,,,,,,,,,0.201989,,,
2016-02-01,148.609589,96.781746,25.223013,27.971518,79.533387,85.111496,19.283895,16.654147,11.025000,0.204339,71.508072,31.075279,59.507183
2016-02-02,145.915054,94.686852,24.654741,27.132820,79.533387,85.714394,19.369947,16.742542,11.024000,0.205101,71.508072,30.365532,59.711948
2016-02-03,146.768677,94.232658,24.873304,27.827950,79.550782,85.620415,19.387886,16.802809,11.145000,0.202637,71.523712,30.753330,59.755764
2016-02-04,146.952744,94.223419,24.924311,27.994179,79.568235,85.824036,19.380703,16.847004,11.275000,0.213397,71.539404,30.899673,59.799683
2016-02-05,144.191254,90.951271,24.552740,27.691952,79.568235,85.933662,19.337677,16.883167,11.455000,0.211729,71.539404,30.482599,59.741161
2016-02-06,,,,,,,,,,0.206237,,,
2016-02-07,,,,,,,,,,0.206291,,,
2016-02-08,142.207962,89.560890,24.108311,27.336823,79.550782,86.575745,19.348440,17.003703,11.614000,0.204553,71.523712,29.941147,59.997078
2016-02-09,142.249893,89.282806,23.846033,26.959032,79.568235,86.591362,19.316162,17.084064,11.588000,0.205967,71.539404,29.531391,59.989754
2016-02-10,142.157791,89.625786,23.795027,27.072371,79.550782,86.849754,19.362782,17.184506,11.674000,0.209045,71.523712,29.524071,60.114040
2016-02-11,140.333603,89.495995,23.481741,26.649248,79.568235,87.249069,19.416557,17.280935,12.147000,0.207953,71.539404,29.070417,60.150620
2016-02-12,143.212173,90.858597,23.853319,27.042149,79.550782,86.583527,19.380703,17.192542,12.077000,0.210477,71.523712,29.553335,59.953190
2016-02-13,,,,,,,,,,0.214638,,,
2016-02-14,,,,,,,,,,0.223057,,,
2016-02-15,,,,,,,,,,0.219198,,,
2016-02-16,145.613892,92.907112,24.312309,27.601273,79.550782,86.325127,19.273125,17.124239,11.707000,0.223198,71.523712,30.167974,59.865467
2016-02-17,147.998779,95.011276,24.749453,28.145298,79.550782,86.113754,19.265965,17.043881,11.792000,0.228037,71.523712,30.753330,59.850826
2016-02-18,147.371170,93.926781,24.632881,27.971518,79.568235,86.513062,19.319740,17.160401,12.060000,0.231352,71.539404,30.621626,60.055580
2016-02-19,147.337708,94.204849,24.589170,27.858173,79.568235,86.513062,19.330498,17.160401,11.986000,0.230482,71.539404,30.511868,59.975159
2016-02-20,,,,,,,,,,0.239453,,,
2016-02-21,,,,,,,,,,0.240348,,,
2016-02-22,149.446442,95.734299,24.887878,28.530642,79.568235,86.426895,19.362782,17.116203,11.782000,0.239773,71.539404,30.855762,59.989754
2016-02-23,147.571991,94.158524,24.472591,27.948845,79.550782,86.599205,19.420155,17.184506,11.949000,0.230455,71.523712,30.394798,60.026245
2016-02-24,148.266541,95.057648,24.399742,27.903507,79.568235,86.599205,19.463179,17.180490,11.991000,0.232766,71.539404,30.321621,60.070148
2016-02-25,150.049011,95.993858,24.691166,27.994179,79.550782,86.857605,19.538469,17.216652,12.025000,0.232541,71.523712,30.636251,60.157883
2016-02-26,149.772781,95.873360,24.603739,27.714613,79.550782,86.434769,19.513382,17.144329,11.944000,0.236708,71.523712,30.548441,60.099422
2016-02-27,,,,,,,,,,0.236909,,,
2016-02-28,,,,,,,,,,0.237448,,,
2016-02-29,148.433960,95.011276,24.494448,27.941284,79.568235,86.575745,19.556406,17.172456,12.100000,0.239745,71.539404,30.438705,60.135963
2016-03-01,152.090759,98.060905,25.128305,28.938643,79.568235,85.899025,19.495445,17.124239,12.016000,0.238335,71.539404,31.302099,59.934498
2016-03-02,152.735107,98.098015,25.303169,29.301321,79.550782,85.750031,19.549240,17.120222,12.157000,0.232237,71.523712,31.602104,59.897858
2016-03-03,153.295761,97.912605,25.572733,29.588453,79.568235,85.851974,19.595846,17.067989,12.313000,0.230956,71.539404,31.938681,59.927143
2016-03-04,153.789520,97.949684,25.769445,30.177795,79.568235,85.561882,19.527714,16.979595,12.305000,0.225089,71.539404,32.275265,59.897858
2016-03-05,,,,,,,,,,0.219409,,,
2016-03-06,,,,,,,,,,0.223318,,,
2016-03-07,153.956894,97.347191,25.747589,30.109797,79.568235,85.389328,19.466761,16.959505,12.357000,0.226941,71.539404,32.231354,59.883282
2016-03-08,152.224670,96.540749,25.463448,29.633781,79.550782,85.883369,19.531303,17.023791,12.306000,0.226750,71.523712,31.785027,60.081009
2016-03-09,153.061478,97.161804,25.572733,29.792456,79.568235,85.546211,19.520538,16.951470,12.203000,0.227236,71.539404,32.011860,59.978451
2016-03-10,153.145172,97.013466,25.550875,29.860456,79.568235,85.240372,19.430901,16.891202,12.395000,0.228480,71.539404,31.953312,59.949169
2016-03-11,155.630447,98.709785,26.213869,30.510252,79.550782,84.997276,19.420155,16.822898,12.181000,0.230977,71.523712,32.772816,59.868565
2016-03-12,,,,,,,,,,0.225464,,,
2016-03-13,,,,,,,,,,0.226801,,,
2016-03-14,155.396225,98.876640,26.155584,30.291132,79.550782,85.059998,19.420155,16.802809,12.023000,0.228101,71.523712,32.597221,60.000446
2016-03-15,155.195389,98.839561,25.889954,29.860456,79.550782,85.044357,19.380703,16.859060,12.032000,0.228315,71.523712,32.239727,59.941822
2016-03-16,156.124176,99.720154,26.160713,30.449804,79.568235,85.491249,19.577923,16.851023,12.291000,0.228415,71.539404,32.680164,60.176292
2016-03-17,157.111633,99.664536,26.402203,31.099606,79.550782,85.585411,19.617359,16.798791,12.253000,0.230392,71.523712,33.032501,60.308109
2016-03-18,157.697403,99.820709,26.358292,31.197830,79.550782,85.734383,19.710587,16.818883,12.217000,0.224327,71.523712,32.981121,60.359428
2016-03-19,,,,,,,,,,0.224817,,,
2016-03-20,,,,,,,,,,0.226631,,,
2016-03-21,157.938034,100.211174,26.307062,31.318724,79.568235,85.491249,19.707001,16.810843,12.129000,0.226386,71.539404,33.017822,60.249542
2016-03-22,157.853912,100.517990,26.277792,31.243162,79.568235,85.310944,19.667564,16.774686,12.168000,0.229005,71.539404,32.951759,60.234867
2016-03-23,156.844376,99.690567,25.992409,30.714260,79.550782,85.702950,19.692667,16.838969,11.889000,0.228979,71.523712,32.526001,60.366741
2016-03-24,156.735016,99.718437,25.824097,30.653803,79.568235,85.616760,19.649630,16.822898,11.862000,0.228077,71.539404,32.349827,60.293476
2016-03-25,,,,,,,,,,0.228505,,,
2016-03-26,,,,,,,,,,0.228926,,,
2016-03-27,,,,,,,,,,0.233757,,,
2016-03-28,156.844376,99.578995,25.985088,30.767147,79.568235,85.742165,19.646051,16.746558,11.894000,0.232369,71.539404,32.562717,60.322762
2016-03-29,158.350220,101.178062,26.292439,31.144945,79.568235,86.322426,19.875532,16.762631,12.107000,0.228143,71.539404,32.900372,60.571869
2016-03-30,159.014969,101.670799,26.490007,31.492504,79.568235,86.204819,19.886282,16.758608,11.945000,0.227212,71.539404,33.230690,60.549900
2016-03-31,158.636322,101.522026,26.255836,31.447168,79.568235,86.518471,19.911377,16.822898,12.007000,0.228260,71.539404,32.973766,60.667122
2016-04-01,159.654266,102.600517,25.963129,31.386728,79.568235,86.493362,19.918560,16.863079,11.922000,0.228934,71.539404,32.643448,60.735420
2016-04-02,,,,,,,,,,0.230530,,,
2016-04-03,,,,,,,,,,0.230547,,,
2016-04-04,159.149536,102.210030,25.904594,31.054270,79.568235,86.595459,19.929323,16.818883,11.840000,0.230843,71.539404,32.503983,60.735420
2016-04-05,157.534225,101.224541,25.421633,30.472475,79.585655,86.940941,19.947260,16.911289,11.997000,0.232259,71.555066,31.938761,60.845516
2016-04-06,159.250443,102.888702,25.831408,30.865370,79.585655,86.752502,19.897047,16.915308,11.923000,0.231921,71.555066,32.430584,60.816132
2016-04-07,157.374359,101.410507,25.465527,30.276026,79.568235,87.200089,19.961590,16.891202,12.100000,0.231555,71.539404,31.931429,61.014343
2016-04-08,157.803452,101.336105,25.948503,30.759592,79.585655,87.066635,19.929323,16.927365,12.090000,0.230243,71.555066,32.584724,60.962967
2016-04-09,,,,,,,,,,0.229729,,,
2016-04-10,,,,,,,,,,0.230908,,,
2016-04-11,157.391190,100.964211,25.970451,31.129827,79.568235,87.050926,19.889872,16.947453,12.242000,0.231412,71.539404,32.643448,60.955647
2016-04-12,158.922363,101.810234,26.365602,31.605848,79.568235,86.705338,19.818153,16.979595,12.248000,0.232895,71.539404,33.186657,60.860218
2016-04-13,160.512421,103.111801,26.782717,32.127182,79.585655,86.768196,19.818153,16.979595,12.116000,0.232097,71.555066,33.678478,60.896923
2016-04-14,160.495605,103.121117,26.811977,31.991188,79.585655,86.564003,19.785892,16.963524,11.941000,0.232397,71.555066,33.641769,60.845516
2016-04-15,160.318893,102.860817,26.738802,31.824955,79.568235,86.823151,19.839676,17.035847,12.029000,0.235372,71.539404,33.561035,60.985043
2016-04-16,,,,,,,,,,0.235842,,,
2016-04-17,,,,,,,,,,0.234104,,,
2016-04-18,161.479965,103.409325,26.980286,31.976072,79.585655,86.736763,19.828911,17.067989,12.004000,0.234757,71.555066,33.817940,60.962967
2016-04-19,161.967834,102.777130,27.448618,32.467201,79.585655,86.595459,19.871943,17.124239,12.182000,0.238547,71.555066,34.434563,60.999699
2016-04-20,162.102448,102.860817,27.455944,32.293419,79.585655,86.155663,19.803820,17.132275,12.132000,0.241767,71.555066,34.361149,60.830791
2016-04-21,161.202301,102.870094,27.294947,31.960962,79.568235,86.014305,19.771544,17.084064,12.181000,0.246169,71.539404,34.140938,60.757427
2016-04-22,161.244339,101.317505,27.273003,31.794737,79.585655,85.920013,19.771544,16.903258,12.019000,0.244149,71.555066,34.118900,60.735420
2016-04-23,,,,,,,,,,0.246638,,,
2016-04-24,,,,,,,,,,0.251170,,,
2016-04-25,160.983582,101.317505,27.155918,31.620955,79.568235,85.825859,19.746443,16.959505,12.063000,0.252742,71.539404,33.950077,60.662014
2016-04-26,161.219147,100.824783,27.258366,31.908073,79.585655,85.645203,19.742855,17.011740,12.111000,0.255297,71.555066,34.089550,60.573849
2016-04-27,161.555634,100.015961,27.302265,32.074306,79.585655,86.116364,19.843256,16.983613,12.133000,0.243574,71.555066,34.192310,60.757427
2016-04-28,160.100189,98.807343,26.951017,31.787176,79.585655,86.414803,19.943666,17.168437,12.363000,0.245942,71.555066,33.795921,60.867573
2016-04-29,159.191605,98.286728,26.863211,31.658739,79.603075,86.383415,19.958004,17.256829,12.601000,0.249276,71.570729,33.685814,60.911560
2016-04-30,,,,,,,,,,0.245563,,,
2016-05-01,,,,,,,,,,0.247511,,,
2016-05-02,160.461975,99.216393,27.090059,31.583178,79.585655,86.132507,19.861191,17.176473,12.583000,0.243564,71.555066,33.906025,60.804184
2016-05-03,159.090668,98.296013,26.636362,30.767147,79.603075,86.643661,19.904215,17.067989,12.542000,0.246650,71.570729,33.223362,60.973370
2016-05-04,158.156830,97.663826,26.314377,30.321356,79.585655,86.801025,19.922150,17.003703,12.475000,0.244688,71.555066,32.841644,60.995430
2016-05-05,158.139908,97.635933,26.292439,30.313799,79.585655,87.036903,19.968763,16.935400,12.448000,0.245375,71.555066,32.797611,61.105762
2016-05-06,158.711990,98.156578,26.350977,30.366688,79.603075,86.832458,19.900631,16.967541,12.562000,0.251744,71.570729,32.885696,61.076344
2016-05-07,,,,,,,,,,0.251160,,,
2016-05-08,,,,,,,,,,0.251166,,,
2016-05-09,158.880341,98.435463,26.263155,29.943569,79.603075,86.997604,19.914967,16.790756,12.304000,0.252226,71.570729,32.709507,61.120502
2016-05-10,160.848953,99.783501,26.650993,30.540468,79.603075,86.981880,19.972355,16.919328,12.343000,0.246974,71.570729,33.245384,61.120502
2016-05-11,159.343033,98.881737,26.460737,30.472475,79.568235,87.115608,19.983105,17.055935,12.454000,0.247978,71.539404,33.025162,61.135197
2016-05-12,159.435562,98.444771,26.438782,30.381809,79.568235,86.879654,19.958004,17.047900,12.356000,0.249095,71.539404,33.025162,61.142574
2016-05-13,157.963257,98.082176,26.146067,29.860456,79.568235,87.209938,20.015375,17.011740,12.408000,0.249590,71.539404,32.577393,61.208763
2016-05-14,,,,,,,,,,0.249590,,,
2016-05-15,,,,,,,,,,0.250629,,,
2016-05-16,159.536499,99.309395,26.468054,30.185352,79.568235,86.895378,19.972355,17.096117,12.423000,0.248764,71.539404,33.054535,61.076344
2016-05-17,158.131546,98.063599,26.314377,30.064470,79.568235,86.777405,19.983105,17.164419,12.469000,0.248556,71.539404,32.804958,61.032223
2016-05-18,158.106308,98.416878,26.292439,29.830240,79.585655,86.077461,19.836092,17.124239,12.251000,0.249014,71.555066,32.753567,60.745335
2016-05-19,157.593140,97.905556,26.116806,29.588453,79.568235,86.163979,19.818153,17.035847,12.223000,0.240303,71.539404,32.503983,60.811562
2016-05-20,158.577454,98.983986,26.358292,29.860456,79.585655,86.219017,19.807407,17.067989,12.202000,0.242472,71.555066,32.768246,60.811562
2016-05-21,,,,,,,,,,0.242753,,,
2016-05-22,,,,,,,,,,0.240636,,,
2016-05-23,158.367111,98.853844,26.270470,29.792456,79.603075,86.274048,19.814571,17.072008,12.172000,0.243282,71.570729,32.650791,60.826279
2016-05-24,160.377823,100.834076,26.592459,30.087130,79.568235,86.132507,19.793058,17.072008,11.966000,0.244283,71.539404,33.091236,60.796856
2016-05-25,161.471451,101.559235,26.855888,30.381809,79.585655,86.093208,19.810982,17.160401,11.931000,0.246264,71.555066,33.436237,60.774738
2016-05-26,161.547211,101.856720,26.914429,30.555582,79.585655,86.360603,19.864771,17.156381,11.886000,0.248338,71.555066,33.516975,60.877735
2016-05-27,162.178207,102.386627,26.877840,30.555582,79.603075,86.195427,19.832504,17.132275,11.795000,0.259336,71.570729,33.443584,60.855705
2016-05-28,,,,,,,,,,0.290325,,,
2016-05-29,,,,,,,,,,0.288240,,,
2016-05-30,,,,,,,,,,0.292420,,,
2016-05-31,161.984680,102.581886,26.782717,30.578257,79.603075,86.297668,19.800236,17.031831,11.838000,0.291063,71.570729,33.355495,60.907196
2016-06-01,162.287567,102.591194,26.768076,30.585810,79.603075,86.268532,19.803820,17.080041,11.822000,0.294094,71.570729,33.362835,60.928513
2016-06-02,162.775558,102.805023,26.775393,30.820042,79.585655,86.536301,19.861191,17.120222,11.794000,0.294670,71.555066,33.428898,61.046471
2016-06-03,162.304443,102.321564,26.987606,31.250723,79.603075,87.339691,19.975931,17.152366,12.118000,0.311772,71.570729,33.729855,61.429771
2016-06-04,,,,,,,,,,0.313707,,,
2016-06-05,,,,,,,,,,0.314939,,,
2016-06-06,163.086777,102.693443,27.170553,31.500059,79.620412,87.111275,19.986685,17.144329,12.133000,0.320723,71.586316,33.979443,61.333908
2016-06-07,163.381241,102.433144,27.375443,31.794737,79.620412,87.237320,20.054819,17.256829,12.115000,0.315826,71.586316,34.265713,61.341324
2016-06-08,163.919708,102.609787,27.463255,32.021412,79.620412,87.339691,20.097837,17.333169,12.294000,0.318592,71.586316,34.390503,61.415012
2016-06-09,163.667297,102.442421,27.119324,31.666296,79.585655,87.473587,20.108593,17.309066,12.368000,0.314749,71.555066,33.935390,61.474026
2016-06-10,162.094070,101.280312,26.387562,30.925825,79.585655,87.780746,20.112190,17.232723,12.419000,0.316305,71.555066,33.025162,61.532990
2016-06-11,,,,,,,,,,0.332330,,,
2016-06-12,,,,,,,,,,0.368512,,,
2016-06-13,160.874237,100.434303,26.007042,30.495144,79.585655,87.954033,20.097837,17.240761,12.507000,0.385816,71.555066,32.555374,61.547699
2016-06-14,160.520798,100.434303,25.637611,30.404472,79.585655,87.930450,20.047644,17.200578,12.523000,0.375510,71.555066,32.166748,61.540344
2016-06-15,160.285278,100.146095,25.808235,30.676487,79.585655,88.198219,20.130127,17.156381,12.602000,0.380390,71.555066,32.419384,61.680401
2016-06-16,160.806854,100.443581,25.815651,30.600925,79.603075,88.292725,20.097837,17.096117,12.480000,0.419739,71.570729,32.389671,61.746735
2016-06-17,160.209549,99.266296,26.060450,30.646257,79.585655,87.993401,20.036896,17.256829,12.647000,0.410209,71.555066,32.634876,61.658253
2016-06-18,,,,,,,,,,0.414217,,,
2016-06-19,,,,,,,,,,0.418355,,,
2016-06-20,161.235947,99.890846,26.668747,31.152494,79.603075,87.615349,19.968763,17.256829,12.555000,0.403810,71.570729,33.385357,61.518211
2016-06-21,161.695038,100.207764,26.876463,31.401838,79.603075,87.418457,19.929323,17.124239,12.327000,0.365153,71.570729,33.608276,61.437149
2016-06-22,161.424423,99.965408,26.831951,31.433105,79.603075,87.591759,19.972355,17.104150,12.338000,0.326518,71.570729,33.600842,61.459251
2016-06-23,163.512878,101.391602,27.536690,32.180416,79.603075,87.174294,19.983105,17.055935,12.249000,0.341779,71.570729,34.485077,61.348701
2016-06-24,157.552078,97.215508,25.281532,30.296875,79.585655,88.379395,20.101437,17.128259,12.846000,0.364412,71.555066,31.817514,61.695118
2016-06-25,,,,,,,,,,0.364316,,,
2016-06-26,,,,,,,,,,0.344731,,,
2016-06-27,154.770370,95.285942,24.791924,29.946098,79.585655,89.143341,20.169559,17.128259,12.920000,0.358922,71.555066,31.245373,62.004730
2016-06-28,157.628204,97.373962,25.452148,30.830664,79.585655,89.127617,20.223351,17.112186,12.783000,0.354390,71.555066,32.025566,62.078430
2016-06-29,160.342239,99.098495,25.912088,31.562740,79.585655,88.765343,20.194660,17.124239,12.825000,0.350495,71.555066,32.657158,62.056320
2016-06-30,162.506744,100.245033,26.231071,31.905893,79.585655,88.962234,20.252035,17.080041,12.895000,0.368815,71.555066,33.050976,62.137390
2016-07-01,162.844971,100.748436,26.290413,32.142288,79.620412,89.197212,20.366777,17.184506,13.095000,0.370436,71.586316,33.140148,62.310211
2016-07-02,,,,,,,,,,0.385447,,,
2016-07-03,,,,,,,,,,0.360778,,,
2016-07-04,,,,,,,,,,0.374471,,,
2016-07-05,161.703522,100.133224,25.771139,31.532234,79.620412,89.686302,20.449244,17.063975,13.200000,0.367331,71.586316,32.568001,62.524384
2016-07-06,162.658920,100.953468,25.778551,31.410225,79.603075,89.702011,20.495859,17.108166,13.285000,0.371003,71.570729,32.501133,62.635132
2016-07-07,162.549042,101.251793,25.667282,31.364466,79.620412,89.583748,20.427731,16.979595,13.235000,0.350863,71.586316,32.367378,62.531773
2016-07-08,165.017822,102.817841,26.023365,32.005032,79.603075,89.757217,20.481516,17.051918,13.309000,0.365083,71.570729,32.924667,62.694248
2016-07-09,,,,,,,,,,0.356558,,,
2016-07-10,,,,,,,,,,0.355682,,,
2016-07-11,165.592880,103.405098,26.379446,32.264297,79.620412,89.283989,20.395460,17.011740,13.188000,0.354750,71.586316,33.325912,62.509594
2016-07-12,166.759613,103.927109,26.750360,32.737091,79.585655,88.755547,20.327328,17.003703,12.972000,0.364003,71.555066,33.786610,62.258480
2016-07-13,166.700470,103.675438,26.728106,32.660828,79.603075,88.984291,20.381115,17.007720,13.086000,0.358480,71.570729,33.779186,62.369324
2016-07-14,167.672821,104.383873,26.958065,33.110752,79.620412,88.613586,20.334503,16.903258,12.992000,0.360457,71.586316,34.068974,62.273296
2016-07-15,167.419159,104.216095,26.824537,33.042122,79.603075,88.274429,20.284306,16.927365,12.925000,0.363293,71.570729,33.927788,62.073879
2016-07-16,,,,,,,,,,0.361930,,,
2016-07-17,,,,,,,,,,0.372168,,,
2016-07-18,167.901093,104.905884,26.883881,33.301388,79.603075,88.250771,20.284306,16.871113,12.959000,0.368689,71.570729,34.046677,62.096039
2016-07-19,167.715042,104.523712,26.668747,32.973495,79.620412,88.487381,20.287889,16.895221,12.975000,0.368556,71.586316,33.734600,62.192051
2016-07-20,168.391495,105.744843,26.861626,33.148884,79.620412,88.305984,20.252035,16.818883,12.792000,0.364624,71.586316,34.002090,62.125572
2016-07-21,167.757355,105.502449,26.794857,33.072624,79.620412,88.503197,20.269964,16.851023,12.990000,0.364255,71.586316,33.972366,62.199421
2016-07-22,168.535233,105.940598,26.809696,33.301388,79.620412,88.432182,20.237696,16.834952,12.890000,0.356371,71.586316,34.024387,62.206825
2016-07-23,,,,,,,,,,0.359076,,,
2016-07-24,,,,,,,,,,0.362214,,,
2016-07-25,168.129333,105.949921,26.765198,32.988735,79.603075,88.361160,20.201828,16.746558,12.794000,0.358277,71.570729,33.912926,62.169888
2016-07-26,168.120880,106.071098,26.891300,33.217518,79.603075,88.416389,20.234106,16.774686,12.855000,0.357010,71.570729,34.054096,62.162453
2016-07-27,168.011093,106.807487,27.009991,33.324272,79.620412,88.794983,20.298649,16.770667,13.064000,0.358416,71.586316,34.217571,62.347115
2016-07-28,168.196991,107.180382,27.009991,33.331905,79.603075,88.842293,20.341679,16.762631,13.024000,0.358790,71.570729,34.210144,62.310211
2016-07-29,168.492996,107.413437,27.321554,33.530167,79.620412,89.181465,20.399048,16.851023,13.161000,0.359862,71.586316,34.544518,62.509594
2016-07-30,,,,,,,,,,0.358797,,,
2016-07-31,,,,,,,,,,0.342164,,,
2016-08-01,168.298492,107.982010,27.165777,33.453911,79.603075,88.871826,20.287889,16.726468,13.179000,0.332081,71.570729,34.381050,62.313526
2016-08-02,167.250046,107.161705,27.032246,33.263264,79.620412,88.658600,20.187483,16.750572,13.296000,0.299870,71.586316,34.247295,62.254299
2016-08-03,167.731964,107.515930,26.928385,33.370026,79.603075,88.706009,20.241270,16.762631,13.224000,0.310217,71.570729,34.187859,62.254299
2016-08-04,167.892624,107.823563,27.084167,33.560665,79.603075,88.919250,20.323746,16.822898,13.256000,0.316753,71.570729,34.373619,62.365322
2016-08-05,169.245422,108.858253,27.180611,33.926701,79.603075,88.366379,20.252035,16.786739,13.013000,0.314975,71.570729,34.529663,62.158134
2016-08-06,,,,,,,,,,0.321951,,,
2016-08-07,,,,,,,,,,0.324641,,,
2016-08-08,169.160873,108.737068,27.269630,34.140224,79.603075,88.318939,20.273537,16.754597,13.003000,0.323745,71.570729,34.655979,62.165524
2016-08-09,169.270813,108.988754,27.492182,34.391865,79.603075,88.634895,20.312994,16.730487,13.052000,0.321963,71.570729,34.923477,62.343109
2016-08-10,168.839569,108.709122,27.588614,34.376629,79.603075,88.871826,20.327328,16.714414,13.110000,0.324320,71.570729,34.990360,62.424488
2016-08-11,169.668213,109.175194,27.796335,34.788403,79.603075,88.445358,20.277124,16.674236,13.015000,0.322686,71.570729,35.272724,62.261700
2016-08-12,169.499115,109.249763,27.722143,34.674026,79.603075,88.761292,20.334503,16.690309,12.999000,0.321831,71.570729,35.146389,62.402306
2016-08-13,,,,,,,,,,0.320751,,,
2016-08-14,,,,,,,,,,0.312472,,,
2016-08-15,169.989487,109.715843,27.840837,35.024796,79.603075,88.500610,20.280722,16.630041,13.046000,0.310701,71.570729,35.361881,62.298729
2016-08-16,169.110123,109.109917,27.774075,34.834152,79.603075,88.350578,20.241270,16.642095,13.111000,0.316288,71.570729,35.235558,62.269119
2016-08-17,169.389206,109.305733,27.774075,34.666389,79.603075,88.492767,20.295065,16.613968,13.105000,0.313975,71.570729,35.235558,62.365322
2016-08-18,169.795044,109.333664,27.915026,34.963799,79.620412,88.650703,20.348850,16.622004,13.171000,0.314578,71.586316,35.421326,62.431915
2016-08-19,169.558243,109.305733,27.707314,34.765530,79.603075,88.350578,20.302242,16.553701,13.048000,0.315297,71.570729,35.183544,62.306099
2016-08-20,,,,,,,,,,0.318620,,,
2016-08-21,,,,,,,,,,0.318407,,,
2016-08-22,169.541412,109.389595,27.729568,34.292736,79.603075,88.548042,20.352425,16.573789,13.013000,0.321389,71.570729,35.138958,62.394928
2016-08-23,169.854202,109.585365,27.848257,34.170727,79.603075,88.540131,20.377537,16.613968,13.032000,0.319561,71.570729,35.242989,62.424488
2016-08-24,169.034027,108.876930,27.766645,34.262234,79.620412,88.508530,20.356022,16.585841,12.889000,0.317790,71.586316,35.161251,62.417130
2016-08-25,168.898758,108.699768,27.677649,34.277485,79.603075,88.366379,20.338089,16.622004,12.869000,0.316464,71.570729,35.094387,62.350506
2016-08-26,168.577499,108.858253,27.484762,34.025837,79.603075,88.026733,20.255627,16.545664,12.862000,0.317499,71.570729,34.841732,62.195126
2016-08-27,,,,,,,,,,0.312184,,,
2016-08-28,,,,,,,,,,0.314356,,,
2016-08-29,169.431458,109.007416,27.588614,34.262234,79.620412,88.390060,20.309412,16.593877,12.876000,0.314463,71.586316,34.975479,62.409744
2016-08-30,169.110123,108.653206,27.529266,34.224102,79.620412,88.382164,20.316578,16.549681,12.747000,0.316323,71.586316,34.878895,62.357883
2016-08-31,168.695831,108.541321,27.432831,33.865700,79.620412,88.279442,20.312994,16.493432,12.737000,0.315210,71.586316,34.700565,62.313526
2016-09-01,168.661987,108.820984,27.662804,34.132595,79.620412,88.417862,20.320164,16.569773,12.780000,0.313474,71.586316,34.923477,62.399536
2016-09-02,169.414505,109.175194,27.944698,34.590134,79.637932,88.188538,20.309412,16.666198,12.902000,0.315246,71.602068,35.324726,62.310562
2016-09-03,,,,,,,,,,0.327666,,,
2016-09-04,,,,,,,,,,0.333375,,,
2016-09-05,,,,,,,,,,0.332255,,,
2016-09-06,169.947250,109.855698,28.211752,35.299328,79.637932,88.599800,20.409800,16.806827,13.129000,0.334362,71.602068,35.688824,62.495960
2016-09-07,169.938797,109.920929,28.211752,35.245956,79.620412,88.647270,20.434906,16.778700,13.094000,0.336612,71.586316,35.733406,62.503300
2016-09-08,169.541412,109.277748,28.152418,35.116314,79.620412,88.212234,20.370361,16.762631,13.015000,0.343060,71.586316,35.681393,62.266029
2016-09-09,165.449173,106.527863,27.558945,34.010586,79.637932,87.793076,20.226929,16.738524,12.934000,0.341167,71.602068,34.886322,61.991699
2016-09-10,,,,,,,,,,0.341522,,,
2016-09-11,,,,,,,,,,0.332326,,,
2016-09-12,167.816528,108.438805,27.774075,34.292736,79.603075,87.872162,20.241270,16.674236,12.916000,0.333160,71.570729,35.176117,62.013943
2016-09-13,165.424042,107.469322,27.189001,33.438656,79.620412,87.547867,20.148041,16.654147,12.829000,0.333707,71.586316,34.312145,61.836056
2016-09-14,165.322189,107.982010,27.174089,33.568291,79.620412,87.745613,20.173141,16.690309,12.874000,0.334497,71.586316,34.342041,61.917561
2016-09-15,167.020737,109.659920,27.412588,34.140224,79.620412,87.769333,20.169559,16.666198,12.796000,0.332564,71.586316,34.678356,61.969501
2016-09-16,166.366806,109.607590,27.077215,33.934326,79.620412,87.864243,20.216173,16.650128,12.755000,0.332465,71.586316,34.312145,62.021397
2016-09-17,,,,,,,,,,0.331923,,,
2016-09-18,,,,,,,,,,0.334054,,,
2016-09-19,166.417770,109.130989,27.256084,34.163097,79.620412,87.713943,20.183899,16.730487,12.777000,0.333699,71.586316,34.543831,61.976891
2016-09-20,166.434753,109.336586,27.375324,34.178352,79.620412,87.848404,20.187483,16.802809,12.787000,0.333198,71.586316,34.648472,61.991699
2016-09-21,168.303177,110.411255,27.897041,35.116314,79.620412,87.990768,20.269964,16.883167,12.981000,0.327084,71.586316,35.328575,62.169659
2016-09-22,169.313843,111.289673,28.172817,35.306953,79.637932,88.251762,20.377537,16.891202,13.010000,0.326618,71.602068,35.679859,62.295750
2016-09-23,168.405045,110.579475,27.904509,34.849411,79.637932,88.291336,20.424149,16.838969,13.015000,0.330202,71.602068,35.306164,62.280907
2016-09-24,,,,,,,,,,0.330083,,,
2016-09-25,,,,,,,,,,0.329098,,,
2016-09-26,167.063202,109.654327,27.658548,34.407124,79.637932,88.544434,20.431314,16.830932,13.005000,0.333051,71.602068,34.977318,62.384682
2016-09-27,168.082367,110.738358,27.792709,34.895157,79.620412,88.694717,20.445660,16.895221,12.913000,0.332023,71.586316,35.194061,62.458836
2016-09-28,168.991104,110.925224,28.038664,35.200195,79.620412,88.655167,20.463593,16.863079,12.877000,0.331235,71.586316,35.500477,62.458836
2016-09-29,167.402954,110.121567,27.695814,34.590134,79.620412,88.710510,20.459999,16.863079,12.863000,0.331764,71.586316,35.096889,62.466259
2016-09-30,168.744797,110.943909,27.882147,34.780777,79.637932,88.489090,20.467184,16.903258,12.818000,0.333978,71.602068,35.283733,62.384682
2016-10-01,,,,,,,,,,0.336304,,,
2016-10-02,,,,,,,,,,0.334611,,,
2016-10-03,168.209793,110.785080,27.829973,34.986675,79.620412,88.283157,20.448490,16.895221,12.784000,0.335291,71.586316,35.261311,62.318554
2016-10-04,167.428452,110.616852,27.747992,34.628269,79.637932,87.879265,20.344336,16.847004,12.352000,0.334234,71.602068,35.134254,62.110542
2016-10-05,168.124878,111.009331,27.897041,35.146812,79.637932,87.681221,20.329966,16.794773,12.325000,0.335498,71.602068,35.388371,62.006557
2016-10-06,168.320206,110.953285,27.747992,35.123943,79.637932,87.499092,20.322779,16.774686,12.199000,0.335777,71.602068,35.238899,61.984291
2016-10-07,167.700211,110.710312,27.569122,34.963799,79.637932,87.625793,20.329966,16.786739,12.216000,0.338023,71.602068,35.014679,62.036243
2016-10-08,,,,,,,,,,0.339112,,,
2016-10-09,,,,,,,,,,0.337821,,,
2016-10-10,168.473038,111.411186,27.680910,35.276447,79.637932,87.396103,20.304819,16.899238,12.256000,0.339049,71.602068,35.171638,61.969433
2016-10-11,166.426254,109.822525,27.278442,34.491005,79.620412,87.372391,20.286861,16.919328,12.200000,0.351142,71.586316,34.618568,61.872849
2016-10-12,166.638535,109.729088,27.241179,34.460499,79.637932,87.372391,20.279676,16.943433,12.208000,0.348469,71.602068,34.573730,61.909988
2016-10-13,166.103592,109.336586,27.166643,34.163097,79.620412,87.554512,20.315594,16.951470,12.245000,0.348795,71.586316,34.431732,61.984291
2016-10-14,166.146042,109.467392,27.189001,34.193596,79.620412,87.285248,20.286861,17.011740,12.176000,0.350762,71.586316,34.491524,61.858002
2016-10-15,,,,,,,,,,0.349813,,,
2016-10-16,,,,,,,,,,0.351448,,,
2016-10-17,165.653412,109.168373,27.144279,34.163097,79.620412,87.475319,20.376654,17.043881,12.208000,0.350113,71.586316,34.424255,61.991707
2016-10-18,166.630112,110.140251,27.434952,34.788403,79.620412,87.649574,20.391024,17.051918,12.287000,0.349438,71.586316,34.835308,62.073425
2016-10-19,167.088715,110.130936,27.531857,34.963799,79.637932,87.689178,20.416168,17.096117,12.343000,0.345362,71.602068,34.954887,62.118019
2016-10-20,166.816940,110.000092,27.531857,34.864666,79.620412,87.609978,20.398201,17.027810,12.319000,0.345547,71.586316,34.939953,62.080883
2016-10-21,166.859375,110.411255,27.472227,34.841789,79.620412,87.704979,20.408981,16.995666,12.324000,0.346627,71.586316,34.895092,62.132854
2016-10-22,,,,,,,,,,0.360028,,,
2016-10-23,,,,,,,,,,0.359906,,,
2016-10-24,167.538834,111.738243,27.434952,35.001926,79.620412,87.586205,20.376654,16.931382,12.303000,0.358092,71.586316,34.932491,62.043705
2016-10-25,167.063202,111.383148,27.412588,35.001926,79.620412,87.570366,20.408981,16.895221,12.391000,0.360189,71.586316,34.895092,62.043705
2016-10-26,166.689514,110.626167,27.278442,34.651138,79.637932,87.380257,20.405396,16.879149,12.323000,0.371536,71.602068,34.700794,61.932278
2016-10-27,166.247864,110.121567,27.248629,34.368996,79.620412,87.079353,20.315594,16.875131,12.344000,0.377018,71.586316,34.618568,61.761425
2016-10-28,165.721375,109.430069,27.233725,34.231728,79.637932,87.095169,20.319183,16.790756,12.400000,0.377751,71.602068,34.581203,61.731693
2016-10-29,,,,,,,,,,0.391350,,,
2016-10-30,,,,,,,,,,0.384441,,,
2016-10-31,165.721375,109.327248,27.211361,34.422375,79.655285,87.166481,20.344336,16.750572,12.434000,0.383952,71.617670,34.611107,61.798553
2016-11-01,164.566315,108.504883,27.136833,34.132595,79.637932,87.169624,20.369169,16.746558,12.518000,0.399738,71.602068,34.476570,61.778492
2016-11-02,163.479263,107.635796,26.935595,33.743687,79.655285,87.431366,20.376366,16.722450,12.608000,0.405783,71.617670,34.185101,61.838028
2016-11-03,162.842316,106.579834,26.920687,33.644547,79.637932,87.375847,20.318771,16.722450,12.672000,0.377230,71.602068,34.155190,61.800812
2016-11-04,162.621429,106.205994,26.697098,33.316643,79.655285,87.645477,20.369169,16.670219,12.688000,0.385191,71.617670,33.826347,61.912437
2016-11-05,,,,,,,,,,0.385292,,,
2016-11-06,,,,,,,,,,0.389731,,,
2016-11-07,166.188492,108.729156,27.062298,34.445251,79.637932,87.280670,20.358366,16.698344,12.461000,0.385135,71.602068,34.469090,61.830608
2016-11-08,166.952850,109.439377,27.129385,34.666389,79.655285,86.971359,20.325974,16.674236,12.410000,0.388814,71.617670,34.581203,61.718933
2016-11-09,168.736359,109.944008,27.084667,33.606422,79.620412,85.646843,20.192791,16.613968,12.403000,0.396167,71.586316,34.349506,61.108612
2016-11-10,169.127014,108.168480,26.995228,32.698971,79.620412,85.131363,20.142405,16.553701,12.219000,0.391928,71.586316,34.125301,60.848106
2016-11-11,168.812790,108.215179,26.779085,32.081284,79.585655,84.956902,20.099216,16.409056,11.940000,0.392409,71.555066,33.774029,60.736443
2016-11-12,,,,,,,,,,0.386188,,,
2016-11-13,,,,,,,,,,0.384532,,,
2016-11-14,168.838226,107.121796,26.659834,31.822021,79.620412,84.465157,19.937239,16.437182,11.850000,0.386170,71.586316,33.564770,60.505730
2016-11-15,170.205597,108.607666,26.823809,32.493073,79.637932,84.465157,19.948034,16.549681,11.940000,0.389784,71.602068,33.893616,60.587627
2016-11-16,169.916855,109.252480,26.577848,32.241428,79.637932,84.544456,19.991226,16.505484,11.910000,0.407629,71.602068,33.542343,60.714111
2016-11-17,170.723648,110.046806,26.756720,32.287178,79.655285,84.171738,19.962435,16.465307,11.843000,0.405864,71.617670,33.751621,60.468502
2016-11-18,170.417923,109.635620,26.518227,32.165161,79.637932,83.798973,19.919239,16.469326,11.749000,0.411675,71.602068,33.467609,60.319599
2016-11-19,,,,,,,,,,0.411692,,,
2016-11-20,,,,,,,,,,0.400414,,,
2016-11-21,171.674805,110.775719,26.749273,32.439697,79.620412,83.870300,19.955244,16.533610,11.786000,0.404917,71.586316,33.766563,60.312180
2016-11-22,171.989105,111.112160,26.831251,32.843853,79.620412,83.949654,19.976826,16.549681,11.785000,0.411544,71.586316,33.930988,60.364273
2016-11-23,172.141953,110.663559,26.734365,32.523582,79.620412,83.648254,19.922834,16.493432,11.549000,0.407846,71.586316,33.774029,60.207989
2016-11-24,,,,,,,,,,0.405488,,,
2016-11-25,172.829880,111.018684,26.786537,32.660828,79.637932,83.576843,19.901247,16.384949,11.486000,0.406232,71.602068,33.908554,60.230305
2016-11-26,,,,,,,,,,0.402800,,,
2016-11-27,,,,,,,,,,0.400966,,,
2016-11-28,172.014557,110.766365,26.689640,32.836224,79.620412,83.957588,19.897644,16.497450,11.601000,0.403036,71.586316,33.781490,60.371758
2016-11-29,172.286377,111.149529,26.838711,32.889614,79.620412,84.044830,19.940844,16.433165,11.555000,0.402921,71.586316,33.945927,60.416359
2016-11-30,171.895630,109.803856,26.801435,32.996368,79.620412,83.481705,19.937239,16.529592,11.406000,0.408446,71.586316,33.916031,60.207989
2016-12-01,171.224701,107.906784,26.734365,32.615086,79.657040,83.163246,19.902235,16.577809,11.378000,0.414517,71.619249,33.826347,59.984230
2016-12-02,171.343658,108.121727,26.808901,32.576958,79.639645,83.536484,19.887804,16.553701,11.432000,0.426113,71.603609,33.916031,60.200516
2016-12-03,,,,,,,,,,0.422394,,,
2016-12-04,,,,,,,,,,0.423882,,,
2016-12-05,172.328812,108.962784,27.017586,32.828602,79.639645,83.504745,19.938322,16.581822,11.363000,0.415572,71.603609,34.185101,60.275074
2016-12-06,172.931808,109.224434,27.203907,32.981113,79.657040,83.536484,19.963577,16.638075,11.361000,0.418598,71.619249,34.364468,60.267593
2016-12-07,175.122925,110.607513,27.561659,33.499657,79.657040,83.814484,19.999657,16.565753,11.400000,0.420738,71.619249,34.857731,60.409328
2016-12-08,175.581543,110.803764,27.584023,33.629299,79.657040,83.496788,19.963577,16.686289,11.379000,0.422205,71.619249,34.880154,60.290020
2016-12-09,176.651672,111.672836,27.666006,33.492039,79.657040,83.067917,19.873377,16.750572,11.257000,0.423292,71.619249,34.984783,60.111015
2016-12-10,,,,,,,,,,0.424309,,,
2016-12-11,,,,,,,,,,0.421614,,,
2016-12-12,176.456299,111.168221,27.576572,33.263264,79.639645,83.083817,19.887804,16.589860,11.297000,0.427287,71.603609,34.782990,60.043900
2016-12-13,177.662354,112.569969,27.867237,33.621674,79.657040,83.131447,19.858934,16.593877,11.261000,0.427543,71.619249,35.126789,60.111015
2016-12-14,176.193085,112.336327,27.412588,32.676083,79.657040,82.440460,19.700186,16.642095,11.100000,0.428050,71.619249,34.491524,59.805229
2016-12-15,176.847015,112.513870,27.367876,32.782852,79.657040,82.210159,19.577509,16.678254,10.951000,0.426192,71.619249,34.469090,59.715729
2016-12-16,176.541275,112.096802,27.375324,32.645592,79.639645,82.313431,19.563076,16.622004,11.013000,0.429927,71.603609,34.401817,59.767975
2016-12-17,,,,,,,,,,0.433170,,,
2016-12-18,,,,,,,,,,0.433007,,,
2016-12-19,176.940414,112.556061,27.352970,32.424435,79.657040,82.694595,19.649672,16.541646,11.073000,0.434203,71.619249,34.364468,59.924564
2016-12-20,177.619858,112.987221,27.412588,32.493073,79.639645,82.519882,19.678539,16.529592,10.994000,0.438674,71.603609,34.469990,59.932049
2016-12-21,177.135757,112.902847,27.412588,32.366268,79.657040,82.654968,19.714617,16.597896,10.997000,0.456971,71.619249,34.417221,60.021511
2016-12-22,176.910172,112.584190,27.337454,32.026054,79.639645,82.619110,19.783180,16.581822,10.968000,0.473545,71.603609,34.251392,59.980392
2016-12-23,177.063965,112.659157,27.397560,32.180698,79.639645,82.698662,19.819260,16.613968,11.003000,0.505010,71.603609,34.349388,60.010292
2016-12-24,,,,,,,,,,0.492323,,,
2016-12-25,,,,,,,,,,0.490877,,,
2016-12-26,,,,,,,,,,0.497136,,,
2016-12-27,177.499863,113.240242,27.359995,32.288952,79.657040,82.579353,19.808426,16.698344,11.071000,0.511152,71.619249,34.356930,59.965424
2016-12-28,176.098251,112.359230,27.307402,32.497711,79.655293,82.881660,19.844051,16.690309,11.099000,0.534553,71.617678,34.334312,60.115021
2016-12-29,176.064133,112.199913,27.405077,33.008022,79.672763,83.136208,19.851328,16.698344,11.241000,0.533225,71.633385,34.522755,60.279461
2016-12-30,175.457336,111.047066,27.457685,32.822468,79.637907,83.382805,19.934931,16.658165,11.176000,0.526511,71.602046,34.583069,60.406609
2016-12-31,,,,,,,,,,0.527883,,,
2017-01-01,,,,,,,,,,0.546825,,,
2017-01-02,,,,,,,,,,0.559656,,,
2017-01-03,176.679367,112.040565,27.630518,33.178127,79.672763,83.342995,19.982185,16.477363,11.261000,0.571755,71.633385,34.831814,60.414055
2017-01-04,177.722031,112.649796,27.968668,33.471954,79.672763,83.438469,20.003990,16.457270,11.305000,0.632494,71.633385,35.216225,60.458923
2017-01-05,177.585281,113.287155,28.216644,33.858547,79.655293,83.979431,20.073067,16.392985,11.477000,0.555071,71.617678,35.480049,60.765453
2017-01-06,178.277527,114.280655,28.103930,33.703903,79.672763,83.597603,20.003990,16.425127,11.399000,0.494174,71.633385,35.404667,60.526196
2017-01-07,,,,,,,,,,0.497670,,,
2017-01-08,,,,,,,,,,0.499102,,,
2017-01-09,177.713486,114.655533,28.036306,33.626587,79.672763,83.915764,20.040342,16.320664,11.488000,0.494517,71.633385,35.336826,60.675743
2017-01-10,177.687836,114.908592,28.066360,33.858547,79.655293,83.876007,20.051247,16.360841,11.534000,0.497174,71.617678,35.397144,60.660789
2017-01-11,178.192047,115.217918,28.261732,34.191029,79.672763,83.971397,20.083965,16.388967,11.576000,0.426010,71.633385,35.660950,60.690697
2017-01-12,177.798950,115.039810,28.284275,34.353397,79.672763,84.019180,20.116688,16.429142,11.622000,0.440842,71.633385,35.713722,60.705708
2017-01-13,178.149338,115.433472,28.389465,34.345665,79.672763,83.836235,20.080336,16.433165,11.642000,0.451331,71.633385,35.819248,60.608456
2017-01-14,,,,,,,,,,0.448279,,,
2017-01-15,,,,,,,,,,0.450133,,,
2017-01-16,,,,,,,,,,0.455466,,,
2017-01-17,177.516937,115.086678,28.314329,34.337936,79.672763,84.257805,20.149401,16.316645,11.811000,0.497316,71.633385,35.728790,60.795403
2017-01-18,177.892960,115.320984,28.186577,34.183289,79.655293,83.661224,20.043983,16.316645,11.711000,0.485638,71.617678,35.540340,60.481373
2017-01-19,177.294754,115.264778,28.133986,34.044109,79.655293,83.342995,20.040342,16.340752,11.711000,0.492460,71.617678,35.510193,60.376621
2017-01-20,177.867386,115.517838,28.269245,34.160091,79.672763,83.382805,20.054888,16.340752,11.733000,0.490244,71.633385,35.653404,60.421516
2017-01-21,,,,,,,,,,0.504903,,,
2017-01-22,,,,,,,,,,0.506482,,,
2017-01-23,177.457062,115.611542,28.329359,34.670406,79.655293,83.820343,20.116688,16.312628,11.807000,0.504477,71.617678,35.819248,60.586037
2017-01-24,178.585159,116.389503,28.449587,34.871445,79.655293,83.502121,20.083965,16.348788,11.749000,0.488962,71.617678,35.962460,60.496319
2017-01-25,180.072189,117.561043,28.727625,35.196186,79.672763,83.088463,20.018538,16.324680,11.659000,0.493813,71.633385,36.339336,60.316833
2017-01-26,179.935440,117.682892,28.637438,35.049286,79.690192,83.199890,20.058523,16.392985,11.555000,0.502601,71.649055,36.226284,60.339321
2017-01-27,179.679062,117.907860,28.569822,35.041550,79.655293,83.303230,20.069420,16.376911,11.574000,0.503786,71.617678,36.143364,60.406609
2017-01-28,,,,,,,,,,0.504794,,,
2017-01-29,,,,,,,,,,0.503647,,,
2017-01-30,178.593643,116.989304,28.366924,34.894642,79.690192,83.279388,20.058523,16.288518,11.623000,0.504132,71.649055,35.909691,60.391617
2017-01-31,178.585159,116.755020,28.464619,34.979694,79.672763,83.565742,20.109423,16.240302,11.775000,0.531531,71.633385,35.992603,60.518757
2017-02-01,178.610794,117.561043,28.562296,35.026089,79.677963,83.405594,20.051247,16.300574,11.748000,0.541730,71.638060,36.113224,60.412315
2017-02-02,178.687744,117.457970,28.607391,35.180721,79.677963,83.437462,20.065788,16.320664,11.813000,0.554206,71.638060,36.158447,60.449776
2017-02-03,180.012375,117.795387,28.727625,35.397217,79.660493,83.501205,20.047621,16.284500,11.840000,0.564125,71.622353,36.324265,60.464821
2017-02-04,,,,,,,,,,0.571240,,,
2017-02-05,,,,,,,,,,0.562717,,,
2017-02-06,179.636307,117.935997,28.517229,35.335369,79.695408,83.899551,20.102144,16.284500,11.997000,0.568639,71.653744,36.113224,60.652107
2017-02-07,179.679062,118.367096,28.494673,35.165264,79.695408,84.050919,20.102144,16.252358,11.977000,0.581346,71.653744,36.075527,60.749531
2017-02-08,179.909775,118.563942,28.539762,35.412689,79.695408,84.393517,20.153044,16.260392,12.051000,0.582288,71.653744,36.188599,60.914349
2017-02-09,180.935318,118.995087,28.644966,35.559597,79.695408,83.891617,20.105780,16.352804,11.960000,0.544666,71.653744,36.286572,60.749531
2017-02-10,181.661728,119.388695,28.750160,35.822483,79.677963,83.835838,20.120314,16.388967,11.980000,0.541538,71.638060,36.482563,60.734512
2017-02-11,,,,,,,,,,0.550180,,,
2017-02-12,,,,,,,,,,0.547294,,,
2017-02-13,182.627365,120.063560,28.855366,35.969391,79.677963,83.708344,20.098513,16.388967,11.911000,0.542616,71.638060,36.625782,60.667091
2017-02-14,183.387985,120.466583,28.840336,35.984859,79.695408,83.405594,20.036713,16.384949,11.928000,0.550234,71.653744,36.595627,60.539734
2017-02-15,184.319489,121.178902,28.945524,36.286411,79.677963,83.246300,20.069420,16.344769,11.978000,0.551839,71.638060,36.799137,60.442291
2017-02-16,184.174255,121.141411,29.005650,36.147228,79.677963,83.580894,20.073067,16.268430,12.042000,0.562772,71.638060,36.829296,60.554684
2017-02-17,184.456253,121.666275,28.907965,36.000317,79.695408,83.803955,20.109423,16.256375,12.003000,0.573053,71.653744,36.671013,60.697071
2017-02-18,,,,,,,,,,0.577550,,,
2017-02-19,,,,,,,,,,0.573963,,,
2017-02-20,,,,,,,,,,0.591551,,,
2017-02-21,185.541595,122.266136,29.035709,36.379196,79.677963,83.764122,20.113052,16.260392,12.009000,0.610897,71.638060,36.882053,60.689560
2017-02-22,185.456146,122.312996,29.013174,36.471970,79.677963,83.899551,20.149401,16.232269,12.030000,0.612069,71.638060,36.889580,60.727001
2017-02-23,185.558716,121.853699,29.065775,36.510635,79.677963,84.122635,20.189392,16.216197,12.131000,0.639062,71.638060,36.927299,60.839409
2017-02-24,185.780869,122.088043,28.817793,36.124031,79.677963,84.512993,20.251183,16.224233,12.206000,0.642874,71.638060,36.633312,61.064190
2017-02-25,,,,,,,,,,0.626529,,,
2017-02-26,,,,,,,,,,0.638229,,,
2017-02-27,186.054337,122.237991,28.832819,35.977123,79.677963,84.210274,20.196657,16.236287,12.156000,0.646319,71.638060,36.603157,60.936836
2017-02-28,185.507416,121.863121,28.765192,35.691048,79.712819,84.170471,20.182117,16.276466,12.160000,0.646319,71.669399,36.475025,60.891834
2017-03-01,188.139511,123.194016,29.043230,36.216820,79.681415,83.584068,20.073067,16.264413,12.141000,0.669615,71.641164,36.897141,60.642624
2017-03-02,187.037125,122.575424,28.862875,35.605988,79.681415,83.344742,20.011255,16.143875,11.999000,0.685231,71.641164,36.580555,60.530006
2017-03-03,187.139694,122.800385,29.005650,35.861145,79.698893,83.424545,20.069420,16.192090,11.990000,0.698366,71.656878,36.761471,60.575073
2017-03-04,,,,,,,,,,0.687499,,,
2017-03-05,,,,,,,,,,0.694055,,,
2017-03-06,186.558578,122.528549,28.907965,35.868870,79.716330,83.408539,20.040342,16.216197,11.911000,0.697183,71.672556,36.671013,60.537529
2017-03-07,185.994507,122.322380,28.832819,35.930733,79.681415,83.288895,20.014898,16.192090,11.811000,0.670185,71.641164,36.588097,60.424900
2017-03-08,185.601425,122.537926,28.682531,35.613724,79.681415,83.009659,19.913107,16.079589,11.740000,0.629904,71.641164,36.369507,60.282272
2017-03-09,185.797974,122.631645,28.802769,35.319897,79.681415,82.778267,19.869492,16.019320,11.675000,0.650986,71.641164,36.414726,60.094620
2017-03-10,186.447464,123.147141,29.028198,35.683308,79.698893,82.953796,19.887672,15.934943,11.698000,0.611675,71.656878,36.753922,60.214737
2017-03-11,,,,,,,,,,0.644052,,,
2017-03-12,,,,,,,,,,0.669001,,,
2017-03-13,186.558578,123.353371,29.163465,36.154961,79.681415,82.746391,19.862226,15.906821,11.698000,0.674775,71.641164,36.957428,60.094620
2017-03-14,185.926102,123.053413,28.945524,35.969391,79.681415,82.834167,19.851328,15.882711,11.644000,0.679200,71.641164,36.701160,60.087105
2017-03-15,187.472946,123.812576,29.396406,36.874039,79.698893,83.560135,20.022175,15.926909,11.850000,0.684464,71.656878,37.296627,60.462471
2017-03-16,187.156769,123.728249,29.516636,37.082806,79.716330,83.328789,20.003990,15.926909,11.909000,0.650614,71.672556,37.515221,60.372353
2017-03-17,186.780777,123.685081,29.561726,37.075073,79.716330,83.552185,20.040342,15.967089,11.940000,0.602642,71.672556,37.507687,60.492485
2017-03-18,,,,,,,,,,0.533401,,,
2017-03-19,,,,,,,,,,0.567866,,,
2017-03-20,186.618317,123.797760,29.546686,37.484875,79.698893,83.751617,20.076696,15.882711,11.990000,0.577446,71.656878,37.583065,60.612625
2017-03-21,184.234039,121.919319,29.373857,37.028679,79.716330,84.030838,20.098513,15.802354,12.090000,0.613767,71.672556,37.319244,60.755268
2017-03-22,184.610123,122.745842,29.411427,37.229717,79.716330,84.190399,20.127588,15.834497,12.119000,0.574658,71.672556,37.387093,60.837814
2017-03-23,184.421188,122.435883,29.494089,37.252911,79.698893,84.102638,20.113052,15.798337,12.111000,0.568880,71.656878,37.470001,60.807789
2017-03-24,184.361145,122.689453,29.569527,37.337967,79.716330,84.150513,20.138494,15.850568,12.118000,0.513519,71.672556,37.606113,60.792786
2017-03-25,,,,,,,,,,0.532832,,,
2017-03-26,,,,,,,,,,0.529516,,,
2017-03-27,184.060608,122.886688,29.637417,37.245178,79.716330,84.357925,20.196657,15.806373,12.188000,0.572812,71.672556,37.659054,60.920383
2017-03-28,185.425766,123.638092,29.773191,37.307034,79.716330,84.070702,20.134857,15.874676,12.144000,0.573568,71.672556,37.780041,60.807789
2017-03-29,185.700500,124.211006,29.803370,37.399811,79.716330,84.310066,20.196657,15.955035,12.169000,0.569635,71.672556,37.825420,60.927902
2017-03-30,186.198502,124.417648,29.690220,37.198780,79.716330,84.070702,20.134857,15.995212,12.085000,0.562219,71.672556,37.674175,60.830284
2017-03-31,185.751999,124.333107,29.644955,36.951355,79.698893,84.238258,20.185753,15.991196,12.109000,0.587065,71.656878,37.568306,60.867844
2017-04-01,,,,,,,,,,0.591835,,,
2017-04-02,,,,,,,,,,0.603705,,,
2017-04-03,185.520172,124.257988,29.614788,37.191048,79.705806,84.652946,20.261805,15.955035,12.167000,0.626513,71.663094,37.560741,61.088982
2017-04-04,185.623169,124.455200,29.599693,37.221973,79.705806,84.533127,20.207224,15.959053,12.196000,0.620729,71.663094,37.591000,61.021317
2017-04-05,185.056595,123.948067,29.441290,37.090534,79.705806,84.692856,20.269083,15.971107,12.198000,0.616089,71.663094,37.424644,61.074001
2017-04-06,185.537384,124.013786,29.463923,37.059612,79.705806,84.636925,20.250891,15.999233,12.155000,0.647804,71.663094,37.424644,61.096539
2017-04-07,185.374268,123.948067,29.426199,37.005482,79.705806,84.381287,20.167183,16.023339,12.179000,0.644638,71.663094,37.386814,60.961098
2017-04-08,,,,,,,,,,0.644117,,,
2017-04-09,,,,,,,,,,0.650647,,,
2017-04-10,185.503036,123.994972,29.426199,36.827656,79.705806,84.533127,20.192657,16.043431,12.182000,0.650241,71.663094,37.356571,61.021317
2017-04-11,185.271164,123.459656,29.546892,36.781261,79.723293,84.924591,20.229061,16.067534,12.356000,0.660035,71.678816,37.462444,61.216930
2017-04-12,184.507065,122.961906,29.524260,36.951355,79.705806,85.188286,20.305475,16.019320,12.440000,0.657493,71.663094,37.469997,61.359859
2017-04-13,183.279282,122.473442,29.335678,36.835381,79.723293,85.443954,20.334583,16.079589,12.501000,0.640464,71.678816,37.258266,61.450134
2017-04-14,,,,,,,,,,0.639511,,,
2017-04-15,,,,,,,,,,0.642239,,,
2017-04-16,,,,,,,,,,0.647946,,,
2017-04-17,184.884872,123.487801,29.577082,37.152386,79.723293,85.308090,20.283644,16.135843,12.459000,0.653955,71.678816,37.560741,61.412544
2017-04-18,184.378265,123.299980,29.403574,36.719398,79.740755,85.795502,20.345505,16.059497,12.528000,0.663683,71.694516,37.303627,61.630703
2017-04-19,183.974747,123.497215,29.267796,36.518364,79.740755,85.571793,20.287283,16.071553,12.416000,0.662927,71.694516,37.137268,61.517860
2017-04-20,185.477280,124.530357,29.531815,36.959091,79.740755,85.380020,20.269083,16.071553,12.443000,0.673219,71.694516,37.477558,61.435089
2017-04-21,184.936371,124.502151,29.546892,36.959091,79.740755,85.419960,20.250891,16.051463,12.476000,0.669368,71.694516,37.462444,61.450134
2017-04-22,,,,,,,,,,0.674660,,,
2017-04-23,,,,,,,,,,0.661240,,,
2017-04-24,186.911072,126.004890,30.195610,37.407551,79.723293,85.244179,20.250891,15.995212,12.394000,0.684760,71.678816,38.256458,61.367386
2017-04-25,188.035812,126.915932,30.391739,37.770950,79.723293,84.804726,20.210869,15.995212,12.269000,0.693162,71.678816,38.483311,61.179295
2017-04-26,187.898453,126.737511,30.278587,37.600849,79.740755,85.028458,20.247252,15.987177,12.332000,0.701702,71.694516,38.392559,61.239494
2017-04-27,188.044373,127.498230,30.323854,37.577648,79.723293,85.084396,20.250891,15.963069,12.272000,0.721776,71.678816,38.339642,61.284637
2017-04-28,187.683807,127.723663,30.301207,37.654972,79.758175,85.172264,20.269083,16.015303,12.313000,0.721092,71.710178,38.339642,61.352356
2017-04-29,,,,,,,,,,0.724000,,,
2017-04-30,,,,,,,,,,0.738296,,,
2017-05-01,188.138840,128.860138,30.384199,37.832809,79.752950,84.988258,20.244301,16.019320,12.202000,0.778670,71.705481,38.513573,61.237736
2017-05-02,188.198959,129.076080,30.565239,38.064770,79.735447,85.164276,20.226072,16.035393,12.202000,0.795771,71.689744,38.740421,61.343292
2017-05-03,188.010040,128.662918,30.467186,37.809620,79.735447,84.988258,20.175047,16.103698,12.033000,0.816185,71.689744,38.626999,61.275459
2017-05-04,188.181732,128.709824,30.685926,37.492596,79.752950,84.796188,20.098492,16.051463,11.919000,0.842247,71.705481,38.725304,61.207607
2017-05-05,188.937317,129.179443,30.995203,37.778683,79.735447,84.812210,20.113091,15.999233,11.934000,0.851986,71.689744,39.095852,61.245296
2017-05-06,,,,,,,,,,0.864775,,,
2017-05-07,,,,,,,,,,0.874585,,,
2017-05-08,188.945908,129.461227,30.851881,37.778683,79.752950,84.604172,20.054750,16.019320,11.910000,0.943951,71.705481,38.891670,61.139717
2017-05-09,188.705505,129.912064,30.799070,38.165287,79.752950,84.508141,20.040184,16.011284,11.840000,0.961485,71.705481,38.868980,61.109589
2017-05-10,189.057526,129.987137,30.844328,38.389523,79.770395,84.476128,20.051113,16.011284,11.835000,0.978887,71.721165,38.997536,61.102013
2017-05-11,188.671143,129.883850,30.783983,38.466835,79.770395,84.540115,20.113091,16.059497,11.880000,1.012540,71.721165,38.914352,61.147274
2017-05-12,188.379227,130.175064,30.919769,38.621479,79.752950,84.972237,20.124008,16.095660,11.914000,0.944439,71.705481,39.118530,61.328243
2017-05-13,,,,,,,,,,0.988625,,,
2017-05-14,,,,,,,,,,0.990816,,,
2017-05-15,189.332275,130.588272,31.100817,38.969418,79.770395,84.916199,20.091200,16.059497,11.949000,0.952211,71.721165,39.390774,61.313160
2017-05-16,189.297897,131.132980,31.259218,39.023544,79.770395,85.028236,20.102139,15.926909,11.999000,0.950031,71.721165,39.542007,61.373482
2017-05-17,185.940933,127.798798,30.882051,38.381779,79.787832,85.708412,20.215136,15.854585,12.217000,1.007347,71.736842,39.020233,61.705189
2017-05-18,186.619156,128.916443,30.942392,37.763222,79.787832,85.684402,20.229710,15.902801,12.120000,1.034493,71.736842,38.929474,61.652390
2017-05-19,187.778229,129.461227,31.296932,38.536427,79.770395,85.660408,20.262527,15.930925,12.179000,1.088753,71.721165,39.466373,61.690048
2017-05-20,,,,,,,,,,1.141895,,,
2017-05-21,,,,,,,,,,1.118051,,,
2017-05-22,188.825668,130.550720,31.379908,38.582817,79.787832,85.564400,20.240650,15.938960,12.231000,1.190463,71.736842,39.519325,61.637283
2017-05-23,189.194916,130.682190,31.349737,38.551891,79.787832,85.340317,20.204203,15.914855,12.153000,1.270992,71.736842,39.519325,61.509148
2017-05-24,189.649918,131.283279,31.417627,38.706528,79.770395,85.516396,20.207850,15.971107,12.201000,1.338485,71.721165,39.594940,61.637283
2017-05-25,190.534271,132.400955,31.410089,38.876629,79.787832,85.564400,20.193274,15.987177,12.190000,1.262535,71.736842,39.610073,61.637283
2017-05-26,190.542831,132.635742,31.327099,39.000351,79.805285,85.620430,20.229710,15.942980,12.298000,1.206358,71.752535,39.572247,61.667469
2017-05-27,,,,,,,,,,1.116775,,,
2017-05-28,,,,,,,,,,1.180823,,,
2017-05-29,,,,,,,,,,1.235493,,,
2017-05-30,190.362503,132.748474,31.274302,38.861176,79.770395,85.836433,20.273476,15.862623,12.252000,1.191597,71.721165,39.489071,61.757938
2017-05-31,190.319626,132.701523,31.334646,38.536427,79.770395,85.876434,20.288040,15.874676,12.305000,1.252363,71.721165,39.473961,61.788044
2017-06-01,191.804947,133.218033,31.545847,38.876629,79.800086,85.831581,20.287668,15.874676,12.311000,1.318897,71.747860,39.768875,61.804703
2017-06-02,192.405899,134.739594,31.847584,39.085396,79.782582,86.208260,20.346075,15.926909,12.401000,1.363084,71.732123,40.109154,62.008636
2017-06-03,,,,,,,,,,1.377763,,,
2017-06-04,,,,,,,,,,1.375824,,,
2017-06-05,192.277130,134.711411,31.711809,39.069939,79.800086,86.063980,20.302290,15.898784,12.420000,1.471679,71.747860,39.950367,61.910458
2017-06-06,191.727707,134.176086,31.636362,39.069939,79.782582,86.336464,20.338776,15.946997,12.554000,1.568295,71.732123,39.867176,62.023792
2017-06-07,192.045364,134.702072,31.613743,39.008080,79.817556,86.176201,20.269421,15.906821,12.487000,1.496519,71.763567,39.882290,61.940678
2017-06-08,192.113983,134.842896,31.568470,39.263237,79.800086,86.039940,20.265772,15.854585,12.407000,1.536757,71.747860,39.844471,61.895332
2017-06-09,191.890747,131.471191,31.455341,38.969418,79.817556,85.959824,20.232925,15.770209,12.298000,1.546720,71.763567,39.663002,61.842506
2017-06-10,,,,,,,,,,1.614585,,,
2017-06-11,,,,,,,,,,1.620282,,,
2017-06-12,191.813538,130.766663,31.357279,38.760658,79.800086,85.943748,20.207384,15.782262,12.280000,1.456791,71.747860,39.526894,61.827362
2017-06-13,192.749359,131.828033,31.628838,38.961689,79.817556,85.975815,20.229265,15.774226,12.290000,1.488226,71.763567,39.852062,61.842506
2017-06-14,192.543274,131.255066,31.591114,38.961689,79.800086,86.424629,20.236568,15.713963,12.223000,1.372845,71.747860,39.799118,62.069149
2017-06-15,192.156952,130.672791,31.251677,38.528702,79.800086,86.272362,20.148966,15.713963,12.172000,1.349954,71.747860,39.405888,62.001125
2017-06-16,192.208450,130.105835,31.530775,38.621479,79.835009,86.320404,20.159920,15.726015,12.166000,1.379522,71.779259,39.685680,62.069149
2017-06-17,,,,,,,,,,1.454737,,,
2017-06-18,,,,,,,,,,1.395806,,,
2017-06-19,193.779678,132.281387,31.643927,38.969418,79.817556,86.080032,20.127052,15.726015,12.079000,1.418433,71.763567,39.859615,61.978474
2017-06-20,192.508957,131.245438,31.357279,38.534081,79.817556,86.296394,20.156269,15.750122,12.060000,1.490839,71.763567,39.473961,62.069149
2017-06-21,192.431686,132.545059,31.328272,38.682053,79.835009,86.288376,20.167221,15.798337,12.092000,1.472934,71.779259,39.409748,62.099319
2017-06-22,192.320099,132.507385,31.389320,38.830017,79.852454,86.368523,20.240219,15.830478,12.128000,1.481867,71.794944,39.547321,62.121975
2017-06-23,192.647812,133.015945,31.458008,39.032497,79.835009,86.392532,20.247519,15.814410,12.183000,1.503503,71.779259,39.646690,62.137115
2017-06-24,,,,,,,,,,1.428906,,,
2017-06-25,,,,,,,,,,1.418329,,,
2017-06-26,192.708206,132.394379,31.519070,39.351799,79.817556,86.464661,20.287668,15.838514,12.073000,1.357552,71.763567,39.761345,62.205120
2017-06-27,191.173019,129.992844,31.511436,38.915688,79.817556,86.039940,20.196421,15.806373,12.125000,1.398085,71.763567,39.669632,61.993546
2017-06-28,192.863449,131.866989,31.793804,39.211620,79.852454,85.959824,20.221975,15.778249,12.131000,1.410321,71.794944,40.051807,61.993546
2017-06-29,191.198898,129.578461,31.473272,38.744350,79.835009,85.639236,20.145315,15.754139,12.070000,1.390893,71.779259,39.639046,61.865150
2017-06-30,191.517960,129.625565,31.534336,38.970200,79.852454,85.438896,20.097872,15.673779,12.043000,1.358861,71.794944,39.723137,61.819782
2017-07-01,,,,,,,,,,1.333506,,,
2017-07-02,,,,,,,,,,1.372899,,,
2017-07-03,191.940613,128.259949,31.473272,39.141525,79.861222,85.125046,20.089808,15.625566,11.835000,1.404444,71.802827,39.753708,61.826660
2017-07-04,,,,,,,,,,1.425028,,,
2017-07-05,192.276947,129.521973,31.488544,39.063652,79.843744,85.189262,20.097136,15.589404,11.885000,1.425220,71.787113,39.723137,61.864582
2017-07-06,190.552048,128.354156,31.297741,38.596382,79.861222,85.028763,20.060575,15.657714,11.882000,1.428818,71.802827,39.486179,61.720448
2017-07-07,191.759445,129.738617,31.351173,38.728771,79.861222,84.892319,19.987423,15.681817,11.761000,1.379576,71.802827,39.532028,61.705280
2017-07-08,,,,,,,,,,1.408431,,,
2017-07-09,,,,,,,,,,1.379456,,,
2017-07-10,191.957794,130.586182,31.404587,39.024712,79.861222,85.004700,19.980120,15.653692,11.776000,1.299551,71.802827,39.654339,61.735607
2017-07-11,191.811249,130.953415,31.503796,39.336224,79.861222,85.117020,20.038630,15.701909,11.798000,1.280506,71.802827,39.791924,61.796333
2017-07-12,193.251556,132.507385,31.786182,40.083851,79.843744,85.365837,20.097136,15.689853,11.838000,1.313946,71.787113,40.174076,61.940437
2017-07-13,193.579239,132.799347,31.877762,40.239605,79.843744,85.277519,20.078850,15.685833,11.817000,1.291521,71.787113,40.326954,61.917686
2017-07-14,194.458969,133.844666,32.106709,40.722466,79.878650,85.397964,20.100798,15.649677,11.913000,1.223295,71.818497,40.686203,61.940437
2017-07-15,,,,,,,,,,1.094860,,,
2017-07-16,,,,,,,,,,1.057044,,,
2017-07-17,194.484848,133.910599,32.053288,40.535545,79.861222,85.502251,20.137354,15.661729,11.962000,1.220594,71.802827,40.533325,62.023884
2017-07-18,194.631439,134.805252,32.121964,40.675732,79.861222,85.815292,20.195868,15.677799,12.042000,1.270148,71.802827,40.640339,62.168007
2017-07-19,195.657776,135.596405,32.274609,41.002811,79.861222,85.815292,20.210501,15.637620,12.038000,1.245253,71.802827,40.854355,62.175598
2017-07-20,195.718170,135.775299,32.381451,40.987247,79.861222,85.839363,20.155626,15.625566,12.060000,1.543318,71.802827,41.007225,62.213554
2017-07-21,195.580200,135.718826,32.297508,40.932724,79.861222,85.991905,20.188541,15.609493,12.163000,1.461245,71.802827,40.831421,62.281799
2017-07-22,,,,,,,,,,1.539221,,,
2017-07-23,,,,,,,,,,1.495555,,,
2017-07-24,195.511169,136.340408,32.236446,41.080688,79.861222,85.935707,20.184893,15.617531,12.167000,1.508953,71.802827,40.831421,62.251465
2017-07-25,195.976913,135.991974,32.259338,40.979446,79.861222,85.454117,20.108109,15.721998,12.132000,1.411247,71.802827,40.877285,62.016293
2017-07-26,196.037292,136.434570,32.465412,41.298756,79.878650,85.727028,20.166605,15.681817,12.228000,1.385486,71.818497,41.098949,62.168007
2017-07-27,195.804443,135.577560,32.343300,41.080688,79.896137,85.590553,20.155626,15.561285,12.217000,1.463447,71.834219,40.984310,62.092194
2017-07-28,195.580200,135.464523,32.373829,41.080688,79.878650,85.735001,20.195868,15.517085,12.306000,1.538613,71.818497,40.984310,62.205936
2017-07-29,,,,,,,,,,1.493392,,,
2017-07-30,,,,,,,,,,1.510224,,,
2017-07-31,195.468048,134.890060,32.442509,41.111851,79.878650,85.759087,20.203178,15.521101,12.317000,1.574945,71.818497,41.060738,62.198341
2017-08-01,195.907883,135.200882,32.625660,41.314323,79.899623,85.972130,20.222952,15.553244,12.305000,1.488906,71.837353,41.320610,62.451309
2017-08-02,196.019989,135.568237,32.610390,41.322124,79.917142,85.891754,20.204636,15.501011,12.278000,1.484748,71.853105,41.312969,62.413155
2017-08-03,195.675049,135.040756,32.564606,41.111851,79.917142,86.189194,20.263241,15.537173,12.303000,1.536269,71.853105,41.244175,62.542671
2017-08-04,196.002792,135.285629,32.610390,41.275383,79.917142,85.956070,20.230280,15.513066,12.207000,1.586201,71.853105,41.320610,62.443649
2017-08-05,,,,,,,,,,1.781756,,,
2017-08-06,,,,,,,,,,1.760411,,,
2017-08-07,196.321915,136.142609,32.633301,41.563538,79.917142,86.004326,20.259573,15.513066,12.190000,1.850788,71.853105,41.366474,62.466496
2017-08-08,195.933792,135.907196,32.465412,41.540176,79.917142,85.931938,20.263241,15.488959,12.230000,1.873245,71.853105,41.213612,62.382744
2017-08-09,195.821655,135.728256,32.381451,41.150780,79.917142,86.036484,20.303518,15.460831,12.377000,1.830812,71.853105,41.091305,62.428410
2017-08-10,193.130768,132.818161,31.915911,40.153938,79.917142,86.357979,20.347467,15.460831,12.464000,1.852070,71.853105,40.433971,62.519844
2017-08-11,193.389526,133.825867,31.908285,40.278545,79.934604,86.454453,20.332819,15.468868,12.522000,1.999599,71.868805,40.441601,62.573162
2017-08-12,,,,,,,,,,2.127820,,,
2017-08-13,,,,,,,,,,2.231096,,,
2017-08-14,195.286957,135.549286,32.129601,40.683514,79.917142,86.245445,20.263241,15.452798,12.428000,2.369056,71.853105,40.747353,62.527443
2017-08-15,195.304199,135.643463,32.099079,40.714664,79.934604,85.988213,20.215630,15.476907,12.341000,2.290620,71.868805,40.663280,62.420799
2017-08-16,195.614670,135.878937,32.297508,41.111851,79.917142,86.148994,20.252247,15.513066,12.431000,2.397265,71.853105,40.961357,62.512203
2017-08-17,192.570190,133.100677,31.931177,40.628998,79.934604,86.454453,20.303518,15.509047,12.491000,2.372649,71.868805,40.464535,62.626469
2017-08-18,192.216629,133.006531,32.022758,40.956093,79.917142,86.470512,20.281548,15.521101,12.473000,2.278947,71.853105,40.602119,62.596035
2017-08-19,,,,,,,,,,2.297067,,,
2017-08-20,,,,,,,,,,2.238984,,,
2017-08-21,192.449448,132.837036,32.030396,41.088478,79.934604,86.526825,20.288879,15.549230,12.474000,2.191922,71.868805,40.686203,62.626469
2017-08-22,194.398651,134.861786,32.190659,41.509026,79.952074,86.357979,20.277884,15.537173,12.461000,2.246028,71.884512,40.846718,62.550312
2017-08-23,193.734512,134.381485,32.205921,41.711502,79.952074,86.655388,20.336477,15.565302,12.510000,2.273963,71.884512,40.915501,62.733158
2017-08-24,193.286041,133.985977,32.167759,41.820541,79.952074,86.518784,20.292540,15.585389,12.529000,2.374287,71.884512,40.923153,62.641705
2017-08-25,193.708633,133.703461,32.358555,42.077530,79.934604,86.663460,20.303518,15.621548,12.503000,2.394510,71.868805,41.183041,62.717896
2017-08-26,,,,,,,,,,2.383993,,,
2017-08-27,,,,,,,,,,2.400688,,,
2017-08-28,193.777649,134.117813,32.358555,41.968502,79.952074,86.743866,20.332819,15.557264,12.717000,2.400568,71.884512,41.160091,62.748356
2017-08-29,193.924286,134.645233,32.221180,41.867271,79.952074,86.944801,20.365776,15.565302,12.689000,2.508122,71.884512,40.991951,62.816925
2017-08-30,194.890213,136.227402,32.175388,41.960712,79.952074,86.872444,20.362123,15.525119,12.682000,2.500607,71.884512,40.969002,62.809319
2017-08-31,196.037292,137.687134,32.450138,42.061958,79.969552,87.009102,20.413387,15.573336,12.890000,2.576245,71.900226,41.282391,62.862659
2017-09-01,196.373627,137.498688,32.511189,42.357903,79.974826,86.753136,20.383688,15.577353,12.925000,2.679560,71.904968,41.397045,62.758820
2017-09-02,,,,,,,,,,2.507986,,,
2017-09-03,,,,,,,,,,2.510281,,,
2017-09-04,,,,,,,,,,2.320406,,,
2017-09-05,194.924728,136.265015,32.274609,41.851688,79.939795,87.356888,20.490025,15.561285,12.982000,2.397210,71.873472,41.083664,63.018349
2017-09-06,195.606094,136.679474,32.511189,42.124256,79.974826,87.147545,20.471685,15.637620,12.932000,2.518037,71.904968,41.374115,62.911503
2017-09-07,195.562912,136.999649,32.778297,42.420200,79.974826,87.525986,20.545025,15.653692,13.079000,2.519548,71.904968,41.687496,63.109970
2017-09-08,195.261078,135.813019,32.770660,42.155411,79.957307,87.461571,20.563356,15.621548,13.054000,2.316265,71.889216,41.649284,63.041271
2017-09-09,,,,,,,,,,2.314791,,,
2017-09-10,,,,,,,,,,2.258308,,,
2017-09-11,197.391327,137.376312,33.014889,42.716129,79.957307,86.962433,20.493690,15.605477,12.871000,2.279303,71.889216,42.008530,62.850418
2017-09-12,198.115799,137.705948,33.083584,42.677193,79.992305,86.753136,20.457027,15.581372,12.906000,2.262619,71.920683,42.031460,62.758820
2017-09-13,198.236542,137.894333,32.930946,42.459141,79.992305,86.576012,20.427687,15.545208,12.812000,2.126658,71.920683,41.840363,62.682495
2017-09-14,198.167557,137.084412,33.022511,42.568165,79.974826,86.592102,20.449682,15.537173,12.863000,1.728099,71.904968,41.932095,62.720669
2017-09-15,198.443573,137.555267,33.037773,42.817375,79.974826,86.696762,20.446018,15.537173,12.805000,1.992423,71.904968,42.039097,62.728283
2017-09-16,,,,,,,,,,1.985587,,,
2017-09-17,,,,,,,,,,1.962494,,,
2017-09-18,198.788559,137.375000,33.091209,42.949768,79.974826,86.358650,20.438688,15.553244,12.684000,2.226682,71.904968,42.107891,62.682495
2017-09-19,199.029999,137.610962,33.251469,43.027649,80.009783,86.262001,20.405684,15.625566,12.707000,2.149872,71.936398,42.253109,62.636673
2017-09-20,199.139236,137.186234,33.166416,42.856316,80.009783,86.092964,20.354347,15.565302,12.608000,2.139454,71.936398,42.182407,62.583267
2017-09-21,198.575775,136.346222,33.112766,42.864098,80.009783,85.980278,20.303017,15.561285,12.513000,1.988874,71.936398,42.105564,62.567944
2017-09-22,198.549759,136.214050,33.189400,42.607109,80.009783,86.133240,20.354347,15.633603,12.569000,1.988688,71.936398,42.143990,62.629032
2017-09-23,,,,,,,,,,2.077257,,,
2017-09-24,,,,,,,,,,2.017247,,,
2017-09-25,198.255035,134.779480,33.043785,41.836113,80.009783,86.390816,20.413015,15.661729,12.702000,2.150474,71.936398,41.875023,62.766438
2017-09-26,198.324371,135.128662,32.921188,41.766022,80.009783,86.318390,20.391014,15.593424,12.562000,2.132004,71.936398,41.759747,62.735912
2017-09-27,199.095917,136.346222,32.967175,41.618050,80.009783,85.875587,20.328686,15.577353,12.443000,2.300884,71.936398,41.721329,62.545048
2017-09-28,199.329926,136.299057,33.074440,41.571331,79.992305,85.859474,20.325016,15.637620,12.464000,2.286676,71.920683,41.821217,62.560322
2017-09-29,200.040741,137.280624,33.266041,42.069744,80.027278,85.754829,20.262682,15.581372,12.400000,2.280289,71.952127,42.059464,62.567944
2017-09-30,,,,,,,,,,2.376494,,,
2017-10-01,,,,,,,,,,2.412114,,,
2017-10-02,200.881653,137.403290,33.227711,42.085323,80.030797,85.657249,20.239910,15.533154,12.315000,2.415171,71.955291,42.059464,62.543488
2017-10-03,201.289078,137.695908,33.357994,42.708351,80.030797,85.778229,20.265617,15.553244,12.326000,2.364866,71.955291,42.297688,62.574100
2017-10-04,201.566483,137.828033,33.296684,42.708351,80.013293,85.754028,20.287659,15.597442,12.360000,2.316599,71.939554,42.266949,62.574100
2017-10-05,202.762741,139.177750,33.266041,43.012070,80.030797,85.665306,20.272963,15.573336,12.339000,2.370853,71.955291,42.282310,62.528175
2017-10-06,202.572083,139.366455,33.227711,42.801792,80.013293,85.560478,20.247263,15.517085,12.351000,2.394077,71.939554,42.228531,62.459347
2017-10-07,,,,,,,,,,2.424795,,,
2017-10-08,,,,,,,,,,2.525354,,,
2017-10-09,202.216660,139.206085,33.243046,42.762867,80.013293,85.657249,20.258268,15.533154,12.450000,2.613837,71.939554,42.220844,62.520523
2017-10-10,202.728119,139.309860,33.549564,43.183407,80.013293,85.689529,20.291327,15.581372,12.450000,2.619298,71.939554,42.589706,62.551128
2017-10-11,203.057556,139.725174,33.664524,43.362530,80.013293,85.786293,20.317045,15.645656,12.532000,2.643667,71.939554,42.781834,62.581711
2017-10-12,202.745483,139.470337,33.664524,43.354733,80.048266,85.866898,20.361107,15.597442,12.532000,2.983503,71.970998,42.743401,62.635292
2017-10-13,202.970825,140.008301,33.833099,43.744122,80.048266,86.157150,20.361107,15.609493,12.633000,3.093215,71.970998,43.027748,62.765331
2017-10-14,,,,,,,,,,3.194317,,,
2017-10-15,,,,,,,,,,3.110184,,,
2017-10-16,203.291595,140.489655,33.802460,43.705193,80.030797,86.012047,20.320709,15.693873,12.545000,3.136147,71.955291,42.981644,62.704166
2017-10-17,203.421661,140.668976,33.725815,43.502705,80.048266,85.979790,20.306025,15.673779,12.550000,3.070374,71.970998,42.866367,62.711800
2017-10-18,203.603714,140.499084,33.787132,43.580585,80.048266,85.762085,20.280312,15.677799,12.411000,3.062257,71.970998,42.973953,62.612331
2017-10-19,203.707672,139.980011,33.725815,43.245697,80.048266,85.850792,20.294994,15.613514,12.400000,3.126797,71.970998,42.797211,62.642937
2017-10-20,204.721954,140.357529,33.679848,43.393677,80.065811,85.495995,20.236240,15.669763,12.406000,3.292725,71.986772,42.774155,62.489956
2017-10-21,,,,,,,,,,3.303762,,,
2017-10-22,,,,,,,,,,3.291065,,,
2017-10-23,203.976410,139.441986,33.595543,43.074375,80.048266,85.576622,20.261950,15.669763,12.432000,3.248286,71.970998,42.658871,62.543488
2017-10-24,204.262497,139.677963,33.672188,43.113304,80.083289,85.318611,20.210526,15.754139,12.371000,3.027174,72.002487,42.735714,62.436432
2017-10-25,203.282898,139.149368,33.534237,43.019855,80.083289,85.181580,20.210526,15.726015,12.381000,3.149956,72.002487,42.582027,62.382843
2017-10-26,203.473618,138.705826,33.495922,42.747288,80.083289,85.068687,20.181149,15.734054,12.321000,3.234325,72.002487,42.520557,62.306328
2017-10-27,205.207382,142.745453,33.626205,43.339165,80.083289,85.342827,20.239910,15.762174,12.332000,3.166443,72.002487,42.689617,62.444042
2017-10-28,,,,,,,,,,3.151210,,,
2017-10-29,,,,,,,,,,3.370723,,,
2017-10-30,204.461853,143.066315,33.702831,43.074375,80.065811,85.649208,20.320709,15.766191,12.355000,3.357950,71.986772,42.712669,62.589397
2017-10-31,204.695923,143.604340,33.856087,43.440403,80.083289,85.592781,20.317045,15.798337,12.400000,3.543016,72.002487,42.912468,62.551128
2017-11-01,205.051315,143.557129,33.932735,43.681828,80.092066,85.644463,20.318516,15.802354,12.356000,3.706741,72.010378,43.050816,62.591778
2017-11-02,205.138077,143.283432,34.001698,43.744122,80.074563,85.757515,20.370041,15.758157,12.364000,3.877193,71.994641,43.143028,62.653076
2017-11-03,205.822861,144.661377,33.971050,43.541630,80.074563,85.894745,20.373726,15.854585,12.309000,3.947994,71.994641,43.058487,62.706764
2017-11-04,,,,,,,,,,4.042310,,,
2017-11-05,,,,,,,,,,4.057351,,,
2017-11-06,206.134979,145.152176,34.032349,43.985538,80.092066,85.999748,20.414215,15.906821,12.406000,3.846662,72.010378,43.204510,62.752731
2017-11-07,206.048279,145.237152,33.917408,43.697395,80.092066,86.032036,20.436300,15.906821,12.450000,3.913278,72.010378,43.043121,62.775749
2017-11-08,206.351639,145.822342,34.062996,43.915459,80.092066,85.927094,20.436300,15.878697,12.406000,4.085987,72.010378,43.204510,62.729729
2017-11-09,205.606125,145.057800,33.833099,43.674034,80.074563,85.894745,20.432619,15.906821,12.428000,3.912840,71.994641,42.943226,62.668465
2017-11-10,205.484787,145.048401,33.748814,43.526058,80.092066,85.458748,20.336908,15.902801,12.359000,3.625035,72.010378,42.827942,62.415443
2017-11-11,,,,,,,,,,3.482326,,,
2017-11-12,,,,,,,,,,3.259104,,,
2017-11-13,205.727539,145.227707,33.618542,43.440403,80.092066,85.418381,20.336908,15.854585,12.375000,3.592910,72.010378,42.635826,62.423100
2017-11-14,205.224686,144.699158,33.587883,43.206764,80.092066,85.539459,20.362686,15.826464,12.400000,3.634680,72.010378,42.589706,62.499805
2017-11-15,204.175827,144.019608,33.426949,42.980919,80.092066,85.846336,20.414215,15.790300,12.383000,4.007030,72.010378,42.351479,62.645405
2017-11-16,205.918213,145.860031,33.748814,43.821999,80.109586,85.628288,20.381081,15.794321,12.435000,4.311657,72.026130,42.835632,62.561096
2017-11-17,205.363419,145.303238,33.618542,43.985538,80.092066,85.741348,20.406849,15.810387,12.474000,4.222539,72.010378,42.797211,62.622448
2017-11-18,,,,,,,,,,4.266994,,,
2017-11-19,,,,,,,,,,4.401925,,,
2017-11-20,205.632126,145.189926,33.679848,44.219177,80.109586,85.604057,20.384762,15.822446,12.372000,4.491836,72.026130,42.866367,62.584103
2017-11-21,207.001801,146.766144,33.940395,44.772121,80.127072,85.620232,20.373726,15.874676,12.392000,4.420970,72.041852,43.212185,62.637749
2017-11-22,206.854462,146.945496,34.055340,44.881138,80.127072,85.894745,20.439972,15.806373,12.509000,4.520817,72.041852,43.335140,62.768085
2017-11-23,,,,,,,,,,4.403174,,,
2017-11-24,207.287872,147.483383,34.269917,44.756535,80.109586,85.822105,20.425253,15.866642,12.477000,4.520894,72.026130,43.565697,62.752731
2017-11-25,,,,,,,,,,4.815158,,,
2017-11-26,,,,,,,,,,5.110736,,,
2017-11-27,207.227203,147.417374,34.055340,44.195812,80.109586,85.878609,20.417896,15.846551,12.531000,5.377924,72.026130,43.242928,62.729729
2017-11-28,209.281723,147.794922,34.223934,44.491764,80.144601,85.894745,20.417896,15.854585,12.524000,5.509629,72.057612,43.504219,62.729729
2017-11-29,209.203674,145.218246,34.078335,43.845367,80.127072,85.620232,20.359005,15.814410,12.448000,5.416409,72.041852,43.204510,62.576431
2017-11-30,210.954819,146.435822,34.147297,43.494907,80.127072,85.353714,20.340597,15.802354,12.393000,5.605374,72.041852,43.181450,62.484463
2017-12-01,210.564697,145.812897,34.047676,43.237919,80.132372,85.669144,20.426586,15.894766,12.400000,6.011799,72.046617,43.112286,62.651913
2017-12-02,,,,,,,,,,6.066025,,,
2017-12-03,,,,,,,,,,6.202194,,,
2017-12-04,210.339279,144.132858,33.909740,43.300217,80.141115,85.628731,20.445038,15.810387,12.360000,6.385140,72.054478,42.958595,62.659584
2017-12-05,209.593857,144.227203,33.863754,43.245697,80.149891,85.693413,20.452414,15.850568,12.270000,6.527279,72.062369,42.897118,62.736412
2017-12-06,209.585159,144.878510,33.710499,42.692772,80.141115,85.871330,20.470871,15.750122,12.350000,7.828058,72.054478,42.651192,62.805550
2017-12-07,210.278625,145.369293,33.810123,42.723919,80.149891,85.717644,20.445038,15.854585,12.098000,9.804420,72.062369,42.758785,62.721031
2017-12-08,211.422943,146.011093,34.001698,43.191189,80.158651,85.652954,20.433958,15.870662,12.084000,9.075760,72.070245,43.020058,62.698009
2017-12-09,,,,,,,,,,8.313741,,,
2017-12-10,,,,,,,,,,8.465575,,,
2017-12-11,212.107742,147.143707,34.070663,43.440403,80.149891,85.596352,20.422888,15.902801,12.034000,9.277000,72.062369,43.112286,62.651913
2017-12-12,212.471817,146.945496,34.093658,43.175606,80.158651,85.523590,20.433958,15.850568,12.049000,9.539150,72.070245,43.096920,62.644222
2017-12-13,212.419785,147.228622,34.239246,43.642887,80.149891,85.871330,20.459795,15.814410,12.155000,8.987463,72.062369,43.335140,62.820923
2017-12-14,211.578918,147.124802,34.078335,43.339165,80.158651,85.838966,20.467180,15.894766,12.133000,9.072802,72.070245,43.135353,62.843929
2017-12-15,213.356033,148.795395,34.055340,43.455978,80.167420,85.822792,20.463491,15.910839,12.159000,9.698816,72.078128,43.112286,62.851639
2017-12-16,,,,,,,,,,10.679549,,,
2017-12-17,,,,,,,,,,10.484224,,,
2017-12-18,214.682312,150.042938,34.438507,43.923244,80.176188,85.628731,20.422888,15.902801,12.214000,10.469653,72.086011,43.604122,62.751789
2017-12-19,213.902176,149.153824,34.331207,43.719578,80.177943,85.240524,20.371229,15.890751,12.221000,9.737048,72.087590,43.473480,62.559711
2017-12-20,213.737518,148.993027,34.308228,43.806751,80.177943,84.989807,20.312176,15.902801,12.251000,9.105995,72.087590,43.465790,62.436817
2017-12-21,214.170914,149.011978,34.418110,44.107887,80.177943,85.049736,20.363850,15.991196,12.200000,8.655915,72.087590,43.682266,62.475212
2017-12-22,214.127533,148.841705,34.503231,44.464485,80.195480,85.082207,20.378605,16.007268,12.333000,7.576260,72.103357,43.814167,62.505970
2017-12-23,,,,,,,,,,8.051372,,,
2017-12-24,,,,,,,,,,7.627748,,,
2017-12-25,,,,,,,,,,7.682960,,,
2017-12-26,213.878433,148.037827,34.510956,44.409023,80.186686,85.114555,20.389671,16.095660,12.420000,8.818540,72.095451,43.837444,62.568352
2017-12-27,214.000397,148.056732,34.596077,44.559582,80.204256,85.479042,20.481565,16.039410,12.469000,8.675415,72.111248,43.915020,62.760876
2017-12-28,214.401062,148.236404,34.704411,44.868633,80.204256,85.373764,20.485266,16.095660,12.502000,8.000596,72.111248,43.992619,62.722393
2017-12-29,213.660675,147.318985,34.712147,45.090530,80.186686,85.511459,20.537148,16.091643,12.613000,8.027819,72.095451,44.077965,62.822453
2017-12-30,,,,,,,,,,7.094467,,,
2017-12-31,,,,,,,,,,7.754058,,,
2018-01-01,,,,,,,,,,7.480625,,,
2018-01-02,215.228546,149.901016,35.013927,45.962219,80.195480,85.227943,20.485266,16.063517,12.761000,8.206328,72.103357,44.520222,62.645374
2018-01-03,216.509064,151.357590,35.230587,46.366371,80.213041,85.317055,20.503790,16.155930,12.729000,8.326229,72.119146,44.830585,62.699280
2018-01-04,217.458435,151.622452,35.547844,46.556561,80.221809,85.276512,20.511209,16.131822,12.794000,8.544340,72.127029,45.203007,62.668488
2018-01-05,218.852188,153.145142,35.718071,46.952789,80.221809,85.171257,20.503790,16.127804,12.779000,9.546873,72.127029,45.505600,62.583740
2018-01-06,,,,,,,,,,9.600277,,,
2018-01-07,,,,,,,,,,9.025477,,,
2018-01-08,219.305115,153.741013,35.702587,46.984486,80.230536,85.130737,20.481565,16.127804,12.778000,8.309304,72.134876,45.482311,62.591438
2018-01-09,219.766769,153.750504,35.733536,46.881470,80.230536,84.725761,20.414873,16.107713,12.770000,7.994517,72.134876,45.521107,62.406586
2018-01-10,219.392212,153.391083,35.640694,46.580338,80.230536,84.701485,20.407463,16.159946,12.754000,8.201508,72.134876,45.365925,62.414280
2018-01-11,221.012375,154.440903,35.872826,46.913162,80.221809,84.758156,20.388937,16.216197,12.788000,7.342922,72.127029,45.653008,62.414280
2018-01-12,222.475754,155.575836,36.213295,47.380711,80.248081,84.701485,20.407463,16.252358,12.951000,7.657764,72.150650,46.095264,62.406586
2018-01-13,,,,,,,,,,7.865688,,,
2018-01-14,,,,,,,,,,7.543505,,,
2018-01-15,,,,,,,,,,7.569687,,,
2018-01-16,221.665680,155.131378,36.174610,47.127125,80.230536,84.741936,20.429693,16.236287,12.968000,6.293832,72.134876,46.048706,62.452812
2018-01-17,223.808456,156.805420,36.368050,47.737320,80.248081,84.555626,20.422285,16.248339,12.867000,6.128468,72.150650,46.366829,62.383526
2018-01-18,223.503616,156.833847,36.282940,47.784863,80.248081,84.288353,20.403753,16.260392,12.890000,6.285287,72.150650,46.312511,62.260281
2018-01-19,224.453018,157.325653,36.445435,48.173164,80.256915,84.069649,20.370411,16.256375,12.896000,6.357863,72.158593,46.521999,62.129341
2018-01-20,,,,,,,,,,7.065436,,,
2018-01-21,,,,,,,,,,6.353864,,,
2018-01-22,226.256149,159.009140,36.638882,48.450523,80.265717,84.037247,20.351891,16.284500,12.920000,5.987589,72.166507,46.778030,62.083130
2018-01-23,226.770004,160.323792,36.754944,48.640713,80.265717,84.280273,20.396347,16.296556,12.961000,5.953081,72.166507,46.964264,62.244881
2018-01-24,226.656799,159.283463,36.871014,49.076561,80.274452,84.118256,20.385233,16.316645,13.140000,6.222023,72.174360,47.165993,62.175522
2018-01-25,226.761292,159.226730,36.739471,49.013157,80.274452,84.304535,20.414873,16.236287,13.050000,6.167249,72.174360,46.995296,62.344971
2018-01-26,229.400650,161.666824,37.048988,49.678818,80.291997,84.053452,20.388937,16.300574,13.061000,6.119047,72.190135,47.460819,62.229462
2018-01-27,,,,,,,,,,6.266554,,,
2018-01-28,,,,,,,,,,6.455854,,,
2018-01-29,227.815308,160.881882,36.708511,48.965614,80.274452,83.842865,20.355589,16.244323,12.987000,6.187515,72.174360,46.972015,62.144756
2018-01-30,225.385056,159.557755,36.429966,48.323727,80.283203,83.648453,20.300009,16.163963,13.066000,5.535647,72.182229,46.529758,62.029194
2018-01-31,225.594101,160.219849,36.360325,48.688263,80.291997,83.672760,20.351891,16.192090,12.970000,5.598527,72.190135,46.599575,62.044609
2018-02-01,225.367630,158.857803,36.453167,48.085999,80.288478,83.241135,20.251846,16.320664,13.044000,5.023092,72.186971,46.560795,61.872517
2018-02-02,220.541977,155.689362,35.663902,46.897324,80.297271,82.932816,20.225920,16.192090,12.895000,4.836974,72.194877,45.544384,61.687294
2018-02-03,,,,,,,,,,5.025485,,,
2018-02-04,,,,,,,,,,4.533667,,,
2018-02-05,211.483002,149.551132,34.209187,45.320339,80.288478,83.614342,20.303726,16.135843,12.932000,3.809695,72.186971,43.713291,61.957409
2018-02-06,215.394089,153.514038,34.874649,46.643730,80.297271,83.249229,20.222208,16.047445,12.795000,4.247193,72.194877,44.768505,61.756699
2018-02-07,214.218109,151.527817,34.402634,45.249012,80.306023,83.005859,20.166634,15.886732,12.729000,4.174507,72.202745,43.961582,61.617760
2018-02-08,206.256714,145.134201,33.551460,43.735432,80.297271,83.078850,20.155519,15.894766,12.752000,4.527412,72.194877,42.751205,61.571499
2018-02-09,209.436050,147.640518,33.783592,44.504105,80.314816,82.932816,20.088829,15.826464,12.726000,4.785613,72.210651,43.154659,61.417095
2018-02-10,,,,,,,,,,4.722579,,,
2018-02-11,,,,,,,,,,4.453128,,,
2018-02-12,212.310593,150.260437,34.232395,45.138069,80.314816,82.908485,20.096245,15.806373,12.790000,4.889459,72.210651,43.759861,61.432568
2018-02-13,213.024796,151.036026,34.100849,45.478828,80.314816,83.046432,20.118471,15.842532,12.861000,4.709657,72.210651,43.759861,61.486542
2018-02-14,215.812149,153.863968,34.774052,46.572407,80.314816,82.543388,20.081421,15.995212,13.085000,5.200609,72.210651,44.543499,61.285885
2018-02-15,218.608276,156.720306,34.998436,47.444111,80.323584,82.567741,20.103651,16.031375,13.098000,5.568566,72.218535,44.939186,61.347603
2018-02-16,218.582153,156.020416,35.122250,47.269775,80.332394,82.762459,20.122177,16.007268,13.053000,5.605539,72.226455,45.001270,61.478859
2018-02-17,,,,,,,,,,6.086895,,,
2018-02-18,,,,,,,,,,5.779666,,,
2018-02-19,,,,,,,,,,6.148570,,,
2018-02-20,217.258133,156.332504,34.766323,46.659580,80.332394,82.673225,20.092533,15.987177,12.878000,6.246288,72.226455,44.512466,61.417095
2018-02-21,216.117081,155.888016,34.634766,46.596184,80.323584,82.429802,20.062897,15.971107,12.870000,5.855583,72.218535,44.403831,61.185539
2018-02-22,216.378403,155.869080,34.781788,46.722980,80.332394,82.543388,20.059189,16.023339,12.830000,5.480161,72.226455,44.605568,61.262711
2018-02-23,219.932297,159.056442,35.129993,47.475807,80.349955,82.859795,20.144409,16.059497,12.864000,5.642347,72.242245,45.094372,61.424809
2018-02-24,,,,,,,,,,5.375033,,,
2018-02-25,,,,,,,,,,5.293781,,,
2018-02-26,222.466995,161.165558,35.408554,47.887882,80.332394,82.957191,20.174046,16.079589,12.850000,5.678279,72.226455,45.435753,61.455719
2018-02-27,219.627380,159.169998,34.866894,46.540707,80.349955,82.697548,20.129581,16.003251,12.759000,5.874863,72.242245,44.659878,61.324459
2018-02-28,217.188416,158.148529,34.503231,45.906750,80.358723,82.892296,20.166634,15.918871,12.750000,5.695369,72.250128,44.155552,61.401638
2018-03-01,214.322647,155.566391,34.054417,45.898830,80.366660,83.249016,20.222208,15.834497,12.724000,5.998325,72.257264,43.697781,61.506084
2018-03-02,215.463760,156.994598,34.155018,46.073174,80.375428,82.940201,20.174046,15.894766,12.803000,6.072489,72.265147,43.821930,61.390076
2018-03-03,,,,,,,,,,6.293394,,,
2018-03-04,,,,,,,,,,6.305937,,,
2018-03-05,217.937546,158.734894,34.294292,46.081089,80.375428,82.834572,20.166634,15.930925,12.760000,6.339185,72.265147,44.000381,61.351387
2018-03-06,218.486313,159.406372,34.580608,46.516941,80.375428,82.826447,20.170338,15.930925,12.955000,5.904606,72.265147,44.334000,61.374561
2018-03-07,218.390518,159.775253,34.541912,46.548637,80.375428,82.826447,20.170338,15.906821,12.822000,5.458563,72.265147,44.287449,61.359123
2018-03-08,219.409637,160.654861,34.642509,46.540707,80.366660,82.997093,20.203682,15.866642,12.793000,5.146043,72.257264,44.380562,61.428688
2018-03-09,223.207428,163.776031,34.897846,47.507511,80.384196,82.818275,20.151806,15.874676,12.805000,5.114570,72.273031,44.799541,61.351387
2018-03-10,,,,,,,,,,4.856282,,,
2018-03-11,,,,,,,,,,5.246620,,,
2018-03-12,222.989731,164.646149,34.952019,47.610523,80.392989,83.013351,20.159224,15.878697,12.805000,5.042033,72.280937,44.877113,61.413231
2018-03-13,221.517578,162.404587,34.735363,47.174667,80.392989,83.151474,20.181454,15.854585,12.828000,5.036407,72.280937,44.559013,61.428688
2018-03-14,220.350433,162.376190,34.789524,47.301468,80.392989,83.313988,20.233326,15.870662,12.880000,4.529724,72.280937,44.675404,61.560200
2018-03-15,220.141312,162.234390,34.781788,47.127125,80.384196,83.281471,20.222208,15.846551,12.736000,4.546731,72.273031,44.613323,61.567951
2018-03-16,220.367828,161.752014,34.735363,47.024120,80.401791,83.183975,20.199978,15.878697,12.650000,4.567266,72.288850,44.527985,61.513840
2018-03-17,,,,,,,,,,4.336409,,,
2018-03-18,,,,,,,,,,4.504456,,,
2018-03-19,217.423660,158.300858,34.449055,46.516941,80.401791,83.102722,20.166634,15.810387,12.740000,4.727371,72.288850,44.140038,61.467426
2018-03-20,217.806870,158.821823,34.480007,47.024120,80.392989,82.940201,20.159224,15.838514,12.679000,4.882283,72.280937,44.279694,61.390076
2018-03-21,217.301666,158.130295,34.565128,47.285618,80.410592,82.997093,20.199978,15.979144,12.902000,4.890944,72.296763,44.403831,61.390076
2018-03-22,211.901154,154.227264,33.930622,45.748257,80.419361,83.338387,20.237034,15.938960,12.851000,4.780951,72.304647,43.441742,61.490593
2018-03-23,207.389099,150.163208,33.512772,44.868633,80.428170,83.452148,20.248146,15.979144,13.018000,4.863743,72.312568,42.945179,61.506084
2018-03-24,,,,,,,,,,4.747895,,,
2018-03-25,,,,,,,,,,4.653497,,,
2018-03-26,213.097855,155.743011,34.112381,46.334675,80.419361,83.224625,20.225920,15.938960,13.087000,4.496635,72.304647,43.825733,61.467426
2018-03-27,209.405212,150.703140,33.832790,45.526375,80.436930,83.695908,20.311129,15.918871,13.005000,4.290487,72.320444,43.351219,61.676239
2018-03-28,208.818924,148.969513,33.995892,45.320339,80.445748,83.679657,20.303726,15.878697,12.825000,4.357004,72.328372,43.499027,61.668545
2018-03-29,211.829010,151.697876,34.368694,46.279209,80.463293,83.850296,20.333364,15.886732,12.831000,3.924956,72.344147,43.989094,61.823227
2018-03-30,,,,,,,,,,3.774229,,,
2018-03-31,,,,,,,,,,3.819696,,,
2018-04-01,,,,,,,,,,3.748874,,,
2018-04-02,206.928833,147.321136,33.856068,45.407509,80.458934,83.935768,20.365307,15.902801,12.986000,3.880096,72.340227,43.304550,61.815475
2018-04-03,209.553925,148.978989,34.120155,45.882980,80.450158,83.667145,20.331877,15.918871,12.873000,4.084026,72.332336,43.709061,61.745621
2018-04-04,211.969055,151.328400,34.197811,45.914680,80.467686,83.618347,20.339302,15.818426,12.896000,3.754137,72.348096,43.779060,61.745621
2018-04-05,213.500366,152.190475,34.454124,46.025623,80.476504,83.406693,20.283587,15.830478,12.830000,3.730930,72.356024,44.066879,61.660378
2018-04-06,208.801422,148.382172,34.174522,45.185619,80.476504,83.772957,20.357883,15.850568,12.894000,3.634992,72.356024,43.607933,61.815475
2018-04-07,,,,,,,,,,3.785495,,,
2018-04-08,,,,,,,,,,3.847078,,,
2018-04-09,209.650177,149.424240,34.469658,45.249012,80.485280,83.789276,20.372742,15.918871,12.850000,3.708614,72.363915,43.934643,61.877445
2018-04-10,213.106567,152.721039,34.850235,46.089016,80.476504,83.642761,20.357883,16.007268,12.970000,3.743686,72.356024,44.455818,61.768913
2018-04-11,211.977798,151.839966,34.687134,46.120716,80.494140,83.724129,20.409887,15.991196,13.067000,3.816843,72.371881,44.323570,61.815475
2018-04-12,213.754120,153.668304,34.819180,46.104866,80.494140,83.422943,20.383881,16.031375,12.913000,4.321275,72.371881,44.448040,61.699112
2018-04-13,213.159088,152.872620,34.850235,45.692791,80.494140,83.496185,20.387602,16.015303,13.005000,4.324950,72.371881,44.378025,61.745621
2018-04-14,,,,,,,,,,4.374401,,,
2018-04-15,,,,,,,,,,4.562205,,,
2018-04-16,214.891693,154.037811,34.912380,45.756187,80.511693,83.455505,20.391317,15.999233,13.015000,4.414074,72.387663,44.463593,61.753395
2018-04-17,217.201782,157.353516,35.091030,45.819584,80.511693,83.504402,20.421038,15.942980,13.025000,4.328308,72.387663,44.658070,61.776688
2018-04-18,217.324280,157.675552,35.300728,46.176189,80.502925,83.178764,20.383881,16.007268,13.100000,4.471450,72.379779,44.914776,61.575069
2018-04-19,216.134155,156.226181,35.137611,45.914680,80.520511,82.950882,20.354158,16.023339,13.019000,4.543143,72.395591,44.720299,61.427715
2018-04-20,214.384155,153.753601,34.966751,45.391655,80.520511,82.674133,20.279871,16.047445,12.917000,4.845234,72.395591,44.440258,61.272648
2018-04-21,,,,,,,,,,4.872485,,,
2018-04-22,,,,,,,,,,4.821479,,,
2018-04-23,214.287842,153.365219,34.927917,45.035061,80.520511,82.592751,20.283587,16.063517,12.813000,4.891820,72.395591,44.308029,61.241673
2018-04-24,211.365295,150.115814,34.772572,44.789398,80.529305,82.495033,20.212996,15.999233,12.830000,5.311730,72.403497,44.121326,61.133095
2018-04-25,211.907806,150.295822,34.694901,44.519962,80.538114,82.315971,20.198141,16.035393,12.777000,4.845185,72.411418,43.981308,61.047768
2018-04-26,214.086639,153.459900,34.951210,45.058830,80.546916,82.552010,20.246437,16.027354,12.743000,5.083874,72.419331,44.300251,61.171833
2018-04-27,214.314178,153.554657,34.990040,45.344112,80.555692,82.690414,20.294729,15.975123,12.801000,4.922586,72.427222,44.409153,61.264908
2018-04-28,,,,,,,,,,5.120557,,,
2018-04-29,,,,,,,,,,5.159228,,,
2018-04-30,212.564056,152.465179,34.803654,45.050903,80.546916,82.779961,20.331877,16.031375,12.770000,5.061439,72.419331,44.191341,61.295940
2018-05-01,213.019089,154.208313,34.772572,44.844864,80.553089,82.650284,20.275209,15.995212,12.580000,4.994866,72.424881,44.090233,61.201115
2018-05-02,211.566513,153.298889,34.725967,44.480339,80.561857,82.666565,20.286402,15.991196,12.615000,5.058903,72.432765,43.973530,61.208904
2018-05-03,211.067749,153.279984,34.795879,44.345623,80.561857,82.878624,20.312487,15.995212,12.740000,5.337123,72.432765,44.066879,61.263283
2018-05-04,213.867844,156.188263,34.927917,44.567501,80.579493,82.886772,20.319948,16.055482,12.705000,5.313515,72.448621,44.199123,61.302128
2018-05-05,,,,,,,,,,5.399725,,,
2018-05-06,,,,,,,,,,5.288341,,,
2018-05-07,214.532883,157.486176,34.920147,44.313923,80.579493,82.846008,20.323671,16.063517,12.705000,5.133993,72.448621,44.129101,61.271019
2018-05-08,214.524139,157.325089,34.920147,44.512035,80.588328,82.707367,20.297585,16.007268,12.706000,5.058301,72.456565,44.245796,61.224430
2018-05-09,216.606750,159.039795,35.028873,44.583355,80.588328,82.519814,20.286402,16.091643,12.682000,5.107794,72.456565,44.292469,61.154499
2018-05-10,218.636826,160.688126,35.277416,45.526375,80.588328,82.691086,20.316221,16.055482,12.766000,4.953748,72.456565,44.751404,61.278820
2018-05-11,219.170609,160.536560,35.347321,45.423351,80.588328,82.699234,20.312487,16.027354,12.751000,4.623760,72.456565,44.805870,61.341000
2018-05-12,,,,,,,,,,4.658487,,,
2018-05-13,,,,,,,,,,4.778470,,,
2018-05-14,219.415649,160.811279,35.409462,45.470901,80.588328,82.519814,20.264029,16.143875,12.699000,4.774554,72.456565,44.852520,61.263283
2018-05-15,217.910568,159.030304,35.114330,44.551659,80.605931,82.063110,20.204386,16.188074,12.497000,4.661494,72.472391,44.432476,60.975727
2018-05-16,218.838089,160.081863,35.223045,45.225246,80.614741,81.891869,20.170841,16.204143,12.500000,4.583961,72.480312,44.650284,60.929081
2018-05-17,218.654358,159.466049,35.269657,44.615051,80.614741,81.842934,20.141012,16.192090,12.440000,4.433600,72.480312,44.549168,60.874714
2018-05-18,218.111801,158.641937,35.145378,44.274292,80.623559,82.160988,20.193207,16.208159,12.489000,4.519404,72.488241,44.354698,61.037907
2018-05-19,,,,,,,,,,4.517328,,,
2018-05-20,,,,,,,,,,4.663066,,,
2018-05-21,219.713104,159.532364,35.370628,44.464485,80.623559,82.218094,20.204386,16.184053,12.492000,4.611436,72.488241,44.650284,61.037907
2018-05-22,219.083115,159.323959,35.347321,44.622978,80.623559,82.185440,20.189478,16.204143,12.490000,4.404822,72.488241,44.634735,61.053440
2018-05-23,219.765594,160.669205,35.013359,44.615051,80.632385,82.560555,20.249109,16.180035,12.502000,4.139737,72.496176,44.253571,61.239960
2018-05-24,219.345581,160.621841,34.896847,44.393173,80.649972,82.772598,20.260300,16.167986,12.609000,4.155906,72.511988,44.098000,61.364315
2018-05-25,218.794296,160.782913,34.702675,44.543732,80.658798,83.098763,20.297585,16.075568,12.573000,4.097188,72.519924,43.934643,61.496418
2018-05-26,,,,,,,,,,4.029126,,,
2018-05-27,,,,,,,,,,4.035885,,,
2018-05-28,,,,,,,,,,3.908683,,,
2018-05-29,216.265457,160.072433,34.003651,43.553162,80.658798,83.995842,20.420591,16.095660,12.569000,4.093053,72.519924,43.071198,61.923862
2018-05-30,219.118103,161.218658,34.492962,43.957321,80.649972,83.637039,20.387049,16.075568,12.588000,4.056864,72.511988,43.631268,61.737373
2018-05-31,217.700546,161.114395,34.306553,44.004860,80.667558,83.596260,20.383326,16.051463,12.579000,4.104873,72.527800,43.467907,61.714035
2018-06-01,219.993164,163.643875,34.562862,44.488262,80.672866,83.287376,20.356417,16.047445,12.497000,4.130770,72.532572,43.864632,61.752262
2018-06-02,,,,,,,,,,4.186640,,,
2018-06-03,,,,,,,,,,4.228707,,,
2018-06-04,220.964462,165.121719,34.718208,44.955811,80.681717,82.993240,20.319061,15.975123,12.484000,4.115992,72.540530,44.027992,61.619610
2018-06-05,221.270660,165.633301,34.679371,44.630901,80.681717,83.205681,20.352680,15.918871,12.535000,4.181332,72.540530,43.934643,61.674229
2018-06-06,223.038254,166.599518,34.974503,45.272797,80.672866,82.870674,20.319061,15.910839,12.535000,4.192408,72.532572,44.385807,61.502460
2018-06-07,222.933243,165.244873,34.772572,44.622978,80.681717,83.222015,20.367634,15.963069,12.561000,4.205696,72.540530,44.035763,61.658596
2018-06-08,223.633331,165.254333,34.834698,44.583355,80.699370,83.107597,20.341480,15.930925,12.545000,4.176490,72.556402,44.098000,61.580540
2018-06-09,,,,,,,,,,4.125583,,,
2018-06-10,,,,,,,,,,3.716989,,,
2018-06-11,223.922028,165.699570,35.059944,44.535812,80.708180,83.025917,20.341480,15.918871,12.568000,3.783211,72.564323,44.292469,61.525883
2018-06-12,224.298340,166.571152,34.842468,44.456570,80.708180,82.976875,20.326534,15.926909,12.523000,3.605436,72.564323,44.105778,61.518051
2018-06-13,223.405823,166.561676,34.858009,44.139584,80.699370,82.878807,20.319061,15.946997,12.566000,3.478108,72.556402,44.074657,61.479000
2018-06-14,224.053299,168.247940,34.772572,43.846375,80.725816,83.140335,20.356417,15.967089,12.586000,3.656371,72.580179,43.911304,61.611725
2018-06-15,223.860764,167.660553,34.531799,43.553162,80.725816,83.205681,20.375095,15.858606,12.399000,3.536541,72.580179,43.615704,61.619610
2018-06-16,,,,,,,,,,3.587799,,,
2018-06-17,,,,,,,,,,3.559924,,,
2018-06-18,223.327026,167.563751,34.291027,42.958828,80.717006,83.246506,20.393776,15.894766,12.337000,3.688945,72.572259,43.273445,61.619610
2018-06-19,222.478226,167.089081,33.918205,42.449093,80.734659,83.467125,20.419928,15.882711,12.327000,3.708182,72.588130,42.822269,61.721088
2018-06-20,222.880753,168.275787,33.988110,42.648834,80.725816,83.197472,20.360155,15.830478,12.266000,3.711802,72.580179,42.946732,61.580540
2018-06-21,221.489471,166.813721,33.755096,42.065590,80.734659,83.418144,20.401251,15.810387,12.246000,3.686163,72.588130,42.550011,61.611725
2018-06-22,221.883224,166.443527,34.116894,42.473061,80.743494,83.434464,20.427404,15.878697,12.276000,3.332294,72.596074,43.000626,61.650814
2018-06-23,,,,,,,,,,3.375450,,,
2018-06-24,,,,,,,,,,3.381339,,,
2018-06-25,218.811829,162.693466,33.637135,41.953728,80.761080,83.548843,20.431137,15.878697,12.229000,3.422940,72.611885,42.410820,61.642975
2018-06-26,219.293137,163.358047,33.676460,41.761978,80.752304,83.589729,20.457283,15.918871,12.166000,3.337760,72.603994,42.465870,61.744495
2018-06-27,217.472992,161.136505,33.369732,40.947033,80.769948,83.908401,20.528265,16.011284,12.095000,3.372520,72.619859,41.938976,61.892841
2018-06-28,218.797867,162.522568,33.487705,41.250641,80.769948,83.826683,20.513325,16.003251,12.070000,3.233563,72.619859,42.151306,61.845982
2018-06-29,219.351700,162.959259,33.739388,41.953728,80.787543,83.761330,20.513325,16.007268,12.097000,3.406025,72.635678,42.544502,61.830360
2018-06-30,,,,,,,,,,3.507741,,,
2018-07-01,,,,,,,,,,3.497783,,,
2018-07-02,219.606674,164.051132,33.377605,41.458366,80.776104,83.703987,20.537300,16.055482,11.981000,3.622866,72.625394,42.096252,61.792065
2018-07-03,218.718750,162.152390,33.448368,41.482346,80.793716,83.916855,20.567265,15.991196,12.113000,3.576532,72.641228,42.190636,61.917229
2018-07-04,,,,,,,,,,3.613756,,,
2018-07-05,220.591293,164.164978,33.660744,41.386463,80.793716,83.925011,20.585985,16.039410,12.149000,3.636537,72.641228,42.465870,62.003307
2018-07-06,222.428726,166.718796,33.888802,41.929760,80.811410,83.998657,20.615955,15.967089,12.150000,3.655358,72.657137,42.693920,62.073727
2018-07-07,,,,,,,,,,3.755830,,,
2018-07-08,,,,,,,,,,3.710340,,,
2018-07-09,224.397903,168.218826,34.195534,42.640839,80.811410,83.785835,20.574759,16.007268,12.156000,3.692741,72.657137,43.150043,62.018993
2018-07-10,225.180374,168.342194,34.234848,42.528992,80.820245,83.720383,20.556021,16.091643,12.131000,3.467181,72.665080,43.150043,61.979847
2018-07-11,223.641876,167.487762,33.637135,41.745998,80.820245,83.892288,20.574759,16.099677,12.000000,3.502652,72.665080,42.442280,62.011158
2018-07-12,225.558395,170.373840,33.920265,42.337234,80.820245,83.859558,20.548536,16.083606,12.048000,3.411782,72.665080,42.804024,62.058125
2018-07-13,225.751801,170.516266,34.014637,42.321259,80.829072,83.998657,20.585985,16.131822,11.994000,3.416843,72.673016,42.937706,62.112896
2018-07-14,,,,,,,,,,3.437696,,,
2018-07-15,,,,,,,,,,3.483443,,,
2018-07-16,225.611145,170.108017,34.022507,42.161465,80.837906,83.859558,20.544788,16.019320,12.041000,3.692741,72.680959,42.851200,62.026794
2018-07-17,226.578156,171.142838,34.061829,42.441105,80.837906,83.810440,20.514822,16.059497,11.882000,4.010043,72.680959,42.992756,62.003307
2018-07-18,226.991364,170.820099,34.077557,42.401157,80.846758,83.744942,20.481112,16.091643,11.861000,4.037287,72.688918,42.984898,61.972000
2018-07-19,226.129791,169.965622,33.935989,41.889816,80.855601,83.974152,20.511076,16.111730,11.795000,4.089914,72.696868,42.764690,62.089397
2018-07-20,225.918839,169.927689,34.140472,42.473061,80.864461,83.679459,20.454889,16.031375,11.908000,4.028167,72.704834,43.094990,61.948589
2018-07-21,,,,,,,,,,4.063858,,,
2018-07-22,,,,,,,,,,4.063420,,,
2018-07-23,226.349548,170.468842,34.085419,42.161465,80.855601,83.270111,20.372482,16.043431,11.828000,4.223700,72.696868,42.953434,61.752857
2018-07-24,227.413315,171.171326,34.297764,42.768673,80.873229,83.327446,20.372482,16.055482,11.835000,4.614328,72.712718,43.275867,61.846809
2018-07-25,229.496872,173.563705,34.557293,43.439812,80.864461,83.270111,20.372482,16.051463,11.925000,4.481293,72.704834,43.724129,61.846809
2018-07-26,228.819946,170.933990,34.415730,43.016357,80.873229,83.180107,20.365002,16.135843,11.813000,4.355416,72.712718,43.496052,61.846809
2018-07-27,227.334244,168.627014,34.502235,43.144188,80.890923,83.311058,20.394964,16.107713,11.814000,4.472320,72.728627,43.558960,61.831158
2018-07-28,,,,,,,,,,4.487186,,,
2018-07-29,,,,,,,,,,4.501597,,,
2018-07-30,226.024338,166.244110,34.478649,43.056301,80.882080,83.204651,20.391216,16.099677,11.754000,4.480794,72.720676,43.582561,61.760784
2018-07-31,227.167236,167.516251,34.510105,43.224087,80.899750,83.319237,20.406200,16.015303,11.852000,4.261675,72.736562,43.629749,61.807678
2018-08-01,226.885864,168.152390,34.392139,42.944450,80.904167,83.122330,20.368595,16.067534,11.746000,4.176485,72.740534,43.433147,61.773926
2018-08-02,228.037582,170.440338,34.132607,42.393166,80.912994,83.220795,20.372358,16.123787,11.681000,4.144847,72.748470,43.102856,61.805328
2018-08-03,229.154022,170.962524,34.179794,42.704762,80.912994,83.434067,20.417475,16.079589,11.722000,4.072129,72.748470,43.205090,61.938717
2018-08-04,,,,,,,,,,3.852189,,,
2018-08-05,,,,,,,,,,3.871705,,,
2018-08-06,230.015594,171.968811,34.014637,42.425121,80.921870,83.475090,20.417475,16.151911,11.659000,3.807794,72.756451,43.016354,61.993591
2018-08-07,230.657349,172.595428,34.226990,42.816620,80.930721,83.302849,20.398678,16.143875,11.689000,3.698969,72.764409,43.260143,61.883766
2018-08-08,230.534271,172.804260,34.219105,42.728733,80.921870,83.376663,20.398678,16.027354,11.720000,3.453953,72.756451,43.268002,61.868103
2018-08-09,230.244141,172.699875,34.156200,42.640839,80.930721,83.606316,20.443806,16.071553,11.705000,3.597697,72.764409,43.150043,61.985748
2018-08-10,228.679291,171.380203,33.511303,41.738010,80.948424,83.967194,20.507721,16.172001,11.697000,3.387627,72.780325,42.332188,62.111267
2018-08-11,,,,,,,,,,3.448437,,,
2018-08-12,,,,,,,,,,3.463204,,,
2018-08-13,227.817749,171.190323,33.346142,41.050907,80.957284,83.942635,20.507721,16.147894,11.528000,3.449445,72.788291,42.009750,62.119080
2018-08-14,229.285828,172.263107,33.393333,41.314560,80.939590,83.860580,20.470119,16.159946,11.534000,3.395843,72.772382,42.088394,62.079876
2018-08-15,227.598007,170.155518,32.882137,40.180031,80.957284,84.065643,20.507721,16.131822,11.340000,3.455443,72.788291,41.404221,62.150459
2018-08-16,229.444168,170.715668,33.110199,40.443672,80.957284,84.041077,20.496439,16.131822,11.337000,3.469799,72.788291,41.648006,62.181862
2018-08-17,230.208923,170.753586,33.330410,40.835171,80.966119,84.073898,20.500202,16.063517,11.437000,3.604489,72.796234,41.923244,62.252460
2018-08-18,,,,,,,,,,3.518564,,,
2018-08-19,,,,,,,,,,3.563649,,,
2018-08-20,230.718933,170.601761,33.471989,40.994968,80.966119,84.336319,20.564129,16.071553,11.492000,3.455448,72.796234,42.111973,62.330894
2018-08-21,231.219986,171.228287,33.692177,41.482346,80.974970,84.221466,20.541563,16.087624,11.525000,3.554167,72.804193,42.418686,62.299488
2018-08-22,231.149612,171.892899,33.857346,41.777966,80.974970,84.377380,20.575397,16.172001,11.556000,3.492793,72.804193,42.638870,62.338745
2018-08-23,230.815582,171.646027,33.605679,41.170742,81.001508,84.369118,20.594200,16.244323,11.446000,3.579429,72.828053,42.237820,62.338745
2018-08-24,232.266190,173.240952,33.857346,41.857857,81.001508,84.393791,20.613005,16.208159,11.640000,3.680806,72.828053,42.631012,62.370136
2018-08-25,,,,,,,,,,3.704484,,,
2018-08-26,,,,,,,,,,3.673849,,,
2018-08-27,234.015625,175.006775,34.321365,42.425121,81.010334,84.205124,20.586685,16.204143,11.687000,3.771008,72.835988,43.189350,62.291687
2018-08-28,234.147491,175.263062,34.242714,42.297279,81.010334,84.016449,20.545324,16.228250,11.602000,3.886932,72.835988,43.110718,62.197506
2018-08-29,235.430984,177.285263,34.431473,42.497025,81.001508,83.991837,20.537796,16.260392,11.649000,3.860027,72.828053,43.307316,62.158329
2018-08-30,234.472733,176.971970,34.124737,41.474350,81.036872,84.147690,20.564129,16.304592,11.594000,3.822271,72.859848,42.764690,62.205406
2018-08-31,234.481567,177.199844,33.912403,41.793941,81.028004,84.164047,20.545324,16.324680,11.580000,3.854780,72.851875,42.583828,62.221046
2018-09-01,,,,,,,,,,3.940047,,,
2018-09-02,,,,,,,,,,3.983576,,,
2018-09-03,,,,,,,,,,3.976641,,,
2018-09-04,234.156311,176.440353,33.574223,40.947033,81.035092,83.971786,20.502333,16.429142,11.517000,4.032292,72.858248,42.072674,62.125134
2018-09-05,233.496979,174.161896,33.322544,40.379768,81.026257,83.963554,20.498564,16.324680,11.557000,3.720720,72.850304,41.687332,62.140881
2018-09-06,232.811234,172.604889,33.204575,40.403732,81.043976,84.136116,20.506109,16.276466,11.585000,3.576302,72.866236,41.600819,62.235203
2018-09-07,232.248550,171.940323,32.937183,40.196003,81.061721,83.758095,20.457081,16.312628,11.551000,3.542287,72.882190,41.301987,62.038666
2018-09-08,,,,,,,,,,3.410232,,,
2018-09-09,,,,,,,,,,3.451247,,,
2018-09-10,232.688171,172.519470,33.118073,39.788536,81.061721,83.807396,20.464622,16.316645,11.542000,3.467044,72.882190,41.349171,62.077957
2018-09-11,233.567215,173.848541,33.165245,39.892399,81.070572,83.503296,20.426916,16.344769,11.550000,3.462388,72.890148,41.412083,61.944305
2018-09-12,233.593643,173.335907,33.306820,40.068169,81.070572,83.601906,20.442001,16.328700,11.640000,3.479149,72.890148,41.569374,61.991455
2018-09-13,234.921127,175.187195,33.519165,40.555542,81.070572,83.593689,20.411835,16.312628,11.604000,3.569806,72.890148,41.938976,62.030792
2018-09-14,235.044159,174.674515,33.589943,40.531567,81.079457,83.437508,20.381668,16.674236,11.528000,3.567286,72.898136,41.931110,61.928608
2018-09-15,,,,,,,,,,3.583987,,,
2018-09-16,,,,,,,,,,3.569735,,,
2018-09-17,233.716644,172.158676,33.621410,40.227966,81.097168,83.453987,20.377893,16.348788,11.588000,3.440478,72.914060,41.899654,61.920723
2018-09-18,234.991409,173.582764,33.967445,40.571518,81.097168,83.108818,20.328867,16.364858,11.569000,3.489830,72.914060,42.324310,61.779182
2018-09-19,235.255127,173.449814,34.085419,41.074860,81.097168,82.969078,20.317562,16.344769,11.614000,3.504750,72.914060,42.568111,61.684818
2018-09-20,237.145294,175.367569,34.455063,41.506313,81.114854,82.977264,20.328867,16.252358,11.657000,3.571098,72.929962,43.008480,61.763458
2018-09-21,236.978287,174.408691,34.462921,41.650131,81.114854,83.010170,20.347729,16.252358,11.576000,3.689016,72.929962,43.032078,61.802757
2018-09-22,,,,,,,,,,3.681912,,,
2018-09-23,,,,,,,,,,3.675695,,,
2018-09-24,236.187088,174.893768,34.313492,41.170742,81.123731,82.919762,20.328867,16.308611,11.574000,3.612584,72.937943,42.764690,61.724110
2018-09-25,235.896927,175.131516,34.478649,41.386463,81.123731,82.837585,20.321337,16.300574,11.596000,3.531004,72.937943,43.008480,61.676968
2018-09-26,235.205460,175.255173,34.492870,41.434406,81.123731,83.108818,20.347729,16.308611,11.535000,3.557586,72.937943,43.030613,61.834209
2018-09-27,235.858932,176.738846,34.398140,41.634148,81.141434,83.108818,20.362814,16.372893,11.434000,3.657138,72.953859,42.983196,61.881393
2018-09-28,235.832489,176.700745,34.153458,41.370476,81.141434,83.149857,20.347729,16.376911,11.506000,3.639270,72.953859,42.674995,61.881393
2018-09-29,,,,,,,,,,3.616172,,,
2018-09-30,,,,,,,,,,3.629099,,,
2018-10-01,236.706680,177.062164,34.240288,41.362495,81.146783,82.939049,20.303530,16.425127,11.483000,3.609413,72.958668,42.746109,61.765572
2018-10-02,236.680237,176.662750,34.019268,40.891109,81.155634,83.153191,20.341311,16.405040,11.616000,3.591053,72.966627,42.485310,61.875877
2018-10-03,236.883362,176.852936,33.964012,40.571518,81.155634,82.535538,20.243092,16.461289,11.570000,3.561743,72.966627,42.327267,61.560635
2018-10-04,234.940475,173.457596,33.529903,39.604763,81.173387,82.321404,20.190212,16.441199,11.578000,3.602331,72.982588,41.742466,61.403008
2018-10-05,233.615906,171.336685,33.364147,39.421009,81.182255,82.123756,20.118437,16.441199,11.613000,3.627412,72.990561,41.521183,61.292660
2018-10-06,,,,,,,,,,3.608695,,,
2018-10-07,,,,,,,,,,3.616714,,,
2018-10-08,233.554077,170.290527,33.182598,39.484917,81.182255,82.156715,20.125990,16.425127,11.476000,3.643707,72.990561,41.363113,61.269012
2018-10-09,233.253815,170.842194,33.064213,39.325134,81.173387,82.313179,20.163771,16.437182,11.490000,3.638454,72.982588,41.220882,61.387260
2018-10-10,225.720963,163.328598,32.314369,38.214573,81.191148,82.354347,20.159994,16.380930,11.521000,3.607173,72.998557,40.225128,61.339954
2018-10-11,220.969879,161.302841,31.864462,37.783131,81.200016,82.692009,20.178885,16.248339,11.800000,3.426807,73.006530,39.687733,61.513336
2018-10-12,223.954758,165.791901,32.022324,38.837761,81.200016,82.593117,20.152435,16.212178,11.754000,3.436852,73.006530,40.059162,61.497581
2018-10-13,,,,,,,,,,3.443102,,,
2018-10-14,,,,,,,,,,3.445808,,,
2018-10-15,222.727234,163.785126,31.967077,38.446266,81.208917,82.642578,20.171328,16.200127,11.829000,3.613203,73.014533,39.893208,61.481804
2018-10-16,227.469528,168.550034,32.519573,39.397038,81.217777,82.634308,20.175100,16.236287,11.822000,3.612968,73.022499,40.659786,61.529106
2018-10-17,227.548981,168.616623,32.322247,38.917664,81.217777,82.395538,20.122221,16.220217,11.806000,3.584661,73.022499,40.319958,61.418819
2018-10-18,224.352142,164.707672,31.809212,37.918949,81.217777,82.543770,20.107109,16.537626,11.823000,3.547567,73.022499,39.648224,61.379372
2018-10-19,224.175583,164.555496,31.974962,38.326420,81.226662,82.444946,20.095779,16.220217,11.835000,3.541378,73.030487,39.877411,61.347813
2018-10-20,,,,,,,,,,3.554403,,,
2018-10-21,,,,,,,,,,3.550657,,,
2018-10-22,223.248245,165.401978,31.824989,38.653996,81.244381,82.461426,20.088221,16.256375,11.804000,3.553291,73.046419,39.814186,61.324211
2018-10-23,221.905945,164.793304,31.501366,38.254513,81.244381,82.675552,20.076893,16.135843,11.876000,3.547036,73.046419,39.395332,61.410904
2018-10-24,215.282684,157.251282,30.633146,37.064049,81.253258,83.120255,20.137333,16.139856,11.906000,3.558046,73.054400,38.296852,61.576374
2018-10-25,219.141830,162.691437,30.972538,37.687241,81.262126,82.922592,20.069323,16.176018,11.872000,3.547337,73.062373,38.786823,61.505466
2018-10-26,215.264984,158.506699,30.712069,37.303745,81.271010,83.293182,20.159994,16.196107,11.907000,3.546494,73.070361,38.462814,61.615788
2018-10-27,,,,,,,,,,3.549577,,,
2018-10-28,,,,,,,,,,3.552870,,,
2018-10-29,214.152344,155.244507,30.585781,36.632607,81.271010,83.284950,20.141102,16.212178,11.862000,3.468649,73.070361,38.241531,61.560635
2018-10-30,217.428650,157.802902,30.964645,37.311733,81.271010,83.103737,20.099550,16.240302,11.809000,3.469547,73.070361,38.699894,61.473965
2018-10-31,219.707047,161.512070,31.217222,37.759155,81.279862,82.897911,20.046673,16.236287,11.747000,3.460421,73.078319,39.023911,61.347813
2018-11-01,221.985428,163.642532,31.627670,39.061470,81.297648,82.968842,20.027760,16.007268,11.900000,3.493379,73.094311,39.735146,61.461582
2018-11-02,220.607803,161.093521,31.714487,39.317139,81.297648,82.506683,19.967241,15.979144,11.899000,3.499218,73.094311,39.956425,61.232494
2018-11-03,,,,,,,,,,3.484330,,,
2018-11-04,,,,,,,,,,3.492475,,,
2018-11-05,221.861816,160.694107,31.698696,39.436985,81.306549,82.556236,20.001287,16.035393,11.876000,3.516319,73.102314,39.964333,61.279858
2018-11-06,223.265961,161.911545,31.864462,39.349098,81.306549,82.465416,19.986155,16.055482,11.833000,3.538968,73.102314,40.051273,61.271954
2018-11-07,227.981735,166.990265,32.259113,40.052197,81.315459,82.465416,20.008852,16.023339,11.832000,3.576833,73.110324,40.588657,61.327290
2018-11-08,227.593124,165.925110,31.935488,39.077450,81.324335,82.349869,19.971020,16.059497,11.810000,3.534975,73.118305,40.130295,61.224571
2018-11-09,225.491364,163.128922,31.706589,38.374363,81.342096,82.671768,20.016411,16.276466,11.675000,3.497674,73.134274,39.711452,61.374710
2018-11-10,,,,,,,,,,3.510600,,,
2018-11-11,,,,,,,,,,3.511723,,,
2018-11-12,221.137680,158.192810,31.161968,37.839054,81.333228,82.919380,20.065580,16.192090,11.594000,3.489813,73.126301,39.079224,61.469505
2018-11-13,220.766754,158.325974,31.280373,38.278481,81.342096,82.985390,20.042902,16.244323,11.597000,3.483361,73.134274,39.284695,61.437920
2018-11-14,219.256592,157.118134,31.311928,38.502197,81.333228,83.158707,20.050451,16.441199,11.697000,3.143136,73.126301,39.403240,61.485294
2018-11-15,221.526260,159.866669,31.414553,39.317139,81.359924,83.216469,20.076931,16.147894,11.705000,3.093664,73.150303,39.687733,61.493221
2018-11-16,222.091446,159.305557,31.446121,39.436985,81.368792,83.472290,20.148792,16.232269,11.789000,3.053964,73.158276,39.687733,61.627560
2018-11-17,,,,,,,,,,3.042341,,,
2018-11-18,,,,,,,,,,3.080250,,,
2018-11-19,218.408859,154.131744,31.185640,38.933632,81.359924,83.596085,20.145006,16.336732,11.804000,2.668321,73.150303,39.347919,61.627560
2018-11-20,214.390793,151.373566,30.609457,38.102711,81.377668,83.579582,20.103416,16.300574,11.793000,2.438477,73.166257,38.549751,61.588009
2018-11-21,215.106110,152.524445,31.059362,38.781837,81.395429,83.563072,20.099625,16.252358,11.825000,2.520803,73.182225,39.142445,61.651215
2018-11-22,,,,,,,,,,2.391410,,,
2018-11-23,213.719589,151.421097,30.854134,38.342411,81.395429,83.612617,20.065580,16.252358,11.803000,2.381095,73.182225,38.897465,61.643333
2018-11-24,,,,,,,,,,2.125656,,,
2018-11-25,,,,,,,,,,2.196430,,,
2018-11-26,217.066589,154.921097,31.272469,38.805809,81.404322,83.546585,20.058025,16.224233,11.795000,2.069989,73.190221,39.411152,61.595943
2018-11-27,217.746536,155.444183,31.177755,39.037506,81.404322,83.629112,19.997501,16.224233,11.721000,2.092770,73.190221,39.316311,61.635437
2018-11-28,222.833221,160.446854,31.635571,39.972290,81.413199,83.620857,20.016411,16.196107,11.777000,2.331969,73.198202,39.995941,61.667038
2018-11-29,222.374054,159.923767,31.485594,39.660698,81.422075,83.835487,20.126093,16.167986,11.814000,2.343705,73.206183,39.798382,61.714439
2018-11-30,223.848785,161.084106,31.375071,39.524864,81.431001,84.000504,20.129881,16.123787,11.789000,2.200427,73.214208,39.679840,61.738163
2018-12-01,,,,,,,,,,2.308554,,,
2018-12-02,,,,,,,,,,2.267586,,,
2018-12-03,226.612885,163.899292,31.793411,40.395752,81.428314,84.184105,20.167770,16.055482,11.873000,2.132980,73.211792,40.248833,61.834774
2018-12-04,219.583389,157.612671,30.988321,39.596783,81.437207,84.572807,20.239740,16.055482,11.945000,2.167358,73.219788,39.268887,61.985237
2018-12-05,,,,,,,,,,2.056221,,,
2018-12-06,219.027039,158.725403,30.696276,39.221275,81.455052,84.787849,20.232166,16.095660,11.945000,1.928656,73.235832,38.944881,62.096165
2018-12-07,213.940384,153.484970,30.372652,38.470242,81.463928,85.035942,20.258673,16.039410,12.046000,1.873244,73.243812,38.439095,62.222881
2018-12-08,,,,,,,,,,1.904015,,,
2018-12-09,,,,,,,,,,1.979669,,,
2018-12-10,214.196472,155.092331,30.112183,38.086735,81.472854,85.085571,20.224586,16.103698,12.002000,1.918552,73.251838,38.107178,62.286221
2018-12-11,214.258316,155.605850,30.143759,38.358383,81.463928,84.870544,20.133680,16.079589,11.991000,1.875791,73.243812,38.233631,62.294182
2018-12-12,215.441635,156.975433,30.617350,38.965595,81.481756,84.638931,20.114725,16.063517,12.016000,1.909950,73.259841,38.834232,62.230759
2018-12-13,215.371002,157.022980,30.562090,39.005543,81.490682,84.688591,20.122309,16.079589,11.990000,1.815041,73.267867,38.778927,62.278324
2018-12-14,211.397079,153.199661,30.143759,38.470242,81.499583,84.820969,20.133680,16.115750,11.945000,1.776046,73.275870,38.241531,62.333755
2018-12-15,,,,,,,,,,1.772911,,,
2018-12-16,,,,,,,,,,1.781717,,,
2018-12-17,207.081055,149.728210,29.883286,38.110706,81.508468,85.068993,20.163979,16.119765,12.020000,1.942220,73.283858,37.917511,62.452553
2018-12-18,207.001144,150.669769,29.914856,38.386520,81.508468,85.278732,20.205650,16.155930,12.048000,2.024487,73.283858,37.964939,62.547619
2018-12-19,203.698196,146.970062,29.591242,37.760040,81.499542,85.577080,20.256207,16.184053,11.981000,2.051815,73.275832,37.530273,62.658470
2018-12-20,200.350861,144.839661,29.480740,38.109894,81.517378,85.469307,20.199184,16.107713,12.162000,2.264608,73.291869,37.482868,62.571358
2018-12-21,196.364288,140.350601,28.904535,37.743763,81.535222,85.543930,20.195381,16.220217,12.111000,2.134301,73.307912,36.905956,62.571358
2018-12-22,,,,,,,,,,2.198737,,,
2018-12-23,,,,,,,,,,2.190410,,,
2018-12-24,190.957108,136.870224,28.588665,37.442730,81.544156,85.759422,20.210590,16.171111,12.242000,2.234021,73.315945,36.519363,62.585648
2018-12-25,,,,,,,,,,2.089905,,,
2018-12-26,200.617264,145.416245,29.314550,38.199387,81.535222,85.353279,20.176373,16.150306,12.209000,2.112805,73.307912,37.413975,62.450687
2018-12-27,202.481812,145.978943,29.338467,38.158710,81.561984,85.568779,20.183973,16.158626,12.297000,2.001907,73.331974,37.421959,62.585648
2018-12-28,202.224319,145.902634,29.529917,38.443474,81.570910,86.032860,20.233400,16.162789,12.349000,2.149296,73.340000,37.629646,62.736496
2018-12-29,,,,,,,,,,2.092599,,,
2018-12-30,,,,,,,,,,2.117545,,,
2018-12-31,204.044464,147.133011,29.593731,38.362110,81.579795,86.356102,20.244804,16.129497,12.368000,2.050035,73.347988,37.717510,62.895363
2019-01-01,,,,,,,,,,2.105258,,,
2019-01-02,204.204300,147.724380,29.553844,38.451607,81.570910,86.538406,20.282816,16.179434,12.382000,2.159972,73.340000,37.645626,63.022373
2019-01-03,199.329788,142.898178,29.314550,37.760040,81.597664,87.226288,20.408278,16.141981,12.499000,2.101545,73.364054,37.222271,63.268547
2019-01-04,205.909027,149.012039,30.215914,38.923515,81.606566,86.521812,20.355049,16.071240,12.405000,2.113035,73.372057,38.436394,63.077942
2019-01-05,,,,,,,,,,2.106175,,,
2019-01-06,,,,,,,,,,2.232944,,,
2019-01-07,207.453964,150.786133,30.311636,39.013016,81.606566,86.281517,20.351252,16.029625,12.428000,2.204798,73.372057,38.556202,62.982651
2019-01-08,209.469467,152.150040,30.527006,39.110634,81.606566,86.066010,20.362663,16.008818,12.401000,2.207865,73.372057,38.835762,62.903259
2019-01-09,210.437241,153.389999,30.901924,39.818493,81.606566,86.115738,20.389271,15.954720,12.477000,2.210302,73.372057,39.354965,62.990639
2019-01-10,211.316269,153.828720,31.029545,40.086979,81.615517,86.074318,20.343649,16.021298,12.405000,2.015102,73.380105,39.482780,62.863567
2019-01-11,211.218597,153.265991,30.838106,39.891716,81.633369,86.331192,20.400675,16.004655,12.425000,2.019726,73.396156,39.227165,62.990639
2019-01-12,,,,,,,,,,2.005449,,,
2019-01-13,,,,,,,,,,1.946102,,,
2019-01-14,210.055450,151.911606,30.678572,39.582531,81.624427,86.281517,20.358864,16.021298,12.459000,2.029961,73.388116,39.059418,62.935040
2019-01-15,212.514908,154.877945,30.870012,39.875439,81.642296,86.198608,20.336044,16.075399,12.435000,1.988674,73.404182,39.307041,62.942986
2019-01-16,212.985489,154.849319,30.965736,40.314793,81.651189,86.148895,20.336044,16.042108,12.472000,2.002001,73.412177,39.466797,62.966778
2019-01-17,214.574783,156.070160,31.069445,40.444981,81.669025,85.991440,20.328445,15.983847,12.460000,2.014905,73.428214,39.642521,62.895363
2019-01-18,217.460434,157.615265,31.404449,40.697197,81.669025,85.717957,20.301826,15.988010,12.353000,2.003553,73.428214,39.962017,62.847687
2019-01-19,,,,,,,,,,2.042294,,,
2019-01-20,,,,,,,,,,1.972427,,,
2019-01-21,,,,,,,,,,1.958744,,,
2019-01-22,214.565918,154.458267,30.917866,39.981209,81.677934,86.016312,20.313236,16.050432,12.389000,1.974379,73.436224,39.354965,62.958851
2019-01-23,214.885529,154.658539,31.077402,40.355476,81.677934,85.974838,20.294230,16.012976,12.374000,1.963723,73.436224,39.594601,63.022373
2019-01-24,215.098602,155.660019,31.117290,40.705330,81.704672,86.248367,20.309433,16.037946,12.351000,1.972346,73.460264,39.738373,63.157372
2019-01-25,216.927689,157.519882,31.508152,41.242321,81.695754,86.049438,20.286621,15.929749,12.532000,1.971744,73.452246,40.177689,63.085896
2019-01-26,,,,,,,,,,1.973220,,,
2019-01-27,,,,,,,,,,1.963089,,,
2019-01-28,215.249542,155.574173,31.356594,40.827370,81.704672,86.074318,20.271416,15.983847,12.573000,1.900912,73.460264,39.962017,63.109734
2019-01-29,214.983215,154.105316,31.444332,40.868053,81.704672,86.322945,20.309433,15.996333,12.651000,1.888679,73.460264,40.041904,63.236778
2019-01-30,218.383820,158.025436,31.795326,41.763042,81.722566,86.521812,20.423498,15.929749,12.736000,1.909529,73.476352,40.521152,63.300301
2019-01-31,220.203949,160.390884,31.803295,42.047806,81.722566,86.919640,20.552757,15.933915,12.730000,1.893979,73.476352,40.609020,63.594112
2019-02-01,220.390411,159.713684,31.787336,41.811859,81.730569,86.454582,20.488119,15.942238,12.706000,1.910495,73.483548,40.545116,63.417355
2019-02-02,,,,,,,,,,1.928634,,,
2019-02-03,,,,,,,,,,1.897386,,,
2019-02-04,221.961960,161.697556,31.899012,41.893215,81.739503,86.263580,20.442499,15.925589,12.653000,1.894725,73.491581,40.680908,63.361656
2019-02-05,222.947525,163.128265,32.154270,42.422066,81.739503,86.413040,20.469109,15.967200,12.683000,1.898670,73.491581,41.040348,63.496979
2019-02-06,222.672226,162.641861,31.946869,41.876942,81.757356,86.479469,20.450100,15.946398,12.597000,1.869865,73.507632,40.752800,63.473091
2019-02-07,220.488037,160.457626,31.540047,41.470139,81.757356,86.761856,20.469109,15.996333,12.631000,1.862034,73.507632,40.217621,63.520851
2019-02-08,220.772171,160.772400,31.428383,41.250462,81.775275,86.878136,20.491924,16.037946,12.675000,2.008450,73.523743,40.065868,63.616367
2019-02-09,,,,,,,,,,2.010873,,,
2019-02-10,,,,,,,,,,2.021272,,,
2019-02-11,220.887619,160.619766,31.364573,41.112141,81.766340,86.745247,20.453897,16.092044,12.615000,1.998399,73.515710,39.985985,63.592525
2019-02-12,223.746597,162.994705,31.779362,41.478268,81.784201,86.628998,20.450100,16.092044,12.642000,2.001192,73.531768,40.409328,63.584534
2019-02-13,224.421417,163.109207,31.787336,41.169098,81.784201,86.413040,20.442499,16.071240,12.590000,1.989438,73.531768,40.353413,63.488995
2019-02-14,223.924240,163.309464,31.787336,41.258595,81.802104,86.819962,20.491924,16.117012,12.655000,1.981118,73.547864,40.369392,63.600452
2019-02-15,226.392487,163.996231,32.218079,41.201637,81.802104,86.736946,20.514727,16.125336,12.737000,1.983271,73.547864,40.776756,63.624283
2019-02-16,,,,,,,,,,1.988188,,,
2019-02-17,,,,,,,,,,2.012315,,,
2019-02-18,,,,,,,,,,2.144802,,,
2019-02-19,226.783173,164.320526,32.377609,41.470139,81.819915,86.886383,20.552757,16.137820,12.925000,2.161990,73.563878,40.992432,63.680061
2019-02-20,227.307037,164.291901,32.505238,41.763042,81.819915,86.869804,20.564167,16.146142,12.906000,2.190870,73.563878,41.184120,63.656178
2019-02-21,226.481277,163.691010,32.425476,41.640999,81.828866,86.612366,20.522341,16.137820,12.764000,2.165837,73.571926,41.056332,63.528786
2019-02-22,227.839737,164.902313,32.545128,42.104755,81.846735,86.869804,20.579369,16.133658,12.805000,2.193996,73.587992,41.311916,63.672112
2019-02-23,,,,,,,,,,2.269037,,,
2019-02-24,,,,,,,,,,2.087132,,,
2019-02-25,228.177124,165.503220,32.648823,42.527843,81.837792,86.736946,20.564167,16.141981,12.794000,2.126717,73.579952,41.495644,63.648212
2019-02-26,228.008408,165.674957,32.784431,42.413937,81.846735,86.994400,20.598366,16.196076,12.816000,2.111194,73.587992,41.639431,63.735783
2019-02-27,227.893005,165.570007,32.680737,42.072205,81.855678,86.687119,20.545147,16.154466,12.728000,2.109381,73.596033,41.439735,63.608425
2019-02-28,227.360336,165.188446,32.545128,41.592182,81.873581,86.462883,20.518534,16.154466,12.653000,2.111429,73.612129,41.271992,63.536774
2019-03-01,228.922943,166.333054,32.744556,41.551498,81.882524,86.179169,20.461506,16.100366,12.437000,2.114057,73.620170,41.383820,63.340511
2019-03-02,,,,,,,,,,2.116703,,,
2019-03-03,,,,,,,,,,2.107260,,,
2019-03-04,228.043961,166.361649,32.616913,41.640999,81.873589,86.445389,20.491924,16.158626,12.405000,2.060364,73.612136,41.335896,63.452179
2019-03-05,227.777634,166.485641,32.640854,42.055939,81.882524,86.495346,20.491924,16.108689,12.424000,2.134209,73.620170,41.415775,63.500076
2019-03-06,226.321472,165.541397,32.545128,41.852535,81.891500,86.736626,20.510931,16.146142,12.416000,2.138354,73.628240,41.279987,63.579861
2019-03-07,224.501343,163.509796,32.130333,41.087738,81.909369,87.027878,20.567966,16.233532,12.399000,2.142485,73.644306,40.728836,63.763359
2019-03-08,224.048447,163.261810,32.090454,40.859917,81.918370,87.152657,20.586967,16.225209,12.531000,2.136814,73.652399,40.640968,63.843109
2019-03-09,,,,,,,,,,2.170874,,,
2019-03-10,,,,,,,,,,2.164458,,,
2019-03-11,227.315887,166.657318,32.385586,41.575905,81.918370,87.086067,20.590769,16.254340,12.471000,2.139058,73.652399,41.120224,63.811256
2019-03-12,228.123825,167.572952,32.401546,41.795582,81.927305,87.327377,20.632595,16.191917,12.551000,2.141210,73.660432,41.184120,63.962822
2019-03-13,229.677612,168.831985,32.640854,41.860668,81.936239,87.294144,20.655407,16.191917,12.638000,2.139874,73.668465,41.439735,63.930912
2019-03-14,229.597717,168.545853,32.608940,41.665409,81.936239,87.169327,20.659208,16.183597,12.493000,2.149543,73.668465,41.375832,63.875080
2019-03-15,230.716461,170.110046,32.935989,42.243069,81.945207,87.443855,20.701027,16.141981,12.550000,2.169558,73.676528,41.799171,63.994755
2019-03-16,,,,,,,,,,2.217658,,,
2019-03-17,,,,,,,,,,2.204788,,,
2019-03-18,231.542191,170.515182,33.047661,42.690559,81.954175,87.327377,20.720037,16.154466,12.561000,2.208774,73.684591,42.038803,63.954876
2019-03-19,231.613235,171.088547,33.135410,42.682423,81.954175,87.269135,20.697231,16.154466,12.594000,2.229963,73.684591,42.078743,63.922913
2019-03-20,230.787521,171.766953,33.103497,42.763786,81.954175,87.876602,20.837893,16.171111,12.667000,2.238883,73.684591,42.086723,64.202202
2019-03-21,233.425980,174.452011,33.135410,42.828880,81.981012,87.834991,20.834085,16.171111,12.626000,2.207032,73.708720,42.094719,64.218140
2019-03-22,228.988358,170.620346,32.497272,41.567772,81.981012,88.484001,20.894922,16.179434,12.655000,2.204097,73.708720,41.192116,64.569191
2019-03-23,,,,,,,,,,2.210592,,,
2019-03-24,,,,,,,,,,2.203111,,,
2019-03-25,228.783035,170.295471,32.497272,41.714218,81.981012,88.708664,20.891119,16.141981,12.749000,2.170741,73.708720,41.228973,64.648979
2019-03-26,230.434814,171.088547,32.696690,41.803719,81.989955,88.633842,20.860706,16.125336,12.683000,2.182797,73.716761,41.469391,64.664932
2019-03-27,229.363358,169.989655,32.648823,41.339954,81.998898,88.891731,20.872101,16.154466,12.622000,2.238659,73.724801,41.341171,64.784576
2019-03-28,230.256271,170.381424,32.628803,41.665409,82.016792,88.900024,20.887316,16.162789,12.442000,2.228822,73.740890,41.365208,64.816513
2019-03-29,231.738449,171.671448,32.740955,42.072205,82.016792,88.758568,20.910126,16.183597,12.455000,2.244853,73.740890,41.589588,64.768661
2019-03-30,,,,,,,,,,2.249391,,,
2019-03-31,,,,,,,,,,2.248703,,,
2019-04-01,234.408157,173.945587,33.165543,42.723103,82.031218,88.148247,20.837893,16.175271,12.406000,2.277612,73.753859,42.126484,64.512665
2019-04-02,234.488541,174.604919,33.189564,42.576653,82.022233,88.298332,20.845501,16.229372,12.451000,2.672915,73.745781,42.166534,64.544693
2019-04-03,234.926041,175.608231,33.445919,42.885830,82.031218,88.023178,20.799864,16.171111,12.433000,2.723934,73.753859,42.430984,64.456680
2019-04-04,235.488571,175.541336,33.381836,43.129917,82.058138,88.114914,20.815077,16.179434,12.463000,2.696425,73.778063,42.471050,64.520645
2019-04-05,236.622528,176.449112,33.453930,43.430965,82.058138,88.156586,20.834085,16.204400,12.451000,2.758803,73.778063,42.583248,64.568680
2019-04-06,,,,,,,,,,2.771475,,,
2019-04-07,,,,,,,,,,2.847655,,,
2019-04-08,236.827866,176.898193,33.477978,43.398411,82.058138,88.014854,20.818876,16.233532,12.508000,2.897431,73.778063,42.575230,64.504715
2019-04-09,235.568954,176.277100,33.277687,43.365860,82.067047,88.173264,20.837893,16.241855,12.570000,2.850975,73.786074,42.438995,64.600670
2019-04-10,236.381393,177.223053,33.413876,43.561134,82.067047,88.381714,20.913923,16.250175,12.608000,2.916482,73.786074,42.567207,64.688622
2019-04-11,236.336761,176.802612,33.349792,43.154324,82.094001,88.181602,20.860706,16.291793,12.448000,2.774034,73.810308,42.422970,64.576645
2019-04-12,237.935028,177.567047,33.598129,43.406544,82.094001,87.773041,20.826477,16.266824,12.436000,2.787755,73.810308,42.743511,64.456680
2019-04-13,,,,,,,,,,2.791615,,,
2019-04-14,,,,,,,,,,2.830579,,,
2019-04-15,237.774292,177.595718,33.614166,43.243813,82.102977,87.889809,20.841690,16.279306,12.413000,2.775469,73.818378,42.703449,64.472679
2019-04-16,237.943985,178.207230,33.670227,43.577404,82.102977,87.589630,20.792261,16.333402,12.303000,2.867737,73.818378,42.863720,64.360764
2019-04-17,237.363602,178.828369,33.726311,43.699448,82.120880,87.606293,20.780861,16.341728,12.283000,2.876708,73.834474,42.911800,64.360764
2019-04-18,237.810074,179.057724,33.662220,43.626225,82.129864,87.814720,20.849298,16.320919,12.287000,2.902149,73.842552,42.879734,64.448715
2019-04-19,,,,,,,,,,2.905122,,,
2019-04-20,,,,,,,,,,2.923785,,,
2019-04-21,,,,,,,,,,2.910993,,,
2019-04-22,238.042191,179.564133,33.630180,43.382137,82.129864,87.689690,20.830288,16.362535,12.289000,2.957460,73.842552,42.799610,64.384735
2019-04-23,240.095840,181.847824,33.710274,43.479767,82.129864,87.848099,20.868307,16.404148,12.261000,3.052218,73.842552,42.903786,64.496712
2019-04-24,239.622574,181.274582,33.413876,42.845150,82.147783,88.181602,20.951944,16.445760,12.297000,2.993338,73.858663,42.495094,64.664658
2019-04-25,239.533249,182.010284,33.389851,42.796329,82.165752,88.073219,20.944347,16.379179,12.313000,2.854019,73.874819,42.422970,64.648666
2019-04-26,240.631638,182.172714,33.518028,42.975327,82.156768,88.306702,20.982353,16.329243,12.395000,2.891722,73.866741,42.647354,64.792648
2019-04-27,,,,,,,,,,2.885665,,,
2019-04-28,,,,,,,,,,2.894894,,,
2019-04-29,240.935074,182.526321,33.646198,43.048557,82.165752,88.123245,20.940546,16.391664,12.337000,2.874196,73.874819,42.751514,64.656693
2019-04-30,241.086914,181.112106,33.670227,42.991600,82.174679,88.298332,20.967150,16.416634,12.374000,2.930819,73.882845,42.743511,64.752663
2019-05-01,239.327881,180.529236,33.445919,42.674294,82.178331,88.258255,20.927961,16.391664,12.295000,2.959285,73.886128,42.519135,64.756645
2019-05-02,238.854675,179.745728,33.381836,42.796329,82.187324,88.007576,20.829050,16.341728,12.251000,3.015476,73.894214,42.455029,64.612305
2019-05-03,241.122665,182.612244,33.710274,43.317047,82.196283,88.124550,20.878515,16.358371,12.314000,3.159536,73.902269,42.887749,64.732574
2019-05-04,,,,,,,,,,3.193976,,,
2019-05-05,,,,,,,,,,3.174554,,,
2019-05-06,240.167267,181.494339,33.389851,42.430202,82.205293,88.350128,20.927961,16.408307,12.340000,3.147769,73.910370,42.366882,64.812790
2019-05-07,236.274307,177.958817,32.829086,41.600311,82.214286,88.650902,20.939384,16.375017,12.381000,3.193064,73.918455,41.645679,64.908997
2019-05-08,235.810013,177.509766,32.877136,41.575905,82.214286,88.483803,20.886118,16.375017,12.346000,3.276844,73.918455,41.685741,64.860870
2019-05-09,235.086731,176.554199,32.636814,40.892471,82.223237,88.717743,20.920361,16.384186,12.375000,3.382050,73.926503,41.349186,64.925064
2019-05-10,236.184937,176.773987,32.853119,41.144691,82.241247,88.659279,20.954605,16.386808,12.396000,3.493965,73.942696,41.653690,64.917000
2019-05-11,,,,,,,,,,3.946357,,,
2019-05-12,,,,,,,,,,3.819062,,,
2019-05-13,230.390198,170.639435,32.116096,39.777805,82.232271,89.102051,21.007858,16.266966,12.525000,4.280559,73.934626,40.611950,65.053284
2019-05-14,232.390259,172.512238,32.420517,40.306664,82.241247,89.018524,21.007858,16.359955,12.499000,4.378879,73.942696,41.020626,65.093391
2019-05-15,233.765305,174.948914,32.564716,40.388023,82.250215,89.302589,21.057314,16.564274,12.495000,4.494317,73.950759,41.148846,65.189568
2019-05-16,235.908234,176.707123,32.764988,40.209026,82.259233,89.127113,21.034492,16.742403,12.406000,4.318897,73.958867,41.341171,65.093391
2019-05-17,234.479553,174.901123,32.580734,39.501175,82.268209,89.168907,21.015471,16.794788,12.317000,4.022561,73.966938,40.996586,65.109413
2019-05-18,,,,,,,,,,3.982747,,,
2019-05-19,,,,,,,,,,4.490220,,,
2019-05-20,232.881302,171.948502,32.436539,39.338448,82.277169,89.018524,20.973612,16.686739,12.320000,4.370056,73.974993,40.836311,65.029243
2019-05-21,234.854584,173.744919,32.660851,39.883575,82.277169,88.918266,20.985029,16.705074,12.288000,4.361851,73.974993,41.108772,64.997131
2019-05-22,234.211731,172.970978,32.532665,39.672039,82.295163,89.185585,20.988829,16.715553,12.272000,4.206696,73.991171,40.972561,65.117455
2019-05-23,231.470612,170.324142,32.204220,39.126919,82.313124,89.728645,21.038294,16.623867,12.370000,4.317220,74.007320,40.555859,65.349953
2019-05-24,231.872375,170.238129,32.540680,39.208282,82.313124,89.703575,21.072536,16.658575,12.384000,4.375020,74.007320,40.884403,65.349953
2019-05-25,,,,,,,,,,4.410718,,,
2019-05-26,,,,,,,,,,4.750686,,,
2019-05-27,,,,,,,,,,4.823296,,,
2019-05-28,229.791931,169.597885,32.260296,39.305916,82.322100,90.096252,21.095362,16.762701,12.333000,4.776291,74.015390,40.627972,65.486221
2019-05-29,228.211578,168.202850,32.044003,39.582531,82.322100,90.062843,21.133404,16.695251,12.340000,4.743167,74.015390,40.491745,65.470184
2019-05-30,228.845505,168.909927,32.164169,39.810360,82.349095,90.388664,21.198080,16.729959,12.423000,4.556926,74.039661,40.635990,65.646606
2019-05-31,225.782867,166.215332,31.915819,39.964935,82.349095,90.990204,21.312210,16.598331,12.592000,4.696616,74.039661,40.427639,65.935196
2019-06-01,,,,,,,,,,4.690873,,,
2019-06-02,,,,,,,,,,4.788887,,,
2019-06-03,225.113266,162.555603,32.044003,40.265980,82.345501,91.428017,21.383961,16.540047,12.779000,4.496413,74.036430,40.676052,66.122444
2019-06-04,230.068787,167.132614,32.460567,40.347336,82.363528,91.093163,21.349619,16.567553,12.786000,4.221871,74.052639,41.076721,66.009941
2019-06-05,232.015213,168.374832,32.444557,40.086979,82.363528,91.093163,21.357243,16.630417,12.810000,4.285662,74.052639,40.980560,66.009941
2019-06-06,233.524200,169.712585,32.580734,40.127659,82.390524,91.076447,21.341986,16.607498,12.854000,4.284452,74.076910,41.076721,65.993881
2019-06-07,235.854584,172.990082,32.965275,40.428703,82.381522,91.436401,21.418306,16.735853,12.928000,4.406011,74.068817,41.549515,66.170662
2019-06-08,,,,,,,,,,4.356811,,,
2019-06-09,,,,,,,,,,4.211084,,,
2019-06-10,236.961853,175.006226,33.053383,40.851780,82.399525,90.984367,21.311451,16.651373,12.804000,4.382118,74.085003,41.717804,66.034042
2019-06-11,236.917114,175.245117,33.213600,41.258595,82.390524,90.984367,21.284733,16.617319,12.794000,4.342344,74.076910,41.990257,65.985840
2019-06-12,236.470688,174.232285,32.949245,40.819233,82.399525,91.218704,21.296179,16.690010,12.839000,4.461830,74.085003,41.621639,66.098366
2019-06-13,237.524323,175.264191,32.965275,40.786697,82.426545,91.444763,21.307631,16.788895,12.923000,4.508424,74.109296,41.669720,66.210869
2019-06-14,237.167175,174.518890,32.740955,40.322929,82.435554,91.511726,21.261833,16.868137,12.926000,4.761979,74.117397,41.333157,66.218887
2019-06-15,,,,,,,,,,4.841151,,,
2019-06-16,,,,,,,,,,4.926661,,,
2019-06-17,237.381378,175.569977,32.765266,40.422367,82.435554,91.494987,21.223667,16.862898,12.914000,5.105150,74.117397,41.373226,66.218887
2019-06-18,239.747665,178.121277,33.218876,41.392036,82.435554,91.670753,21.315266,16.991257,12.975000,4.974465,74.117397,42.030323,66.371567
2019-06-19,240.381485,178.790146,33.405163,41.696091,82.453565,91.921875,21.437397,17.051500,13.060000,5.079499,74.133590,42.310787,66.596642
2019-06-20,242.622742,180.452805,33.729172,42.320633,82.462533,92.072578,21.555712,17.022032,13.391000,5.218428,74.141653,42.759541,66.701080
2019-06-21,242.337006,180.185242,33.607674,42.148060,82.462533,91.695892,21.464109,16.748297,13.484000,5.556602,74.141653,42.590118,66.516205
2019-06-22,,,,,,,,,,5.861768,,,
2019-06-23,,,,,,,,,,5.945945,,,
2019-06-24,242.024414,180.190964,33.656277,42.131626,82.471559,92.013954,21.506092,16.791515,13.681000,6.031245,74.149768,42.630642,66.636780
2019-06-25,239.631485,177.097717,33.478081,41.712524,82.471559,92.156250,21.464109,16.817709,13.707000,6.458383,74.149768,42.330727,66.660889
2019-06-26,239.399338,177.921356,33.518574,42.131626,82.489545,91.779594,21.452662,16.640240,13.582000,7.129539,74.165939,42.460423,66.508179
2019-06-27,240.239487,178.601273,33.599575,42.369926,82.489545,92.055855,21.483200,16.741865,13.571000,6.125295,74.165939,42.598228,66.701080
2019-06-28,241.567780,178.831100,33.785885,42.271320,82.498579,92.097672,21.490829,16.820543,13.600000,6.796019,74.174062,42.760342,66.757286
2019-06-29,,,,,,,,,,6.550652,,,
2019-06-30,,,,,,,,,,5.925012,,,
2019-07-01,243.623093,181.244415,33.939789,42.830124,82.494112,91.981964,21.462076,16.889387,13.338000,5.796829,74.170045,43.011650,66.752495
2019-07-02,244.332153,181.962601,34.045082,42.731510,82.503096,92.308960,21.465908,17.043465,13.622000,5.916535,74.178123,43.165653,66.881401
2019-07-03,246.207993,183.332077,34.223289,42.624676,82.530158,92.485130,21.523407,17.199507,13.654000,6.551692,74.202454,43.319687,67.002159
2019-07-04,,,,,,,,,,6.143168,,,
2019-07-05,245.893799,182.958588,33.988392,42.328850,82.521140,91.898102,21.469740,17.029690,13.498000,6.013366,74.194347,43.035969,66.688057
2019-07-06,,,,,,,,,,6.139396,,,
2019-07-07,,,,,,,,,,6.272112,,,
2019-07-08,244.664200,181.675369,33.785885,42.106976,82.521140,91.805855,21.462076,16.993637,13.413000,6.729538,74.194347,42.768459,66.679985
2019-07-09,244.969421,182.585098,33.623875,41.967274,82.530158,91.747147,21.481245,16.974621,13.456000,6.887208,74.202454,42.606331,66.591370
2019-07-10,246.109253,184.404633,33.769676,42.353497,82.539168,91.797493,21.527239,16.948393,13.670000,6.658635,74.210555,42.800884,66.647774
2019-07-11,246.602783,184.270554,33.777771,42.271320,82.557236,91.344643,21.465908,16.806774,13.557000,6.221618,74.226800,42.825191,66.430290
2019-07-12,247.814468,185.333511,33.818279,42.295979,82.566279,91.445282,21.488913,16.850050,13.639000,6.472114,74.234931,42.857620,66.486671
2019-07-13,,,,,,,,,,6.240087,,,
2019-07-14,,,,,,,,,,5.617676,,,
2019-07-15,247.877335,185.927292,33.850689,42.476765,82.566279,91.638184,21.538740,16.938562,13.636000,5.967700,74.234931,42.930576,66.583344
2019-07-16,247.069580,184.969650,33.696770,42.386372,82.575289,91.436897,21.504238,16.932007,13.526000,5.191304,74.243031,42.792789,66.494736
2019-07-17,245.400238,184.059921,33.631981,42.222019,82.575289,91.864540,21.550240,16.997570,13.745000,5.309705,74.243031,42.711708,66.696083
2019-07-18,246.297760,184.270554,33.729172,42.575382,82.602359,92.090950,21.584742,16.997570,13.935000,5.842482,74.267370,42.849522,66.816902
2019-07-19,244.978394,182.920288,33.680584,42.312416,82.602359,91.923256,21.565569,16.987078,13.734000,5.768126,74.267370,42.711708,66.744438
2019-07-20,,,,,,,,,,5.897617,,,
2019-07-21,,,,,,,,,,5.805577,,,
2019-07-22,245.570709,184.375916,33.712982,42.337070,82.602359,91.965233,21.577078,17.023790,13.734000,5.665356,74.267370,42.776562,66.816902
2019-07-23,247.258072,185.582504,33.907375,42.353497,82.593299,91.814270,21.557905,17.129349,13.656000,5.423068,74.259224,42.963009,66.760567
2019-07-24,248.397888,186.884918,33.915474,42.353497,82.611335,91.948418,21.565569,17.274899,13.729000,5.374406,74.275440,42.963009,66.824966
2019-07-25,247.186234,185.113297,33.575279,42.049442,82.629404,91.789108,21.542572,17.122793,13.625000,5.429134,74.291686,42.565807,66.752495
2019-07-26,248.954330,187.019043,33.672478,42.106976,82.620378,91.772331,21.511904,17.244087,13.651000,5.406382,74.283570,42.679302,66.752495
2019-07-27,,,,,,,,,,5.191324,,,
2019-07-28,,,,,,,,,,5.232505,,,
2019-07-29,248.505661,186.377380,33.664371,42.000141,82.638413,91.856209,21.504238,17.219831,13.741000,5.214038,74.299786,42.695499,66.792786
2019-07-30,247.904297,185.572968,33.307972,41.696091,82.638413,91.898102,21.534912,17.110994,13.787000,5.262391,74.299786,42.233440,66.776657
2019-07-31,245.095001,183.006454,33.097370,41.235905,82.647481,92.132904,21.569410,17.188358,13.606000,5.524324,74.307939,41.909195,66.857193
2019-08-01,243.039688,182.096680,32.967754,40.438793,82.670050,93.177917,21.650028,17.326044,13.930000,5.696337,74.328231,41.601166,67.335968
2019-08-02,241.262543,179.415283,32.708557,40.019703,82.670050,93.371147,21.653866,17.195568,13.884000,5.761248,74.328231,41.293129,67.400604
2019-08-03,,,,,,,,,,5.927516,,,
2019-08-04,,,,,,,,,,6.008833,,,
2019-08-05,234.145279,173.075699,31.874239,38.573399,82.661033,94.177589,21.734493,16.942493,14.075000,6.466454,74.320123,40.166351,67.691254
2019-08-06,237.160995,175.498474,32.092937,39.091114,82.670050,94.328812,21.795935,17.208029,14.191000,6.287077,74.328231,40.506821,67.860802
2019-08-07,237.322510,176.446579,32.222530,39.263680,82.688119,94.328812,21.799770,17.263103,14.406000,6.541120,74.344477,40.685150,67.860802
2019-08-08,241.953613,180.286697,32.554649,39.822483,82.697162,94.337196,21.861197,17.436193,14.483000,6.554506,74.352607,41.155319,67.917282
2019-08-09,240.266373,178.591690,32.319736,39.436253,82.688119,94.194389,21.841999,17.285397,14.438000,6.497831,74.344477,40.839169,67.796173
2019-08-10,,,,,,,,,,6.219078,,,
2019-08-11,,,,,,,,,,6.311950,,,
2019-08-12,237.448135,176.542282,32.044350,38.893898,82.706172,94.790794,21.941818,17.531918,14.567000,6.234739,74.360707,40.441967,68.094902
2019-08-13,241.128006,180.411255,32.360237,39.370510,82.715231,94.454811,21.899593,17.618464,14.479000,5.968106,74.368853,40.887814,67.989983
2019-08-14,233.867065,175.019699,31.485428,38.318665,82.706172,95.084869,21.957180,17.868261,14.584000,5.505742,74.360707,39.736725,68.232147
2019-08-15,234.603058,174.818588,31.550230,38.556965,82.742334,95.689682,22.045483,18.177071,14.677000,5.648069,74.393221,39.882641,68.563194
2019-08-16,238.040527,177.624481,31.922832,39.082897,82.733300,95.437637,21.987896,18.125929,14.582000,5.682463,74.385098,40.385231,68.490540
2019-08-17,,,,,,,,,,5.604358,,,
2019-08-18,,,,,,,,,,5.666837,,,
2019-08-19,240.966431,180.449539,32.117249,39.214378,82.733300,94.984039,21.899593,17.975786,14.415000,5.979183,74.385098,40.579773,68.272568
2019-08-20,239.099640,179.051331,32.028130,39.296555,82.742334,95.404030,21.930302,18.056433,14.528000,5.895477,74.393221,40.498714,68.450188
2019-08-21,241.038208,180.641083,32.295456,39.658123,82.733300,95.152054,21.907267,18.026926,14.478000,5.553038,74.385098,40.806747,68.417847
2019-08-22,240.948410,180.056915,32.182045,39.148640,82.760387,94.942009,21.888073,17.929239,14.441000,5.549207,74.409452,40.652729,68.288689
2019-08-23,234.764587,174.358932,31.785130,38.614494,82.751369,95.580460,22.010925,17.981688,14.730000,5.700881,74.401344,40.101509,68.539009
2019-08-24,,,,,,,,,,5.565039,,,
2019-08-25,,,,,,,,,,5.553294,,,
2019-08-26,237.367325,176.992462,32.060535,38.778847,82.760387,95.488037,21.991741,18.082657,14.731000,5.680536,74.409452,40.409554,68.498604
2019-08-27,236.433960,176.618958,32.052441,38.836365,82.769446,95.899681,22.095398,18.320000,14.863000,5.579028,74.417597,40.369011,68.732758
2019-08-28,238.076477,177.251007,32.060535,38.943195,82.760387,95.933266,22.126108,18.386877,14.831000,5.342909,74.409452,40.450077,68.756996
2019-08-29,241.172836,179.961166,32.311649,39.395157,82.778464,95.748482,22.156822,18.382286,14.721000,5.209138,74.425705,40.782421,68.716637
2019-08-30,241.074158,179.530243,32.473652,39.666348,82.787531,95.773689,22.053156,18.474733,14.686000,5.257325,74.433858,41.001297,68.708519
2019-08-31,,,,,,,,,,5.275121,,,
2019-09-01,,,,,,,,,,5.344852,,,
2019-09-02,,,,,,,,,,5.667357,,,
2019-09-03,239.736832,177.787277,32.344048,39.428040,82.803820,95.984024,22.037395,18.561275,14.891000,5.818961,74.448503,40.839169,68.771645
2019-09-04,242.303711,180.353760,32.797661,40.110096,82.794744,96.135513,22.087378,18.597992,14.988000,5.803051,74.440342,41.455246,68.901123
2019-09-05,245.507858,183.657639,33.064964,40.570274,82.803820,95.361343,21.968206,18.240667,14.629000,5.792666,74.448503,41.771385,68.545097
2019-09-06,245.687454,183.475693,33.137867,40.718204,82.812896,95.420280,22.006645,18.325901,14.502000,5.670941,74.456663,41.901077,68.625999
2019-09-07,,,,,,,,,,5.760744,,,
2019-09-08,,,,,,,,,,5.719128,,,
2019-09-09,245.750290,183.092667,33.202671,40.825027,82.812896,94.831230,21.918247,18.007257,14.449000,5.660902,74.456663,41.949741,68.310440
2019-09-10,245.804123,182.565933,33.299873,40.849682,82.830990,94.141266,21.787548,17.749592,14.320000,5.540947,74.472931,42.022682,67.962486
2019-09-11,247.572189,184.280136,33.502373,41.161949,82.821931,94.048706,21.752945,17.824331,14.410000,5.575124,74.464786,42.257767,67.922035
2019-09-12,248.299103,185.046219,33.680584,41.441338,82.840033,93.838318,21.745260,17.687962,14.443000,5.702066,74.481061,42.500957,67.792542
2019-09-13,248.236313,184.385498,33.834484,41.646790,82.840033,92.980072,21.618402,17.345715,14.325000,5.674909,74.481061,42.744133,67.404160
2019-09-14,,,,,,,,,,5.673540,,,
2019-09-15,,,,,,,,,,5.667879,,,
2019-09-16,247.419617,183.561905,33.591480,41.342735,82.840033,93.383965,21.729883,17.590923,14.441000,5.629034,74.481061,42.403671,67.582153
2019-09-17,248.092789,184.442902,33.721077,41.318085,82.849092,93.627945,21.776016,17.609285,14.472000,5.609577,74.489206,42.533371,67.735924
2019-09-18,248.245331,184.366333,33.631981,41.145512,82.867194,93.661652,21.695284,17.710251,14.379000,5.586011,74.505482,42.452309,67.784447
2019-09-19,248.191483,184.672760,33.769676,40.964718,82.867194,93.703735,21.737574,17.722708,14.438000,5.623349,74.505482,42.517159,67.881569
2019-09-20,246.863098,182.719177,33.696770,41.022247,82.876229,94.242226,21.849051,17.910221,14.605000,5.576915,74.513605,42.476635,68.124313
2019-09-21,,,,,,,,,,5.488222,,,
2019-09-22,,,,,,,,,,5.515979,,,
2019-09-23,247.033646,182.799774,33.648178,41.096203,82.894347,94.376846,21.887487,17.965950,14.691000,5.329161,74.529895,42.427994,68.172829
2019-09-24,244.987381,180.372009,33.505470,40.685322,82.894347,94.848068,21.937460,18.095118,14.768000,4.721848,74.529895,42.199711,68.407555
2019-09-25,246.486252,182.396759,33.448391,40.636024,82.894347,94.225403,21.829823,18.013811,14.492000,4.648684,74.529895,42.167095,68.083885
2019-09-26,246.000137,181.725067,33.521790,40.636024,82.912433,94.427353,21.829823,18.120026,14.493000,4.447101,74.546156,42.207859,68.197151
2019-09-27,244.620392,179.469986,33.375008,40.126530,82.912433,94.561981,21.795235,18.099016,14.415000,4.519884,74.546156,41.955132,68.269958
2019-09-28,,,,,,,,,,4.516636,,,
2019-09-29,,,,,,,,,,4.439004,,,
2019-09-30,245.828751,181.178070,33.497326,40.282669,82.921509,94.637695,21.818300,18.192276,14.195000,4.542902,74.554316,42.118187,68.318558
2019-10-01,242.870941,179.700348,33.195621,40.077229,82.918747,94.899788,21.862923,18.184393,14.270000,4.569964,74.551833,41.734997,68.385010
2019-10-02,238.587463,176.610504,32.535122,39.756741,82.918747,95.228447,21.866766,18.210663,14.440000,4.597223,74.551833,41.082756,68.539101
2019-10-03,240.481140,178.548798,32.763439,40.274448,82.945975,95.725647,21.939869,18.317059,14.500000,4.524346,74.576313,41.400723,68.766182
2019-10-04,243.817749,181.178070,33.016228,40.447021,82.945975,95.911057,22.016811,18.385361,14.504000,4.494739,74.576313,41.677914,68.879723
2019-10-05,,,,,,,,,,4.464921,,,
2019-10-06,,,,,,,,,,4.375450,,,
2019-10-07,242.771698,180.631119,32.975456,40.085445,82.955043,95.590843,21.939869,18.300638,14.382000,4.516476,74.584466,41.539310,68.701279
2019-10-08,239.002213,177.925079,32.665596,39.814266,82.955043,95.793076,21.924477,18.293413,14.507000,4.507252,74.584466,41.188736,68.733719
2019-10-09,241.229599,179.661972,32.926533,40.126530,82.955043,95.548721,21.882160,18.252039,14.517000,4.708250,74.584466,41.514866,68.652641
2019-10-10,242.870941,181.053391,33.138542,40.504539,82.973195,94.950378,21.820612,18.081282,14.391000,4.703174,74.600787,41.824673,68.441803
2019-10-11,245.404999,183.385101,33.701183,41.112644,82.982254,94.301476,21.755201,17.974886,14.313000,4.558177,74.608932,42.493217,68.190361
2019-10-12,,,,,,,,,,4.566283,,,
2019-10-13,,,,,,,,,,4.557766,,,
2019-10-14,245.179489,183.365891,33.578861,41.005817,82.973195,94.562691,21.770597,18.057636,14.372000,4.587169,74.600787,42.322006,68.303955
2019-10-15,247.551208,185.697708,33.953953,41.318085,82.982254,94.107635,21.701342,17.976198,14.269000,4.494427,74.608932,42.762260,68.125534
2019-10-16,247.163391,185.237122,33.978420,41.433125,82.991347,94.293007,21.739820,17.942703,14.350000,4.407970,74.617107,42.851948,68.198524
2019-10-17,247.830704,185.726532,34.068108,41.589264,83.000390,94.259323,21.762905,17.871775,14.366000,4.438854,74.625237,42.966091,68.198524
2019-10-18,246.811798,183.941681,34.027344,41.408482,83.000390,94.343597,21.797522,17.814636,14.359000,4.367262,74.625237,42.884560,68.230957
2019-10-19,,,,,,,,,,4.375672,,,
2019-10-20,,,,,,,,,,4.503579,,,
2019-10-21,248.534210,185.572937,34.239349,41.844009,83.009433,93.998077,21.747515,17.765379,14.288000,4.515434,74.633368,43.145458,68.068764
2019-10-22,247.659485,184.095230,34.157818,41.876881,83.009433,94.217186,21.797522,17.813322,14.335000,4.424773,74.633368,43.104679,68.190361
2019-10-23,248.389847,184.450272,34.320892,41.885098,83.009433,94.250893,21.816757,17.838278,14.367000,4.116103,74.633368,43.259590,68.222816
2019-10-24,248.795700,186.244644,34.377964,41.909756,83.027568,94.234062,21.820612,17.892134,14.472000,4.104500,74.649673,43.332977,68.230957
2019-10-25,249.832779,187.731995,34.402443,42.148060,83.027568,94.031769,21.809059,17.878342,14.505000,4.743831,74.649673,43.422665,68.117401
2019-10-26,,,,,,,,,,5.063862,,,
2019-10-27,,,,,,,,,,5.231877,,,
2019-10-28,251.284653,189.584030,34.557362,42.427460,83.018534,93.677864,21.739820,17.788363,14.377000,5.069983,74.641550,43.610176,67.971474
2019-10-29,251.122360,188.115829,34.516594,42.172710,83.036677,93.762085,21.678261,17.788363,14.335000,5.163942,74.657863,43.536800,67.987679
2019-10-30,252.006104,189.027451,34.655212,42.361725,83.045728,94.217186,21.751350,17.877684,14.411000,5.042365,74.666001,43.699856,68.206619
2019-10-31,251.194473,189.113800,34.573677,42.049442,83.054771,94.815552,21.805220,17.986708,14.558000,5.039001,74.674131,43.561253,68.530952
2019-11-01,253.584213,190.831467,34.883530,42.698635,83.053889,94.636612,21.858051,17.952555,14.569000,5.072698,74.673339,43.985207,68.470055
2019-11-02,,,,,,,,,,5.107541,,,
2019-11-03,,,,,,,,,,5.058593,,,
2019-11-04,254.594193,192.011749,35.071068,43.084866,83.062974,94.155533,21.834915,17.932852,14.530000,5.155685,74.681506,44.237953,68.275017
2019-11-05,254.269562,192.117294,35.062927,43.314960,83.053889,93.649139,21.777065,17.880310,14.310000,5.117296,74.673339,44.311325,68.039299
2019-11-06,254.404846,191.685440,35.030304,43.158829,83.062974,93.919228,21.861910,17.939421,14.370000,5.127349,74.681506,44.237953,68.185593
2019-11-07,255.306564,192.328400,35.185242,43.487522,83.081109,93.168060,21.746214,17.815952,14.140000,5.076234,74.697812,44.409168,67.836113
2019-11-08,255.928818,193.096069,35.111851,43.093086,83.081109,93.041473,21.723076,17.804783,14.050000,4.822805,74.697812,44.303165,67.771103
2019-11-09,,,,,,,,,,4.827571,,,
2019-11-10,,,,,,,,,,4.960094,,,
2019-11-11,255.432907,192.836945,35.079227,42.821907,83.081109,93.142769,21.719217,17.798216,14.010000,4.797010,74.697812,44.156425,67.811768
2019-11-12,255.937851,193.393539,35.087379,42.534290,83.090227,93.184944,21.742359,17.857328,14.050000,4.828710,74.706009,44.107502,67.852386
2019-11-13,256.046051,193.441498,34.973225,42.205593,83.090227,93.438141,21.765501,17.884247,14.100000,4.824657,74.706009,43.944447,67.974281
2019-11-14,256.388733,193.287933,34.948772,42.254883,83.099286,93.910782,21.792490,17.909866,14.170000,4.769791,74.714155,43.895531,68.169334
2019-11-15,258.300598,194.708145,35.160770,42.583591,83.090227,93.834793,21.773203,17.903299,14.120000,4.651422,74.706009,44.189034,68.144981
2019-11-16,,,,,,,,,,4.683612,,,
2019-11-17,,,,,,,,,,4.698519,,,
2019-11-18,258.462860,194.861679,35.201542,42.550720,83.108345,93.995178,21.815628,17.909866,14.170000,4.551347,74.722300,44.213497,68.242500
2019-11-19,258.336700,195.149551,35.136314,42.600033,83.099286,94.172401,21.858051,17.942703,14.180000,4.494852,74.714155,44.180882,68.315651
2019-11-20,257.425873,193.978912,34.924301,42.386372,83.108345,94.518440,21.931320,17.965689,14.180000,4.396873,74.722300,43.952595,68.502563
2019-11-21,257.029022,193.547043,34.875370,42.337070,83.108345,94.282158,21.881189,17.932198,14.120000,4.186257,74.722300,43.871063,68.388786
2019-11-22,257.597198,193.671799,34.916145,42.345284,83.117488,94.265228,21.896610,18.005754,14.080000,3.996643,74.730520,43.960754,68.429405
2019-11-23,,,,,,,,,,4.052085,,,
2019-11-24,,,,,,,,,,3.860441,,,
2019-11-25,259.553986,195.965195,35.185242,42.747940,83.117488,94.307426,21.919748,18.123312,14.010000,3.914239,74.730520,44.286880,68.494446
2019-11-26,260.077148,196.339462,35.209690,42.608242,83.126498,94.484688,21.969891,18.162718,14.080000,3.953806,74.738620,44.286880,68.608200
2019-11-27,261.303528,197.711594,35.307549,42.673988,83.144733,94.239944,21.923603,18.185705,14.010000,4.125410,74.755015,44.384712,68.502563
2019-11-28,,,,,,,,,,4.087858,,,
2019-11-29,260.302582,196.809631,35.038464,42.049442,83.144733,94.163979,21.858051,18.117403,14.160000,4.251161,74.755015,43.993359,68.502563
2019-11-30,,,,,,,,,,4.146206,,,
2019-12-01,,,,,,,,,,4.066598,,,
2019-12-02,258.183319,194.794525,34.883530,42.049442,83.151080,93.825890,21.847233,17.860611,14.080000,4.010562,74.760722,43.813992,68.323349
2019-12-03,256.370728,193.268768,34.753067,41.811134,83.141988,94.662636,21.994038,17.953869,14.220000,4.009553,74.752547,43.667244,68.689865
2019-12-04,258.011963,194.247528,35.054775,42.148060,83.151080,94.299202,21.966999,17.972258,14.210000,3.972245,74.760722,44.042286,68.551414
2019-12-05,258.489960,194.631393,35.022156,42.328850,83.169249,94.079414,21.916769,17.893452,14.220000,4.079752,74.777058,44.042286,68.478104
2019-12-06,260.789581,196.713669,35.323856,42.550720,83.169249,93.792061,21.924503,17.991961,14.060000,4.133808,74.777058,44.417313,68.388527
2019-12-07,,,,,,,,,,4.138870,,,
2019-12-08,,,,,,,,,,4.143311,,,
2019-12-09,259.995941,195.821259,35.136314,42.378147,83.178317,93.868164,21.928364,17.968971,14.070000,4.053785,74.785211,44.189034,68.404808
2019-12-10,259.752441,195.658066,35.168930,42.484982,83.178317,93.758270,21.924503,17.886879,14.100000,3.986533,74.785211,44.270569,68.355957
2019-12-11,260.428772,196.694458,35.364624,43.068436,83.178317,94.147072,21.982452,17.942051,14.210000,3.953289,74.785211,44.564068,68.583984
2019-12-12,262.719360,198.162659,35.641857,43.808018,83.196527,93.403328,21.885868,17.942051,14.150000,3.967370,74.801583,45.004330,68.258209
2019-12-13,262.818604,198.815170,35.845718,43.824459,83.178317,93.952660,21.978580,18.115435,14.220000,3.981913,74.785211,45.191853,68.567696
2019-12-14,,,,,,,,,,3.902484,,,
2019-12-15,,,,,,,,,,3.917617,,,
2019-12-16,264.676239,200.811096,36.204502,44.161568,83.196527,93.513153,21.924503,18.129883,14.220000,3.797212,74.801583,45.623943,68.380379
2019-12-17,264.730286,200.926193,36.074047,44.556698,83.187418,93.521599,21.963133,18.096388,14.210000,3.637290,74.793393,45.566891,68.388527
2019-12-18,264.748383,201.079758,35.984352,44.792095,83.205595,93.267998,21.936085,18.067490,14.220000,3.985812,74.809736,45.599499,68.298958
2019-12-19,265.848572,202.336761,36.016960,44.800495,83.214687,93.340858,21.978376,18.097042,14.250000,3.945302,74.817911,45.575047,68.347809
2019-12-20,267.201355,203.152435,36.074047,44.842529,83.219279,93.340858,21.958984,18.217888,14.220000,3.954050,74.822040,45.591347,68.364105
2019-12-21,,,,,,,,,,3.938901,,,
2019-12-22,,,,,,,,,,4.114414,,,
2019-12-23,267.463165,203.689041,36.123463,44.918190,83.219279,93.256203,21.912420,18.205410,14.310000,4.028988,74.822040,45.663910,68.320824
2019-12-24,267.463165,203.794815,36.090508,44.842529,83.228380,93.417023,21.958984,18.222485,14.440000,4.010860,74.830223,45.672142,68.386124
2019-12-25,,,,,,,,,,3.984910,,,
2019-12-26,268.831451,205.593155,36.255219,45.195625,83.237465,93.552437,21.962862,18.305893,14.560000,3.965088,74.838390,45.870037,68.451393
2019-12-27,268.831451,205.420044,36.354061,45.388981,83.228380,93.687859,21.966740,18.276560,14.550000,3.993089,74.830223,46.092682,68.549385
2019-12-28,,,,,,,,,,4.008372,,,
2019-12-29,,,,,,,,,,4.065700,,,
2019-12-30,267.354401,204.073746,36.090508,45.069523,83.237465,93.628632,21.982258,18.110548,14.590000,3.994681,74.838390,45.738121,68.524872
2019-12-31,268.043091,204.458359,36.288185,45.195625,83.237465,93.290070,21.970615,18.121996,14.620000,3.940238,74.838390,45.919514,68.451393
2020-01-01,,,,,,,,,,3.943839,,,
2020-01-02,270.417267,207.872253,36.584679,46.128796,83.264784,93.721725,22.071486,18.360992,14.710000,3.826237,74.862953,46.430740,68.541191
2020-01-03,268.441772,205.968124,36.139935,45.313320,83.264784,94.348068,22.172361,18.320919,14.920000,4.023103,74.862953,45.861801,68.786110
2020-01-04,,,,,,,,,,4.059129,,,
2020-01-05,,,,,,,,,,4.059491,,,
2020-01-06,269.447571,207.295258,36.263470,45.145187,83.255667,94.246468,22.118044,18.357414,15.080000,4.255529,74.854756,45.927761,68.704468
2020-01-07,268.704559,207.266418,36.205811,45.145187,83.255667,94.111084,22.055973,18.328791,15.140000,4.471599,74.854756,45.845306,68.647331
2020-01-08,270.091003,208.824265,36.255219,45.330128,83.273894,93.891022,22.024933,18.334515,15.020000,4.425682,74.871143,45.927761,68.541191
2020-01-09,271.957764,210.593781,36.403492,45.666409,83.282978,93.958717,22.036570,18.401779,14.930000,4.315700,74.879311,46.133904,68.622818
2020-01-10,271.178497,210.055237,36.279945,45.910206,83.282978,94.161865,22.094765,18.400347,15.020000,4.473166,74.879311,46.076183,68.737129
2020-01-11,,,,,,,,,,4.402498,,,
2020-01-12,,,,,,,,,,4.487375,,,
2020-01-13,272.972626,212.478622,36.494083,46.607983,83.282978,94.051826,22.094765,18.464748,14.910000,4.460919,74.879311,46.422501,68.696289
2020-01-14,272.610168,211.641968,36.518784,46.364193,83.282978,94.237999,22.133566,18.471188,14.890000,4.835339,74.879311,46.430740,68.794281
2020-01-15,273.217316,211.728485,36.494083,46.002686,83.292071,94.475029,22.141323,18.501240,14.980000,4.823971,74.887486,46.307056,68.900383
2020-01-16,275.500854,213.757614,36.691746,46.305332,83.310306,94.280334,22.098646,18.602129,14.960000,4.778386,74.903881,46.554432,68.859535
2020-01-17,276.434082,214.815460,36.782345,46.582764,83.301205,94.204216,22.075375,18.678696,14.990000,4.890811,74.895699,46.702850,68.851357
2020-01-18,,,,,,,,,,4.898354,,,
2020-01-19,,,,,,,,,,4.768778,,,
2020-01-20,,,,,,,,,,4.742156,,,
2020-01-21,275.863190,214.719254,36.485851,45.447838,83.310306,94.576622,22.149090,18.622883,15.000000,4.790495,74.903881,46.191616,69.022850
2020-01-22,275.935730,215.286636,36.576447,45.809330,83.310306,94.593498,22.110285,18.651499,15.010000,4.754882,74.903881,46.356529,69.079910
2020-01-23,276.207642,215.979050,36.485851,45.380581,83.319390,94.830482,22.172361,18.700880,15.050000,4.604603,74.912049,46.175133,69.202400
2020-01-24,273.688477,214.161560,36.345825,45.035885,83.319390,95.169060,22.226679,18.605711,15.130000,4.625921,74.912049,45.911278,69.308517
2020-01-25,,,,,,,,,,4.583423,,,
2020-01-26,,,,,,,,,,4.708847,,,
2020-01-27,269.338959,209.737869,35.579872,43.514240,83.328516,95.812332,22.269352,18.367432,15.240000,4.880284,74.920254,44.905315,69.537056
2020-01-28,272.256714,212.959427,35.884609,43.942989,83.328516,95.490738,22.230556,18.447573,15.110000,5.126095,74.920254,45.243378,69.414589
2020-01-29,271.984955,213.305664,35.892845,44.052277,83.337592,95.947701,22.319782,18.559914,15.190000,5.103111,74.928414,45.268116,69.610535
2020-01-30,272.836609,214.065338,35.810490,43.388130,83.337592,96.040863,22.343069,18.536303,15.190000,5.208477,74.928414,45.103214,69.626846
2020-01-31,267.943512,210.670685,35.201019,42.530628,83.337592,96.523331,22.436186,18.303749,15.270000,5.121679,74.928414,44.361118,69.806427
2020-02-01,,,,,,,,,,5.144874,,,
2020-02-02,,,,,,,,,,5.118303,,,
2020-02-03,269.891754,213.853760,35.324558,42.925758,83.344888,96.441078,22.377981,18.393906,15.180000,5.090454,74.934974,44.443562,69.743416
2020-02-04,274.050873,218.748611,35.892845,44.085911,83.344888,95.881706,22.280994,18.461885,14.970000,5.028801,74.934974,45.226902,69.530754
2020-02-05,277.150024,219.469879,36.238766,44.346519,83.363123,95.466438,22.226679,18.500523,15.000000,5.265678,74.951369,45.639175,69.416222
2020-02-06,278.092499,221.364349,36.362305,44.329708,83.372233,95.534210,22.261595,18.607857,15.080000,5.329423,74.959559,45.746353,69.481621
2020-02-07,276.678802,220.412262,36.008152,43.741215,83.372233,95.991882,22.346943,18.643635,15.110000,5.365651,74.959559,45.292847,69.694313
2020-02-08,,,,,,,,,,5.403542,,,
2020-02-09,,,,,,,,,,5.541329,,,
2020-02-10,278.663239,223.076111,36.090508,43.968208,83.363123,96.178360,22.377981,18.819658,15.150000,5.398882,74.951369,45.383556,69.800682
2020-02-11,279.170776,223.114532,36.337593,44.539886,83.372233,95.949509,22.315914,18.826813,15.090000,5.591482,74.959559,45.713375,69.686165
2020-02-12,280.965027,225.287918,36.485851,45.103146,83.381367,95.703712,22.296516,18.890499,15.090000,5.656016,74.967772,46.043201,69.604347
2020-02-13,280.693146,224.999435,36.222290,44.514664,83.390460,95.788498,22.331429,18.861160,15.170000,5.594847,74.975947,45.688637,69.669800
2020-02-14,281.164368,225.643692,36.197578,44.531475,83.390460,96.025772,22.354704,18.929853,15.240000,5.648381,74.975947,45.663910,69.743416
2020-02-15,,,,,,,,,,5.416855,,,
2020-02-16,,,,,,,,,,5.441508,,,
2020-02-17,,,,,,,,,,5.307700,,,
2020-02-18,280.394165,225.730270,35.950497,44.237225,83.399594,96.178360,22.405138,19.015717,15.440000,5.555199,74.984160,45.383556,69.849754
2020-02-19,281.744263,227.894012,36.098751,44.581917,83.399594,96.161423,22.397373,19.151674,15.530000,5.276612,74.984160,45.597942,69.841606
2020-02-20,280.638672,225.778320,35.835197,43.884140,83.399594,96.441078,22.443939,19.186018,15.590000,5.262967,74.984160,45.226902,70.013351
2020-02-21,277.729950,221.441269,35.670475,43.640335,83.417821,96.830948,22.490501,19.169561,15.830000,5.305673,75.000547,44.987770,70.185150
2020-02-22,,,,,,,,,,5.292932,,,
2020-02-23,,,,,,,,,,5.436076,,,
2020-02-24,268.441772,212.901749,34.278572,42.000988,83.408720,97.585281,22.583601,18.844704,15.980000,5.285808,74.992365,43.322163,70.406044
2020-02-25,260.376953,207.112549,33.693817,41.689934,83.408720,97.856514,22.560328,18.504818,15.690000,5.116846,74.992365,42.728493,70.463264
2020-02-26,259.226135,208.180023,33.718517,41.975769,83.426955,97.805634,22.548683,18.494083,15.760000,4.831372,75.008760,42.810947,70.422386
2020-02-27,247.736008,197.755600,32.689011,40.975353,83.445157,98.280243,22.614643,18.012522,15.760000,4.811638,75.025125,41.590595,70.504166
2020-02-28,246.240829,197.909485,32.507824,40.950123,83.436014,99.382027,22.645683,17.916636,15.180000,4.750270,75.016905,41.433933,70.970467
2020-02-29,,,,,,,,,,4.710314,,,
2020-03-01,,,,,,,,,,4.690017,,,
2020-03-02,257.232574,208.122345,32.936092,41.698338,83.460689,99.314186,22.653440,18.282995,15.270000,4.858292,75.039090,41.887432,70.923737
2020-03-03,250.137283,201.448334,32.672539,41.479759,83.478924,100.468208,22.909498,18.410364,15.750000,4.813441,75.055485,41.508137,71.349953
2020-03-04,260.503784,209.853271,33.570267,42.127090,83.515394,100.247559,22.878469,18.670822,15.780000,4.795618,75.088275,42.580067,71.333557
2020-03-05,251.777451,203.477493,32.689011,41.261181,83.533704,101.138542,22.952173,18.588537,16.120001,4.972821,75.104738,41.557629,71.604019
2020-03-06,247.554794,200.044388,32.211315,40.454109,83.533704,102.165291,23.103485,18.750961,16.110001,4.996803,75.104738,40.939205,72.095818
2020-03-07,,,,,,,,,,4.880358,,,
2020-03-08,,,,,,,,,,4.441157,,,
2020-03-09,228.452820,186.148361,29.592255,37.637798,83.570200,103.081718,22.603008,18.184965,16.160000,4.340114,75.137551,37.706947,71.940063
2020-03-10,240.177200,196.284286,30.695879,39.571392,83.551931,101.189453,22.036570,18.366003,15.830000,4.332493,75.121126,39.166393,70.972900
2020-03-11,228.268936,187.735107,29.098082,37.747082,83.570200,100.179688,21.563244,18.086935,15.760000,4.333424,75.137551,37.220448,69.628670
2020-03-12,206.191330,170.521423,25.844826,33.829460,83.579293,100.230614,21.311073,17.380688,15.140000,2.722710,75.145726,33.221363,65.841957
2020-03-13,225.455734,184.965561,27.475569,36.217033,83.597561,99.577179,21.396425,17.849369,14.670000,3.047477,75.162151,35.332218,68.620506
2020-03-14,,,,,,,,,,2.848460,,,
2020-03-15,,,,,,,,,,2.953598,,,
2020-03-16,198.989929,162.808914,24.502352,31.626848,83.606654,102.207718,21.481773,17.802862,14.530000,2.746642,75.170326,31.399078,69.341812
2020-03-17,212.018005,175.156601,25.614218,33.863087,83.606654,99.645103,20.895952,17.394997,14.720000,2.862298,75.170326,33.023464,67.907410
2020-03-18,200.428375,169.829041,24.090538,30.912256,83.624947,98.261940,20.597210,17.185347,14.380000,2.869314,75.186774,30.780676,66.268135
2020-03-19,200.601303,170.848358,24.444691,30.996326,83.606654,98.584427,20.895952,17.417179,14.120000,3.391178,75.170326,31.126982,66.227180
2020-03-20,191.861343,164.155182,24.222321,31.256948,83.634065,101.096123,21.784391,17.680502,14.340000,3.395332,75.194972,31.019785,67.350060
2020-03-21,,,,,,,,,,3.387822,,,
2020-03-22,,,,,,,,,,3.193477,,,
2020-03-23,185.970901,164.273758,23.809498,30.449879,83.615813,102.292587,22.199518,17.887295,14.960000,3.514486,75.178561,30.388046,68.841820
2020-03-24,203.705856,176.994751,25.927368,32.652496,83.615813,101.596756,22.319782,18.114128,15.760000,3.688936,75.178561,32.934860,68.915596
2020-03-25,206.318802,175.684052,26.862213,33.804234,83.615813,101.656166,22.447823,17.998209,15.480000,3.659500,75.178561,34.125568,69.841782
2020-03-26,218.718643,184.935669,28.003868,35.300678,83.615813,101.902222,22.540932,18.090513,15.720000,3.678878,75.178561,35.465126,70.161453
2020-03-27,211.999725,178.575180,27.143492,33.283009,83.597561,102.657448,22.525412,18.156385,15.610000,3.543782,75.162151,34.241341,70.538475
2020-03-28,,,,,,,,,,3.419113,,,
2020-03-29,,,,,,,,,,3.243753,,,
2020-03-30,218.855225,185.070557,27.697775,33.863087,83.597561,102.895035,22.358587,18.258064,15.620000,3.521896,75.162151,34.878052,70.612267
2020-03-31,215.605042,183.490082,27.581955,34.022820,83.606654,103.081718,22.312027,18.149942,15.150000,3.526717,75.170326,34.696129,69.956535
2020-04-01,205.890854,175.693726,26.357561,32.644089,83.599366,103.501396,22.381863,18.171423,15.310000,3.618810,75.163774,33.373108,70.317993
2020-04-02,210.706970,179.259399,26.862213,33.728573,83.608509,103.518394,22.688358,18.193621,15.550000,3.721155,75.171994,34.142120,70.646584
2020-04-03,207.593353,176.715225,26.332743,33.131683,83.581123,103.594872,22.859066,18.081917,15.630000,3.688160,75.147372,33.430988,70.613731
2020-04-04,,,,,,,,,,3.761634,,,
2020-04-05,,,,,,,,,,3.719788,,,
2020-04-06,221.713928,189.349442,27.747412,34.796261,83.590240,103.127602,22.820271,18.319641,16.059999,3.983061,75.155569,35.142635,70.835487
2020-04-07,221.832291,189.272354,27.904600,35.023235,83.571989,102.668831,22.847429,18.189322,15.960000,3.930825,75.139159,35.382446,70.901184
2020-04-08,229.361374,193.291046,28.169334,35.460403,83.581123,102.541397,22.731033,18.174286,15.830000,4.017195,75.147372,35.729729,71.081970
2020-04-09,232.766388,193.570526,28.773258,35.367931,83.562829,102.762276,22.928898,18.250904,16.200001,3.999662,75.130924,36.300285,71.862350
2020-04-10,,,,,,,,,,3.760520,,,
2020-04-11,,,,,,,,,,3.757009,,,
2020-04-12,,,,,,,,,,3.818361,,,
2020-04-13,230.508545,195.661743,28.541622,35.359524,83.581123,102.541397,22.983215,18.257345,16.540001,3.749316,75.147372,36.167976,71.632355
2020-04-14,237.546036,204.171326,29.054533,36.166584,83.590240,102.677315,23.022009,18.316065,16.610001,3.747886,75.155569,36.804680,71.632355
2020-04-15,232.374893,201.829498,28.111422,35.309078,83.581123,103.594872,23.053047,18.382650,16.600000,3.638164,75.147372,35.771069,71.985580
2020-04-16,233.549316,205.510849,28.144514,35.510841,83.571989,103.705292,22.874582,18.441368,16.540001,3.898174,75.139159,35.779343,72.026627
2020-04-17,239.995132,207.476791,28.938713,36.259064,83.590240,103.433434,22.750433,18.412012,16.240000,3.886880,75.155569,36.713734,71.928055
2020-04-18,,,,,,,,,,3.975329,,,
2020-04-19,,,,,,,,,,3.937951,,,
2020-04-20,235.670593,205.019409,28.516798,35.830307,83.581123,103.705292,22.703878,18.507959,16.340000,3.769539,75.147372,36.184521,71.813072
2020-04-21,228.469238,197.454254,27.929411,34.838284,83.581123,103.994164,22.804747,18.576698,16.230000,3.768643,75.147372,35.407242,71.903450
2020-04-22,233.494705,203.313629,28.450617,35.763050,83.581123,103.671303,22.901737,18.671215,16.580000,3.898395,75.147372,36.126637,71.845947
2020-04-23,233.449219,202.879929,28.400978,35.687389,83.590240,103.739288,22.913372,18.671215,16.700001,4.069574,75.155569,36.043957,71.960930
2020-04-24,236.835968,206.079468,28.707075,35.636951,83.581123,103.764748,23.037527,18.742102,16.650000,4.135947,75.147372,36.341629,71.936310
2020-04-25,,,,,,,,,,4.146373,,,
2020-04-26,,,,,,,,,,4.206587,,,
2020-04-27,240.259140,207.737030,29.104168,36.368355,83.581123,103.212547,23.010372,18.720619,16.540001,4.269980,75.147372,36.854301,71.681664
2020-04-28,239.148361,203.824356,29.335815,36.452423,83.581123,103.662819,23.099609,18.777905,16.440001,4.276255,75.147372,37.118900,71.895203
2020-04-29,245.311951,211.052185,30.113470,37.452839,83.571989,103.611832,23.072451,18.717039,16.530001,4.820700,75.139159,38.094616,71.944489
2020-04-30,243.172485,210.965439,29.517824,36.704632,83.590240,103.365463,22.917257,18.552353,16.250000,4.742655,75.155569,37.333900,71.886986
2020-05-01,236.544632,205.019409,28.864258,35.460403,83.575607,103.508385,22.905622,18.491495,16.370001,4.855607,75.142413,36.432587,71.857353
2020-05-02,,,,,,,,,,4.923434,,,
2020-05-03,,,,,,,,,,4.873519,,,
2020-05-04,237.291260,207.409363,28.889072,35.863934,83.575607,103.525352,22.913372,18.491495,16.420000,4.881837,75.142413,36.490467,71.931458
2020-05-05,239.476166,209.760788,28.963541,36.032074,83.575607,103.448792,22.940546,18.468576,16.459999,4.931361,75.142413,36.622768,71.865585
2020-05-06,237.864731,211.052185,28.789804,35.922783,83.584775,103.066124,22.851305,18.409145,16.280001,5.076892,75.150655,36.473927,71.544571
2020-05-07,240.677917,213.769852,29.228268,36.242252,83.575607,103.695465,22.979336,18.409145,16.530001,5.450867,75.142413,36.920452,71.775063
2020-05-08,244.701904,216.699524,29.699827,36.956837,83.575607,103.355301,22.956055,18.409145,16.420000,5.391243,75.142413,37.532341,71.569275
2020-05-09,,,,,,,,,,5.254982,,,
2020-05-10,,,,,,,,,,4.796267,,,
2020-05-11,244.738312,218.636551,29.691551,36.721439,83.584775,103.066124,22.890100,18.419886,16.320000,4.711567,75.150655,37.499275,71.347084
2020-05-12,239.813004,214.058975,29.294458,36.603748,83.584775,103.406326,22.909498,18.416307,16.389999,4.822584,75.150655,37.118900,71.577484
2020-05-13,235.561310,211.379868,29.046267,36.494453,83.584775,103.618904,22.932781,18.502232,16.530001,5.077563,75.150655,36.846027,71.659828
2020-05-14,238.401871,213.779495,28.831177,36.645779,83.593876,103.780487,22.963821,18.495071,16.690001,5.331570,75.158838,36.688923,71.857353
2020-05-15,239.476166,215.167221,28.839441,36.166584,83.575607,103.712448,22.998737,18.491495,16.790001,5.109447,75.142413,36.564892,71.898514
2020-05-16,,,,,,,,,,5.136186,,,
2020-05-17,,,,,,,,,,5.297072,,,
2020-05-18,246.795868,219.176239,29.989378,37.503284,83.575607,103.074585,22.971579,18.173569,16.670000,5.327656,75.142413,37.987137,71.766838
2020-05-19,244.465256,218.626953,29.666731,37.209042,83.575607,103.363785,22.983215,18.160685,16.799999,5.329005,75.142413,37.598495,71.857353
2020-05-20,248.452881,222.992508,30.204477,37.688232,83.575607,103.389282,23.037527,18.079769,16.840000,5.216139,75.142413,38.235203,72.046707
2020-05-21,246.668442,220.563980,29.873562,37.343555,83.584775,103.457336,23.006489,18.133474,16.610001,4.974464,75.150655,37.854824,72.120743
2020-05-22,247.223770,221.325333,29.790831,36.595333,83.575607,103.652901,23.041403,18.201500,16.709999,5.029685,75.142413,37.581959,72.145470
2020-05-23,,,,,,,,,,5.044315,,,
2020-05-24,,,,,,,,,,4.814856,,,
2020-05-25,,,,,,,,,,4.878704,,,
2020-05-26,250.401169,220.727798,30.676035,37.444439,83.584775,103.380783,22.959940,17.979532,16.480000,4.839331,75.150655,38.623837,72.104301
2020-05-27,254.052017,221.932449,30.998676,37.536919,83.575607,103.465828,22.967691,18.063303,16.500000,5.028831,75.142413,38.979389,72.137222
2020-05-28,253.551224,221.643326,31.205507,37.309937,83.575607,103.372284,23.029770,17.947308,16.540001,5.217656,75.142413,39.153038,72.161934
2020-05-29,254.689240,224.891037,31.164131,37.864784,83.575607,103.703979,23.029770,17.979532,16.680000,5.170206,75.142413,39.202663,72.367737
2020-05-30,,,,,,,,,,5.313326,,,
2020-05-31,,,,,,,,,,5.182221,,,
2020-06-01,255.799942,225.565628,31.842516,38.739105,83.575607,103.663109,23.076328,17.907925,16.760000,5.569042,75.142413,40.046074,72.309151
2020-06-02,257.903046,227.078644,32.189983,39.680676,83.578110,103.492821,23.041403,17.779039,16.629999,5.219876,75.144663,40.641434,72.366867
2020-06-03,261.307983,228.100204,32.934547,40.563404,83.579811,102.879883,22.963821,17.562796,16.330000,5.289392,75.146192,41.517937,72.201942
2020-06-04,260.643433,226.500381,32.752537,40.016956,83.579811,102.471275,22.859066,17.492626,16.520000,5.368222,75.146192,41.228523,72.028748
2020-06-05,267.307648,230.991287,33.397831,41.059414,83.575607,101.960457,22.878469,17.492626,16.170000,5.294220,75.142413,42.030609,72.020523
2020-06-06,,,,,,,,,,5.287728,,,
2020-06-07,,,,,,,,,,5.345335,,,
2020-06-08,270.548767,232.783829,33.794933,41.412506,83.575607,102.071144,22.917257,17.592873,16.340000,5.352257,75.142413,42.518459,72.094749
2020-06-09,268.627747,234.470306,33.356457,41.101444,83.575607,102.437195,22.932781,17.578548,16.500000,5.365518,75.142413,42.055420,72.144203
2020-06-10,266.952515,237.284332,33.298550,41.387280,83.579811,103.203400,23.115129,17.621515,16.719999,5.406267,75.146192,42.005787,72.449295
2020-06-11,251.566544,225.527084,31.470238,39.193081,83.579811,103.569450,23.115129,17.571394,16.620001,5.105933,75.146192,39.740128,72.317375
2020-06-12,254.598190,227.319565,32.007977,40.084209,83.579811,103.339630,23.060804,17.592873,16.670000,5.193058,75.146192,40.509136,72.391586
2020-06-13,,,,,,,,,,5.190009,,,
2020-06-14,,,,,,,,,,5.141540,,,
2020-06-15,256.919800,230.085419,32.107250,39.699013,83.579811,103.254471,23.068571,17.592873,16.620001,5.176548,75.146192,40.550476,72.540054
2020-06-16,261.945190,234.036606,32.537453,39.962036,83.579811,103.041595,23.076328,17.557070,16.600000,5.224378,75.146192,41.013535,72.449295
2020-06-17,260.743500,234.778702,32.611900,40.335358,83.583992,103.203400,23.053047,17.486183,16.629999,5.192736,75.149951,41.121017,72.465851
2020-06-18,260.980225,235.414734,32.462986,40.352325,83.587303,103.433235,23.153923,17.428186,16.610001,5.155262,75.152928,41.030071,72.548286
2020-06-19,259.441589,235.376205,32.314079,40.377773,83.588165,103.467293,23.192722,17.523417,16.790001,5.087440,75.153703,40.864689,72.573036
2020-06-20,,,,,,,,,,5.111717,,,
2020-06-21,,,,,,,,,,5.095991,,,
2020-06-22,261.162292,238.198975,32.686592,40.869873,83.583992,103.373650,23.239273,17.578548,16.879999,5.285010,75.149951,41.389957,72.548286
2020-06-23,262.345764,240.226273,32.844578,41.217747,83.583992,103.339630,23.270313,17.535587,17.030001,5.274570,75.149951,41.639297,72.515335
2020-06-24,255.636154,235.273895,32.038013,40.683220,83.583992,103.535400,23.250908,17.473289,17.000000,5.101457,75.149951,40.741688,72.523560
2020-06-25,258.340057,237.513535,32.462086,40.852909,83.583992,103.552391,23.262545,17.524849,16.959999,5.074729,75.149951,41.157249,72.597771
2020-06-26,252.285675,231.904663,31.971495,40.403225,83.579811,103.833344,23.289705,17.549913,17.040001,5.018917,75.146192,40.617016,72.729744
2020-06-27,,,,,,,,,,4.954542,,,
2020-06-28,,,,,,,,,,5.008326,,,
2020-06-29,255.967422,234.433960,32.262524,40.589886,83.588165,103.935524,23.324627,17.564947,17.059999,5.034219,75.153703,40.941154,72.779236
2020-06-30,259.380829,239.029205,32.254204,40.386257,83.588165,103.748215,23.285835,17.642994,17.139999,5.005264,75.153703,40.866360,72.853462
2020-07-01,261.156281,241.819138,32.362305,40.912304,83.584824,103.586334,23.297466,17.529148,17.049999,5.054743,75.150699,41.074131,72.871620
2020-07-02,262.474121,243.460312,32.686592,41.837112,83.589836,103.714134,23.367306,17.539173,17.080000,4.997277,75.155206,41.680862,72.987305
2020-07-03,,,,,,,,,,4.977500,,,
2020-07-04,,,,,,,,,,5.002249,,,
2020-07-05,,,,,,,,,,4.970181,,,
2020-07-06,266.546509,249.445694,33.235374,43.610374,83.584824,103.560753,23.406105,17.656597,17.190001,5.135343,75.150699,42.611717,72.962494
2020-07-07,263.782654,247.727310,32.778057,42.872223,83.584824,103.893082,23.425501,17.716745,17.299999,5.067863,75.150699,42.021614,73.078171
2020-07-08,265.741211,250.990265,33.044140,43.932785,83.584824,103.731178,23.367306,17.746815,17.410000,5.164296,75.150699,42.561852,73.036865
2020-07-09,264.386780,253.104462,32.661640,43.898846,83.593178,104.063484,23.429375,17.811260,17.370001,5.081934,75.158210,42.187840,73.235161
2020-07-10,267.040680,254.832520,32.969307,43.661282,83.596458,103.858978,23.394451,17.779039,17.320000,5.082394,75.161160,42.403934,73.152519
2020-07-11,,,,,,,,,,5.061328,,,
2020-07-12,,,,,,,,,,5.081130,,,
2020-07-13,264.624664,249.590576,32.794685,43.432194,83.593178,103.969727,23.452656,17.714596,17.330000,5.063118,75.158210,42.129658,73.185547
2020-07-14,268.166351,251.357178,33.252018,43.491585,83.589005,103.961227,23.460411,17.746815,17.430000,5.062898,75.154458,42.603401,73.276489
2020-07-15,270.545685,251.868820,33.626198,43.627335,83.589005,103.927147,23.444893,17.821999,17.430000,5.035305,75.154458,42.977406,73.284737
2020-07-16,269.758667,250.150436,33.418312,43.024940,83.589005,104.003868,23.479807,17.753979,17.280001,5.002106,75.154458,42.595100,73.334305
2020-07-17,270.472504,250.440079,33.584618,43.245544,83.589005,103.978256,23.541891,17.761139,17.430000,5.012604,75.154458,42.836128,73.408623
2020-07-18,,,,,,,,,,5.016793,,,
2020-07-19,,,,,,,,,,5.031460,,,
2020-07-20,272.723877,257.545288,33.775871,43.830971,83.589005,104.046440,23.553528,17.805534,17.510000,5.019636,75.154458,43.127010,73.482986
2020-07-21,273.291199,254.861542,33.908905,44.255192,83.589005,104.157219,23.619482,17.938713,17.709999,5.135022,75.154458,43.368038,73.524315
2020-07-22,274.846924,255.759338,34.000370,44.085503,83.589005,104.191307,23.634998,17.997429,17.990000,5.217443,75.154458,43.384666,73.623451
2020-07-23,271.561523,249.078888,33.717663,43.746124,83.589005,104.293541,23.638884,18.061157,18.139999,5.247958,75.154458,43.052208,73.689552
2020-07-24,269.804443,246.713654,33.551361,43.686737,83.589005,104.242409,23.634998,18.069029,18.299999,5.223758,75.154458,42.894299,73.673042
2020-07-25,,,,,,,,,,5.300563,,,
2020-07-26,,,,,,,,,,5.425478,,,
2020-07-27,271.772034,251.115799,34.017010,44.348526,83.589005,104.080498,23.631123,18.162117,18.660000,6.020165,75.154458,43.509331,73.623451
2020-07-28,270.088165,247.920380,33.859001,43.941273,83.589005,104.327614,23.669918,18.205078,18.820000,5.977414,75.154458,43.201817,73.656532
2020-07-29,273.355255,250.777893,34.216560,44.679417,83.593178,104.463943,23.724230,18.255915,18.950001,6.080195,75.158210,43.750355,73.772171
2020-07-30,272.357666,252.090836,33.759239,44.153389,83.589005,104.608818,23.751387,18.263073,18.820000,6.086081,75.154458,43.201817,73.813492
2020-07-31,274.636475,256.589600,33.102341,43.873390,83.593178,104.634346,23.809584,18.271667,18.990000,6.202341,75.158210,42.561852,73.912651
2020-08-01,,,,,,,,,,6.441225,,,
2020-08-02,,,,,,,,,,6.054531,,,
2020-08-03,276.366058,260.055359,33.676094,44.195805,83.593987,104.583199,23.840624,18.374060,19.000000,6.160100,75.158937,43.176876,73.886971
2020-08-04,277.528290,261.020691,33.942165,44.713364,83.593987,104.941338,23.898817,18.558796,19.420000,6.137940,75.158937,43.509331,74.044250
2020-08-05,279.257874,261.667419,34.125095,45.273342,83.593987,104.591736,23.918217,18.584578,19.600000,6.434340,75.158937,43.766983,73.944901
2020-08-06,281.134064,265.133209,34.199932,45.400600,83.593987,104.711136,23.941500,18.584578,19.850000,6.452279,75.158937,43.899956,74.060768
2020-08-07,281.280426,262.072906,34.058563,44.543667,83.598198,104.489349,23.871664,18.387667,19.530001,6.354616,75.162724,43.509331,73.978004
2020-08-08,,,,,,,,,,6.438187,,,
2020-08-09,,,,,,,,,,6.395295,,,
2020-08-10,282.177246,260.953094,34.191620,44.670933,83.593987,104.378540,23.852268,18.355442,19.480000,6.506143,75.158937,43.642319,73.895264
2020-08-11,279.898499,256.010284,34.332981,44.526703,83.593987,104.020401,23.801826,18.019627,18.440001,6.250026,75.158937,43.742043,73.638672
2020-08-12,283.733093,262.449341,35.014816,45.078194,83.598198,103.713379,23.821218,17.983820,18.360001,6.345557,75.162724,44.539925,73.448296
2020-08-13,283.247986,263.047882,34.865150,44.925468,83.598198,103.500191,23.747515,17.955898,18.770000,6.454669,75.162724,44.348763,73.208275
2020-08-14,283.247986,262.739014,34.648956,44.891541,83.602364,103.551361,23.708708,17.943724,18.700001,6.446307,75.166469,44.132675,73.125488
2020-08-15,,,,,,,,,,6.499344,,,
2020-08-16,,,,,,,,,,6.514190,,,
2020-08-17,284.163147,265.789642,34.915028,45.400600,83.602364,103.721931,23.755268,18.079769,19.090000,6.712253,75.166469,44.548237,73.216576
2020-08-18,284.757996,268.347900,34.906708,45.400600,83.598198,103.900970,23.871664,18.192905,19.270000,6.568104,75.162724,44.531609,73.315910
2020-08-19,283.549927,266.542725,34.715473,44.857601,83.604027,103.764519,23.790188,17.972368,18.670000,6.440508,75.167964,44.257336,73.191757
2020-08-20,284.446838,270.240082,34.607376,44.662453,83.598198,104.062996,23.778553,18.038242,18.770000,6.506286,75.162724,44.140991,73.315910
2020-08-21,285.462646,272.112885,34.424446,44.874569,83.598198,104.139778,23.856144,18.033232,18.639999,6.349695,75.162724,44.041248,73.473152
2020-08-22,,,,,,,,,,6.398629,,,
2020-08-23,,,,,,,,,,6.389329,,,
2020-08-24,288.363617,273.812103,34.840206,45.400600,83.598198,103.994797,23.902699,18.053280,18.530001,6.449443,75.162724,44.548237,73.390373
2020-08-25,289.370300,275.964783,34.915028,45.884224,83.602364,103.747520,23.887178,18.043970,18.549999,6.225712,75.166469,44.714470,73.249687
2020-08-26,292.326263,281.853668,35.172802,45.960583,83.589828,103.704849,23.941500,18.108418,18.780001,6.292661,75.155199,44.947182,73.208275
2020-08-27,292.912048,280.975159,34.815250,45.595753,83.606552,103.338135,23.844503,17.990984,18.559999,6.202303,75.170235,44.556545,72.943405
2020-08-28,294.815521,282.403900,35.056385,46.189667,83.598198,103.508743,23.918217,18.112711,18.889999,6.322314,75.162724,44.963795,73.001366
2020-08-29,,,,,,,,,,6.302796,,,
2020-08-30,,,,,,,,,,6.414886,,,
2020-08-31,293.781372,284.672607,34.815250,45.222431,83.598198,103.619591,24.026850,18.154953,18.940001,6.398078,75.162724,44.448498,73.216576
2020-09-01,296.526764,289.538086,34.865150,46.011494,83.587303,103.959190,24.052498,18.215822,18.950001,6.556736,75.152928,44.714470,73.418053
2020-09-02,300.846375,292.279846,35.289215,45.867245,83.595695,104.104309,24.044722,18.312485,18.690001,6.251948,75.160474,45.088455,73.575562
2020-09-03,290.431915,277.461151,34.490967,45.035767,83.599846,104.240845,23.963114,18.183598,18.540001,5.611781,75.164205,44.107742,73.583839
2020-09-04,288.107422,273.763763,34.557480,45.061222,83.599846,103.660568,23.897045,18.031082,18.620001,5.757764,75.164205,44.199173,73.152710
2020-09-05,,,,,,,,,,5.570301,,,
2020-09-06,,,,,,,,,,5.630982,,,
2020-09-07,,,,,,,,,,5.679847,,,
2020-09-08,280.191406,260.605560,34.133408,44.314583,83.599846,103.882416,23.924255,17.965206,18.559999,5.549459,75.164205,43.567505,73.260506
2020-09-09,285.718903,268.261108,34.723774,44.891541,83.604019,103.831238,23.932026,18.022490,18.750000,5.610166,75.167958,44.307205,73.210724
2020-09-10,280.722168,262.912811,34.341293,44.221252,83.599846,103.959190,23.955339,17.990984,18.680000,5.676328,75.164205,43.758671,73.227325
2020-09-11,280.932648,261.088257,34.657269,44.620033,83.599846,104.121361,23.935909,17.997429,18.690001,5.697020,75.164205,44.165916,73.301964
2020-09-12,,,,,,,,,,5.719618,,,
2020-09-13,,,,,,,,,,5.654757,,,
2020-09-14,284.584137,265.635223,34.890095,45.366676,83.599846,104.027489,23.920364,18.130610,18.830000,5.850346,75.164205,44.548237,73.301964
2020-09-15,286.048309,269.400238,35.106277,45.841797,83.599846,103.976303,23.932026,18.079769,18.790001,5.913946,75.164205,44.855751,73.343437
2020-09-16,284.895294,265.104187,35.106277,45.748470,83.599846,103.916550,23.943687,17.911507,18.840000,6.011419,75.164205,44.789265,73.326820
2020-09-17,282.406036,260.962769,35.156170,45.612717,83.599846,103.950653,23.959225,17.854939,18.730000,5.997224,75.164205,44.772636,73.326820
2020-09-18,279.120697,257.632080,34.906708,45.230927,83.599846,103.856827,23.939793,17.826298,18.750000,5.994811,75.164205,44.440189,73.243912
2020-09-19,,,,,,,,,,6.076842,,,
2020-09-20,,,,,,,,,,5.991353,,,
2020-09-21,276.091553,258.249969,34.054928,44.857601,83.599846,104.044594,23.889275,17.663759,18.370001,5.730621,75.164205,43.594566,73.285385
2020-09-22,278.882690,263.047882,34.046570,44.484276,83.599846,104.044594,23.881500,17.637264,18.299999,5.772359,75.164205,43.510921,73.310257
2020-09-23,272.421783,255.015854,33.695473,43.746124,83.599846,104.044594,23.869837,17.479023,17.910000,5.612269,75.164205,42.983974,73.144417
2020-09-24,273.172150,256.203278,33.645332,43.576439,83.599846,104.095757,23.893154,17.426035,17.969999,5.893742,75.164205,42.908688,73.152710
2020-09-25,277.546600,262.159821,33.770706,43.567955,83.604019,104.181091,23.920364,17.413149,17.910000,5.856852,75.167958,43.067608,73.144417
2020-09-26,,,,,,,,,,5.888625,,,
2020-09-27,,,,,,,,,,5.902070,,,
2020-09-28,282.195587,267.604553,34.322411,44.093990,83.604019,104.164047,23.966991,17.657316,18.100000,5.866128,75.167958,43.653111,73.210724
2020-09-29,280.586273,266.397827,34.272255,44.110962,83.604019,104.240845,24.009748,17.683088,18.250000,5.940067,75.167958,43.594566,73.260506
2020-09-30,282.746094,268.222321,34.188671,44.798199,83.604019,103.959190,23.951450,17.609339,18.150000,5.907121,75.167958,43.636379,73.144417
2020-10-01,284.538239,272.479797,34.389290,45.222431,83.604027,104.018135,23.950668,17.712452,18.309999,5.816722,75.167964,43.987682,73.219193
2020-10-02,281.891296,264.814636,34.314053,44.670933,83.599861,103.915649,23.946772,17.714596,18.290001,5.792908,75.164219,43.795303,73.169342
2020-10-03,,,,,,,,,,5.778313,,,
2020-10-04,,,,,,,,,,5.844181,,,
2020-10-05,286.817383,270.462067,34.849037,45.264847,83.607384,103.258133,23.880516,17.647291,18.379999,5.911968,75.170983,44.439358,72.895256
2020-10-06,282.810455,265.635223,34.489597,45.332733,83.604027,103.497238,23.888315,17.560650,18.160000,5.808481,75.167964,44.121502,72.994949
2020-10-07,287.662994,270.230438,34.815601,45.833317,83.604027,103.198357,23.876617,17.563513,18.139999,5.843844,75.167964,44.564816,72.895256
2020-10-08,290.208740,271.668915,35.074738,46.189667,83.604027,103.386230,23.966259,17.564232,18.209999,5.978982,75.167964,44.874290,73.019836
2020-10-09,292.791199,275.819977,35.308788,46.546013,83.604027,103.334961,23.974064,17.730349,18.540001,6.060470,75.167964,45.183777,73.036438
2020-10-10,,,,,,,,,,6.187494,,,
2020-10-11,,,,,,,,,,6.235597,,,
2020-10-12,297.515228,284.334747,35.484329,46.885387,83.604027,103.446007,23.981861,17.850645,18.500000,6.329360,75.167964,45.451420,73.144432
2020-10-13,295.612732,284.325073,35.091450,46.673279,83.604027,103.676552,24.005245,17.767580,18.209999,6.258447,75.167964,45.058308,73.202553
2020-10-14,293.765472,281.950195,35.016224,46.384808,83.604027,103.710724,23.993553,17.667337,18.250000,6.260423,75.167964,44.907753,73.244080
2020-10-15,293.416229,280.058044,34.631702,46.019978,83.604027,103.599724,23.989649,17.564947,18.330000,6.296488,75.167964,44.439358,73.202553
2020-10-16,293.168121,278.523102,34.740368,46.215118,83.604027,103.539940,23.997444,17.678795,18.250000,6.201604,75.167964,44.623367,73.144432
2020-10-17,,,,,,,,,,6.221311,,,
2020-10-18,,,,,,,,,,6.289920,,,
2020-10-19,288.738220,273.976074,34.589897,46.121792,83.604027,103.369164,23.950668,17.542034,18.270000,6.431609,75.167964,44.422626,73.077980
2020-10-20,289.877930,274.565033,34.782169,46.647820,83.604027,103.147141,23.923388,17.617931,18.360001,6.527079,75.167964,44.757195,72.953384
2020-10-21,289.354126,274.352661,34.665142,46.826008,83.604027,103.010490,23.927288,17.789062,18.510000,7.024076,75.167964,44.631737,72.870369
2020-10-22,290.944061,274.342926,34.698574,46.775097,83.604027,102.651871,23.884413,17.786201,18.320000,7.101966,75.167964,44.640091,72.745766
2020-10-23,291.936584,274.883545,34.890835,47.021141,83.608208,102.797028,23.892212,17.852793,18.309999,7.083150,75.171723,44.891018,72.837143
2020-10-24,,,,,,,,,,7.179839,,,
2020-10-25,,,,,,,,,,7.137724,,,
2020-10-26,286.560028,270.761292,34.238811,46.427238,83.608208,103.070259,23.935091,17.714596,18.299999,7.161865,75.171723,44.138241,72.945107
2020-10-27,285.613495,272.875610,33.979698,46.630859,83.608208,103.300812,23.966259,17.706009,18.350000,7.478992,75.171723,43.979324,73.119537
2020-10-28,275.779694,262.237061,32.984962,45.510906,83.608208,103.292290,23.935091,17.650869,18.040001,7.269243,75.171723,42.724686,73.019836
2020-10-29,278.683868,266.822632,33.143787,45.909679,83.608208,102.856766,23.864931,17.677362,17.980000,7.360495,75.171723,42.983974,72.862038
2020-10-30,275.549927,260.055359,32.976608,45.366676,83.608208,102.523750,23.794775,17.607908,18.049999,7.420002,75.171723,42.632671,72.737427
2020-10-31,,,,,,,,,,7.548432,,,
2020-11-01,,,,,,,,,,7.524394,,,
2020-11-02,278.757355,260.634552,33.377838,45.986034,83.612389,102.699768,23.871765,17.610773,18.219999,7.422175,75.175482,43.226540,72.838112
2020-11-03,283.674316,265.142853,34.230461,46.223602,83.608208,102.469055,23.860039,17.649435,18.330000,7.641168,75.171723,44.062958,72.821518
2020-11-04,290.061737,276.978424,34.581543,47.606579,83.608208,103.332085,23.875671,17.600035,18.309999,7.741628,75.171723,44.748840,73.320663
2020-11-05,295.741455,284.199554,35.417454,48.429573,83.608208,103.314995,23.899115,17.874989,18.740000,8.533740,75.171723,45.719093,73.395561
2020-11-06,295.704681,284.411957,35.492687,48.641685,83.608208,102.964668,23.801418,18.021774,18.760000,8.526090,75.171723,45.861286,73.229164
2020-11-07,,,,,,,,,,8.125073,,,
2020-11-08,,,,,,,,,,8.478812,,,
2020-11-09,299.390167,278.600250,36.462345,49.031979,83.612389,102.204178,23.734968,17.722471,17.950001,8.398156,75.175482,46.823174,72.888046
2020-11-10,299.004089,273.609344,36.729836,48.488968,83.608208,101.913635,23.758417,17.658028,18.000000,8.375472,75.171723,46.973724,72.746643
2020-11-11,301.108765,279.729767,37.039116,48.768955,83.608208,102.076012,23.801418,17.647291,17.930000,8.600286,75.171723,47.299931,72.796547
2020-11-12,298.324036,278.416840,36.504128,48.412609,83.608208,102.657051,23.852228,17.653734,18.020000,8.915240,75.171723,46.664253,73.037811
2020-11-13,302.377014,280.859222,37.022400,49.082878,83.608208,102.520317,23.860039,17.841333,18.160000,8.937952,75.171723,47.316662,73.062775
2020-11-14,,,,,,,,,,8.801197,,,
2020-11-15,,,,,,,,,,8.739549,,,
2020-11-16,306.044006,283.050690,37.498863,49.719219,83.608208,102.443451,23.828773,17.847778,18.139999,9.156119,75.171723,47.910519,73.104355
2020-11-17,304.518372,282.152832,37.482136,49.668312,83.608208,102.708282,23.871765,17.907925,18.080000,9.665133,75.171723,47.910519,73.229164
2020-11-18,300.823853,280.067688,37.281525,49.541046,83.612389,102.674133,23.875671,17.893606,17.990000,9.752005,75.175482,47.684692,73.312347
2020-11-19,302.082886,282.259094,37.507229,49.642857,83.608208,102.785233,23.906937,17.886448,17.940001,9.759172,75.171723,47.960709,73.462074
2020-11-20,300.061005,280.328400,37.632618,49.888908,83.608208,102.964668,23.946016,17.890026,18.010000,10.199680,75.171723,48.111271,73.528671
2020-11-21,,,,,,,,,,10.211137,,,
2020-11-22,,,,,,,,,,10.062025,,,
2020-11-23,301.834808,280.338013,37.657688,50.050117,83.612389,102.759552,23.934298,17.798374,17.660000,10.058804,75.175482,48.178181,73.470413
2020-11-24,306.724121,284.276764,38.259537,50.754330,83.612389,102.597244,23.934298,17.900049,17.370001,10.465965,75.175482,48.889149,73.395561
2020-11-25,306.218689,286.024109,38.184311,50.508278,83.604042,102.631409,23.973379,17.854223,17.360001,10.260373,75.167978,48.721863,73.362282
2020-11-26,,,,,,,,,,9.394120,,,
2020-11-27,307.091766,288.659668,38.451813,50.991890,83.612389,102.939011,24.020271,17.980246,17.180000,9.370994,75.175482,49.081532,73.520340
2020-11-28,,,,,,,,,,9.704575,,,
2020-11-29,,,,,,,,,,9.956575,,,
2020-11-30,305.713196,289.248505,37.691132,49.736183,83.612389,102.870674,24.055450,17.736076,17.080000,10.749898,75.175482,48.010895,73.620193
2020-12-01,309.076935,292.955597,38.501953,50.703415,83.608223,102.323441,24.006119,17.951603,17.450001,10.299195,75.171737,49.098251,73.397690
2020-12-02,309.729431,293.332062,38.560474,50.796749,83.608223,102.152435,24.037445,17.915085,17.580000,10.517248,75.171737,49.131706,73.272682
2020-12-03,309.637543,293.747101,38.694210,51.314308,83.612381,102.426041,24.104008,18.033947,17.700001,10.651065,75.175476,49.357540,73.414345
2020-12-04,312.302734,294.944275,39.070385,51.848831,83.612381,102.024162,24.057020,18.054710,17.660000,10.242651,75.175476,49.809212,73.222687
2020-12-05,,,,,,,,,,10.491580,,,
2020-12-06,,,,,,,,,,10.596139,,,
2020-12-07,311.723724,296.614380,38.786171,51.814892,83.608223,102.340523,24.115759,18.017477,17.910000,10.512066,75.171737,49.558281,73.322693
2020-12-08,312.624420,297.618317,38.878113,51.831860,83.608223,102.443153,24.158815,18.006020,17.980000,10.035264,75.171737,49.683739,73.347679
2020-12-09,309.848938,290.879974,38.928268,51.450058,83.608223,102.297768,24.139244,17.961624,17.680000,10.162763,75.171737,49.625195,73.222687
2020-12-10,309.701904,292.048096,39.011860,52.094883,83.612381,102.528664,24.182314,18.142782,17.639999,10.004507,75.175476,49.842667,73.372696
2020-12-11,309.306671,291.401306,38.878113,51.763988,83.612381,102.733810,24.186234,18.036091,17.680000,9.891624,75.175476,49.600117,73.489357
2020-12-12,,,,,,,,,,10.299556,,,
2020-12-13,,,,,,,,,,10.485091,,,
2020-12-14,307.891327,293.515472,38.886482,51.508976,83.612381,102.674011,24.186234,18.027502,17.570000,10.542199,75.175476,49.608475,73.464348
2020-12-15,312.146515,296.653046,39.312798,52.075668,83.612381,102.571396,24.229300,18.229424,17.830000,10.635552,75.175476,50.143780,73.497673
2020-12-16,312.624420,298.284454,39.446526,52.273155,83.620773,102.485916,24.225389,18.328951,17.920000,11.672713,75.183021,50.269253,73.422707
2020-12-17,314.324707,300.234558,39.705666,52.668118,83.617393,102.411446,24.235590,18.456406,18.120001,12.491349,75.179982,50.620548,73.439346
2020-12-18,313.065552,299.327209,39.471619,52.496395,83.617393,102.325928,24.239511,18.407715,18.090000,12.673637,75.179982,50.419800,73.414345
2020-12-19,,,,,,,,,,13.074514,,,
2020-12-20,,,,,,,,,,12.859505,,,
2020-12-21,312.100525,298.767120,39.028866,51.800911,83.617393,102.394356,24.231665,18.199348,18.030001,12.490210,75.179982,49.794735,73.422707
2020-12-22,311.485168,299.579498,38.902374,51.431705,83.617393,102.565475,24.247358,18.034664,17.889999,13.026969,75.179982,49.651127,73.539337
2020-12-23,311.734192,298.070740,39.340900,51.938286,83.613228,102.351570,24.259130,18.207943,18.010000,12.730266,75.176237,50.115715,73.456558
2020-12-24,312.979980,299.386078,39.442101,51.792320,83.613228,102.497032,24.270901,18.139202,18.070000,13.001181,75.176237,50.141056,73.581985
2020-12-25,,,,,,,,,,13.509947,,,
2020-12-26,,,,,,,,,,14.480681,,,
2020-12-27,,,,,,,,,,14.390444,,,
2020-12-28,315.702271,302.403534,39.686661,51.946877,83.613228,102.505547,24.290518,18.194342,18.010000,14.835492,75.176237,50.445145,73.556908
2020-12-29,315.037872,302.674377,39.998688,52.625191,83.613228,102.488495,24.278742,18.337965,18.059999,14.987561,75.176237,50.867500,73.581985
2020-12-30,315.462433,302.683960,40.083019,53.320679,83.617393,102.556931,24.286596,18.535013,18.200001,15.797407,75.179982,51.146240,73.632156
2020-12-31,317.160278,303.428711,39.813152,53.269161,83.617393,102.625320,24.357216,18.448399,18.280001,15.885466,75.179982,50.816807,73.732475
2021-01-01,,,,,,,,,,16.089463,,,
2021-01-02,,,,,,,,,,17.597460,,,
2021-01-03,,,,,,,,,,17.956097,,,
2021-01-04,312.860077,299.144318,40.040859,53.698471,83.617393,102.651016,24.396450,18.476549,18.690001,17.512366,75.179982,51.120903,73.632156
2021-01-05,314.917908,301.610474,40.496243,54.857616,83.617393,102.411446,24.372910,18.944254,18.730000,18.619088,75.179982,51.864239,73.506737
2021-01-06,316.828125,297.432526,40.934769,54.454060,83.613228,101.812592,24.306213,18.820114,18.450001,20.170257,75.176237,52.142982,73.180679
2021-01-07,321.562103,304.627960,41.052841,54.883373,83.617393,101.453239,24.298363,18.752985,18.389999,21.565181,75.179982,52.362606,73.030167
2021-01-08,323.370850,308.544922,41.440758,56.274353,83.617393,101.162338,24.200275,18.949308,17.770000,22.346572,75.179982,53.029907,72.963264
2021-01-09,,,,,,,,,,22.049114,,,
2021-01-10,,,,,,,,,,21.009441,,,
2021-01-11,321.257629,304.086334,40.901039,55.527344,83.617393,100.965530,24.161039,18.679367,17.740000,19.481358,75.179982,52.328808,72.888062
2021-01-12,321.285309,303.602753,41.095005,56.042522,83.617393,100.948448,24.184582,18.842485,17.840000,18.581037,75.179982,52.599125,72.871330
2021-01-13,322.088135,305.653168,41.019108,56.154144,83.613228,101.299194,24.235590,18.771749,17.760000,20.439744,75.176237,52.590668,73.063629
2021-01-14,320.999207,304.018707,41.331135,56.677902,83.613228,101.068237,24.243435,18.903114,17.750000,21.464553,75.176237,53.055248,72.971680
2021-01-15,318.710632,301.610474,40.664921,55.922318,83.617393,101.342010,24.274828,18.560276,17.549999,20.170807,75.179982,52.244347,73.030167
2021-01-16,,,,,,,,,,19.816294,,,
2021-01-17,,,,,,,,,,19.604393,,,
2021-01-18,,,,,,,,,,20.063837,,,
2021-01-19,321.229858,306.011017,40.951645,56.729420,83.613228,101.401886,24.333670,18.789793,17.680000,19.756954,75.176237,52.768059,73.130524
2021-01-20,325.594788,313.129120,41.263664,57.725430,83.617393,101.444656,24.376841,19.045303,17.980000,19.471002,75.179982,53.342453,73.122154
2021-01-21,325.899414,315.633911,41.356438,57.922916,83.617393,101.299194,24.427835,19.092939,17.969999,16.884536,75.179982,53.410015,73.021797
2021-01-22,324.736542,314.724792,41.069710,57.399158,83.617393,101.453239,24.380753,18.919710,17.830000,18.078648,75.179982,53.046806,73.055267
2021-01-23,,,,,,,,,,17.564801,,,
2021-01-24,,,,,,,,,,17.686255,,,
2021-01-25,326.056213,317.326447,41.044403,57.819866,83.621574,101.863899,24.447456,18.958693,17.840000,17.728439,75.183741,53.122826,73.222450
2021-01-26,325.567139,317.790710,41.061279,57.407742,83.621574,101.829674,24.419991,18.859806,17.799999,17.839881,75.183741,53.021465,73.214119
2021-01-27,317.667877,308.931641,40.099888,55.870792,83.621574,101.949463,24.416069,18.592754,17.690001,16.669190,75.183741,51.788216,73.214119
2021-01-28,320.334839,310.759583,40.411903,56.265766,83.621574,101.684235,24.447456,18.701019,17.709999,18.330794,75.183741,52.151436,73.155594
2021-01-29,313.921204,304.221741,39.526428,54.806103,83.621574,101.504570,24.427835,18.426748,17.700001,18.796533,75.183741,50.943520,73.097061
2021-01-30,,,,,,,,,,18.770864,,,
2021-01-31,,,,,,,,,,18.138132,,,
2021-02-01,319.079681,311.823456,40.083019,56.343044,83.621582,101.631271,24.396450,18.641830,17.850000,18.369726,75.183748,51.864239,73.121368
2021-02-02,323.666138,316.910614,40.529984,57.124386,83.617409,101.374435,24.412146,18.761644,17.650000,19.450484,75.179996,52.489300,73.029228
2021-02-03,323.989136,315.653320,40.639610,57.416325,83.617409,101.126129,24.408224,18.916824,17.620001,20.525045,75.179996,52.683586,72.903625
2021-02-04,327.615753,319.386444,40.656483,57.424908,83.617409,101.091927,24.384682,18.891567,17.240000,20.225965,75.179996,52.734268,72.920387
2021-02-05,328.926117,320.469666,40.960075,57.862808,83.621582,100.877892,24.380753,19.097269,17.410000,20.893247,75.183748,53.097488,72.819870
2021-02-06,,,,,,,,,,21.507651,,,
2021-02-07,,,,,,,,,,21.309056,,,
2021-02-08,331.353088,322.616669,41.221504,58.025948,83.621582,100.920685,24.408224,19.195427,17.580000,25.303753,75.183748,53.426914,72.903625
2021-02-09,331.085510,322.548981,41.457634,58.592632,83.617409,100.997742,24.419991,19.326790,17.629999,25.459663,75.179996,53.790142,72.870140
2021-02-10,330.956299,321.813995,41.364868,58.798714,83.621582,101.254608,24.439611,19.328234,17.700001,24.603584,75.183748,53.722561,72.987358
2021-02-11,331.491577,323.583771,41.634735,59.391167,83.621582,101.177528,24.408224,19.401133,17.540001,26.241962,75.183748,54.128021,72.912003
2021-02-12,333.180298,325.392303,41.828693,59.477020,83.621582,100.843620,24.372910,19.606838,17.500000,26.020411,75.183748,54.389866,72.719391
2021-02-13,,,,,,,,,,25.801678,,,
2021-02-14,,,,,,,,,,26.684515,,,
2021-02-15,,,,,,,,,,26.261531,,,
2021-02-16,332.866608,324.512238,42.081696,59.640156,83.621582,100.115883,24.255201,19.740366,17.240000,26.948845,75.183748,54.634830,72.376068
2021-02-17,332.940399,322.955200,41.820271,59.631573,83.617409,100.184395,24.247358,19.660250,17.049999,28.564212,75.179996,54.398315,72.526817
2021-02-18,331.519196,321.543152,41.550396,58.893162,83.621582,100.175819,24.145351,19.531052,17.059999,28.307205,75.183748,53.942177,72.484947
2021-02-19,330.910156,320.140808,41.744370,59.288116,83.621582,99.773468,24.047253,19.646538,17.129999,30.612288,75.183748,54.246273,72.233727
2021-02-20,,,,,,,,,,30.728074,,,
2021-02-21,,,,,,,,,,31.517056,,,
2021-02-22,328.307770,311.842773,41.617855,57.596642,83.621582,99.610809,24.062950,19.740366,17.379999,29.691636,75.183748,53.671883,72.032768
2021-02-23,328.723145,310.914368,41.634735,57.888565,83.621582,99.687889,24.062950,19.807491,17.350000,26.743198,75.183748,53.807030,72.016014
2021-02-24,332.358917,313.477203,41.786514,57.536530,83.625748,99.550873,24.035482,19.915031,17.320000,27.225707,75.187494,53.823921,71.974091
2021-02-25,324.385864,302.548645,41.078136,56.291515,83.617409,98.223885,23.745140,19.863070,17.010000,25.795289,75.179996,52.852531,71.346085
2021-02-26,322.604889,303.815613,40.487812,55.578869,83.621582,99.105682,24.035482,19.245235,16.600000,25.382243,75.183748,52.117638,71.965744
2021-02-27,,,,,,,,,,25.299365,,,
2021-02-28,,,,,,,,,,24.723861,,,
2021-03-01,330.476562,312.954956,41.272102,57.047115,83.634148,98.994301,23.968782,19.490637,16.549999,27.185125,75.195046,53.257980,71.872658
2021-03-02,327.920319,307.935577,41.255238,56.480423,83.634148,99.174217,24.055109,19.393917,16.639999,26.499213,75.195046,53.046806,71.864288
2021-03-03,323.592285,298.999237,41.002239,56.394554,83.617409,98.643097,24.004095,19.527447,16.480000,27.681927,75.179996,52.793404,71.637810
2021-03-04,319.605774,294.105621,40.589012,55.158142,83.625748,98.154808,23.898165,19.592402,16.309999,26.599001,75.187494,52.117638,71.411400
2021-03-05,325.465668,298.535095,40.917908,55.673309,83.625748,98.017723,23.929544,19.783672,16.309999,26.799549,75.187494,52.506199,71.369476
2021-03-06,,,,,,,,,,26.791376,,,
2021-03-07,,,,,,,,,,28.048065,,,
2021-03-08,323.869141,290.082275,40.715500,54.247993,83.625748,97.632240,23.796156,19.562088,16.150000,28.617625,75.187494,51.957150,71.042397
2021-03-09,328.400146,301.523468,41.238365,55.321278,83.621582,98.094841,23.929544,19.629211,16.490000,30.029482,75.183748,52.759609,71.277184
2021-03-10,330.430328,300.662720,41.415470,55.166721,83.625748,98.300423,24.055109,19.695616,16.570000,30.678246,75.187494,52.903206,71.411400
2021-03-11,333.918549,307.587372,41.719063,56.849628,83.621582,98.266151,24.062950,20.030519,16.549999,31.662304,75.183748,53.646530,71.419777
2021-03-12,334.389160,305.092133,41.820271,55.870792,83.621582,97.555161,23.898165,20.132288,16.549999,31.403204,75.183748,53.477608,70.992058
2021-03-13,,,,,,,,,,33.545422,,,
2021-03-14,,,,,,,,,,32.482381,,,
2021-03-15,336.327118,308.351440,41.921459,56.016758,83.625748,97.675064,23.964865,20.088259,16.629999,30.622732,75.187494,53.587406,71.075928
2021-03-16,335.948761,310.043945,41.988918,56.291515,83.629944,97.657944,24.011944,20.078154,16.639999,31.114442,75.191266,53.714104,71.067543
2021-03-17,337.046875,311.320465,42.208191,56.308689,83.629944,97.495163,23.992325,20.231886,16.760000,32.246073,75.191266,53.933739,71.042397
2021-03-18,332.091370,301.784668,41.803391,55.372787,83.625748,96.886971,23.827538,19.835638,16.680000,31.691773,75.187494,53.300213,70.748863
2021-03-19,331.500824,302.848480,41.946758,55.948082,83.629944,96.827003,23.870699,19.951122,16.750000,31.958923,75.191266,53.570511,70.807556
2021-03-20,,,,,,,,,,31.940843,,,
2021-03-21,,,,,,,,,,31.508005,,,
2021-03-22,334.121552,308.527802,41.964554,55.845036,83.626617,97.143967,23.968782,19.876781,16.700001,29.867913,75.188276,53.566284,71.008858
2021-03-23,331.666901,307.181763,41.329102,54.814682,83.632454,97.623650,24.027649,19.450939,16.590000,29.982830,75.193523,52.753391,71.168167
2021-03-24,329.830505,302.001129,41.151192,53.586845,83.629944,97.752167,24.090418,19.416288,16.650000,28.906692,75.191266,52.186058,71.277184
2021-03-25,331.685364,301.478180,41.413834,53.844440,83.625748,97.623650,24.074726,19.469706,16.590000,28.320550,75.187494,52.524769,71.226883
2021-03-26,337.096313,306.000366,41.981495,55.158142,83.629944,97.298180,24.074726,19.774284,16.629999,30.201032,75.191266,53.388466,71.101105
2021-03-27,,,,,,,,,,30.659054,,,
2021-03-28,,,,,,,,,,30.646584,,,
2021-03-29,336.892639,305.913269,41.778160,54.806103,83.621582,96.964035,24.015867,19.827698,16.440001,31.632221,75.183748,53.092094,71.008858
2021-03-30,336.031372,304.373566,41.727318,55.012169,83.629944,96.878395,23.980555,19.684065,16.160000,32.271705,75.191266,53.109032,71.084328
2021-03-31,337.364868,309.031433,41.608704,55.261166,83.621582,96.741310,23.996258,19.806767,16.400000,32.272330,75.183748,53.092094,71.050758
2021-04-01,340.939545,314.299225,42.150940,55.870792,83.630798,97.169930,24.056763,19.834198,16.620001,32.369268,75.192035,53.811844,71.279396
2021-04-02,,,,,,,,,,32.527293,,,
2021-04-03,,,,,,,,,,31.552081,,,
2021-04-04,,,,,,,,,,32.184539,,,
2021-04-05,345.856873,320.574219,42.786388,56.025352,83.626610,96.895638,23.982111,20.014639,16.590000,32.348492,75.188269,54.404579,71.170120
2021-04-06,345.662415,320.351471,42.413609,56.325863,83.634941,97.367058,24.009609,19.956894,16.740000,31.874410,75.195759,54.091274,71.422302
2021-04-07,346.097626,321.126099,42.489849,55.570282,83.626610,97.307045,24.021406,19.935966,16.680000,30.700368,75.188269,53.964260,71.338234
2021-04-08,347.783112,324.476593,42.735554,56.068283,83.634941,97.641380,24.064631,19.950399,16.870001,31.946490,75.195759,54.302967,71.497940
2021-04-09,350.283478,326.442352,42.837223,55.596031,83.626610,97.384201,24.021406,20.000925,16.750000,31.903246,75.188269,54.294502,71.405472
2021-04-10,,,,,,,,,,32.751277,,,
2021-04-11,,,,,,,,,,32.976799,,,
2021-04-12,350.440918,326.016388,42.608459,55.252579,83.626610,97.324211,24.025330,19.995152,16.639999,32.806171,75.188269,53.972733,71.388702
2021-04-13,351.394745,329.821930,42.896534,55.458649,83.630798,97.727097,24.103924,20.007420,16.750000,34.783523,75.192035,54.286041,71.573586
2021-04-14,350.264954,325.861359,42.938889,55.767765,83.630798,97.607071,24.103924,20.106304,16.680000,34.567843,75.192035,54.429981,71.523148
2021-04-15,354.024811,330.800018,43.269321,56.248592,83.630798,98.232819,24.233595,20.086096,16.950001,34.679755,75.192035,54.802567,71.825798
2021-04-16,355.265747,331.187408,43.523502,56.403145,83.634941,97.967102,24.225742,20.195080,17.070000,33.726014,75.195759,55.166676,71.632462
2021-04-17,,,,,,,,,,33.239089,,,
2021-04-18,,,,,,,,,,30.791976,,,
2021-04-19,353.515411,328.156464,43.396408,56.248592,83.634941,97.864258,24.186447,20.473679,17.010000,30.522531,75.195759,54.997307,71.590416
2021-04-20,350.922485,325.764679,42.676239,55.836449,83.630798,98.155685,24.202160,19.972776,17.070000,30.932662,75.192035,54.235229,71.708076
2021-04-21,354.219269,328.553467,43.065987,56.222836,83.626610,98.207115,24.221807,20.060835,17.230000,29.526640,75.188269,54.751759,71.783752
2021-04-22,350.968689,324.592896,42.888062,55.999580,83.634941,98.284271,24.253246,19.958340,17.139999,28.352381,75.195759,54.523121,71.817383
2021-04-23,354.710083,328.679291,43.379471,56.780937,83.634941,98.155685,24.253246,20.225393,17.070000,27.986149,75.195759,55.141258,71.825798
2021-04-24,,,,,,,,,,27.414972,,,
2021-04-25,,,,,,,,,,26.841697,,,
2021-04-26,355.478699,330.819427,43.447254,56.883976,83.626610,98.052834,24.272898,20.179920,17.100000,29.589994,75.188269,55.209007,71.775337
2021-04-27,355.367554,329.386261,43.311684,56.901146,83.626610,97.667053,24.272898,20.310558,17.070000,30.143960,75.188269,55.124329,71.590416
2021-04-28,355.200897,328.272583,43.430302,57.313286,83.630798,97.795639,24.359344,20.315613,17.110001,30.029803,75.192035,55.352966,71.624031
2021-04-29,357.571594,329.453949,43.472672,57.167316,83.634941,97.624222,24.343630,20.434708,17.040001,29.334393,75.195759,55.344490,71.565193
2021-04-30,355.210205,327.294525,42.879581,56.214252,83.634941,97.709938,24.327908,20.251377,16.980000,31.632208,75.195759,54.565472,71.666023
2021-05-01,,,,,,,,,,31.674863,,,
2021-05-02,,,,,,,,,,31.019231,,,
2021-05-03,356.015808,325.551575,43.328625,56.214252,83.638306,97.876328,24.387421,20.341602,17.219999,31.331014,75.198784,55.031181,71.683723
2021-05-04,353.848785,319.692963,42.803337,55.578869,83.629929,98.004990,24.434706,20.184975,17.090000,29.213030,75.191253,54.319901,71.776344
2021-05-05,353.913605,318.618134,43.311684,55.836449,83.634148,98.125069,24.556883,20.411612,17.170000,31.453552,75.195046,54.878754,71.818443
2021-05-06,356.793701,321.019684,43.667534,56.368805,83.634148,98.167969,24.525358,20.332216,17.430000,30.890751,75.195046,55.302151,71.852119
2021-05-07,359.340393,323.624481,44.175888,56.995594,83.631638,98.202301,24.580536,20.613701,17.590000,31.416521,75.192789,55.954163,71.860527
2021-05-08,,,,,,,,,,32.209310,,,
2021-05-09,,,,,,,,,,31.896297,,,
2021-05-10,355.821320,315.451569,43.947124,55.999580,83.638306,98.004990,24.596292,20.592051,17.660000,30.596768,75.198784,55.496902,71.692162
2021-05-11,352.700500,315.015839,43.421825,55.802101,83.629929,97.842018,24.541122,20.408718,17.660000,31.059488,75.191253,54.895702,71.549042
2021-05-12,345.171631,306.862305,42.659298,54.256577,83.634148,97.370277,24.493824,20.115685,17.480000,26.921822,75.195046,53.820309,71.296478
2021-05-13,349.274109,309.234772,42.955841,54.239407,83.629929,97.696228,24.497768,20.130121,17.559999,27.231656,75.191253,54.108215,71.439606
2021-05-14,354.635956,316.061646,43.642109,55.123787,83.634148,97.910645,24.576590,20.620924,17.709999,27.321674,75.195046,55.014256,71.607956
2021-05-15,,,,,,,,,,25.612528,,,
2021-05-16,,,,,,,,,,25.445943,,,
2021-05-17,353.783997,314.144348,43.574337,55.046520,83.629929,97.816292,24.619944,20.649794,17.930000,23.847332,75.191253,54.929573,71.540627
2021-05-18,350.727936,312.023621,43.726852,55.802101,83.634148,97.816292,24.592354,20.628139,17.950001,23.503290,75.195046,55.259811,71.464851
2021-05-19,349.801971,312.381958,43.337097,55.638969,83.629929,97.524666,24.430761,20.312729,17.959999,20.267798,75.191253,54.870300,71.389084
2021-05-20,353.533966,318.424377,43.938652,55.956650,83.629929,97.927826,24.434706,20.404394,18.049999,22.338426,75.191253,55.463036,71.624840
2021-05-21,353.265472,316.662048,43.930180,55.364212,83.629929,97.962097,24.489883,20.459248,18.049999,20.433353,75.191253,55.310616,71.641624
2021-05-22,,,,,,,,,,20.560397,,,
2021-05-23,,,,,,,,,,19.045315,,,
2021-05-24,356.830780,321.988037,44.201309,55.845036,83.636627,98.056450,24.549004,20.662064,18.090000,21.200899,75.197275,55.708591,71.725845
2021-05-25,356.080627,322.433411,44.201309,56.385971,83.638306,98.416733,24.619944,20.683714,18.240000,21.034518,75.198784,55.861015,71.911049
2021-05-26,356.728912,323.556763,44.201309,56.841045,83.634148,98.305206,24.568705,20.685884,18.219999,21.523091,75.195046,55.988014,71.885788
2021-05-27,356.886322,322.346283,44.286030,56.875381,83.629929,98.133675,24.556883,20.844669,18.240000,21.053549,75.191253,56.115047,71.784760
2021-05-28,357.580872,323.363098,44.413116,57.227421,83.638306,98.125069,24.584475,20.836733,18.299999,19.553085,75.198784,56.242062,71.776344
2021-05-29,,,,,,,,,,18.960680,,,
2021-05-30,,,,,,,,,,19.542416,,,
2021-05-31,,,,,,,,,,20.448780,,,
2021-06-01,357.303070,322.288208,44.650349,58.386570,83.635826,98.107063,24.642256,20.625252,18.260000,20.093882,75.196555,56.775520,71.771301
2021-06-02,357.904968,322.917603,44.777428,58.506775,83.635826,98.218613,24.634340,20.797758,18.340000,20.581511,75.196555,56.902527,71.847160
2021-06-03,356.543701,319.557495,44.540207,57.854225,83.631622,97.969727,24.539354,20.710423,17.969999,21.476295,75.192775,56.470684,71.712273
2021-06-04,359.775665,324.980255,44.963833,58.420918,83.631622,98.510513,24.646215,20.830236,18.180000,20.208623,75.192775,57.012611,71.998947
2021-06-05,,,,,,,,,,19.473307,,,
2021-06-06,,,,,,,,,,19.643338,,,
2021-06-07,359.470001,325.948547,45.065506,58.163322,83.633301,98.433220,24.598724,20.779713,18.250000,18.382615,75.194285,57.054951,71.948387
2021-06-08,359.525604,326.103485,45.040089,57.871391,83.639977,98.716461,24.614546,20.819410,18.180000,18.334373,75.200287,56.961792,72.083267
2021-06-09,358.960693,326.181000,44.862164,57.725430,83.635826,99.025482,24.618515,20.982531,18.160000,20.455498,75.196555,56.767044,72.226624
2021-06-10,360.618408,329.579926,45.006199,58.201866,83.635826,99.377380,24.749119,20.911795,18.230000,20.103561,75.196555,57.021076,72.378365
2021-06-11,361.247925,330.441742,45.082458,58.003002,83.635826,99.231491,24.681831,20.864882,18.020000,20.449625,75.196555,57.088821,72.361511
2021-06-12,,,,,,,,,,19.473613,,,
2021-06-13,,,,,,,,,,21.415547,,,
2021-06-14,362.155670,333.608276,45.150227,58.210518,83.635826,98.922455,24.666006,20.859106,17.930000,22.029356,75.196555,57.156559,72.176018
2021-06-15,361.396210,331.429443,45.158699,57.812771,83.635826,98.939651,24.717461,21.015728,17.850000,22.132219,75.196555,57.105759,72.176018
2021-06-16,359.414429,330.219025,44.862164,57.017258,83.635826,98.261559,24.495813,20.732079,17.549999,21.004304,75.196555,56.614632,71.973656
2021-06-17,359.284760,334.412018,44.531738,57.380417,83.633301,98.613495,24.563101,20.449863,17.010000,20.843510,75.194285,56.352135,72.218185
2021-06-18,354.515594,331.787811,43.684483,56.913486,83.627441,99.171379,24.578926,20.284582,16.930000,19.602185,75.189016,55.454563,72.445847
2021-06-19,,,,,,,,,,19.508315,,,
2021-06-20,,,,,,,,,,19.553463,,,
2021-06-21,359.479248,333.849823,44.285770,57.216129,83.627441,98.853783,24.535393,20.505440,17.120001,17.350661,75.189016,56.098938,72.192863
2021-06-22,361.387024,336.961914,44.328487,56.999969,83.639977,99.034019,24.673914,20.588440,17.070000,17.804722,75.200287,56.090408,72.294044
2021-06-23,360.998047,337.126740,44.089325,57.337196,83.631622,98.836678,24.681831,20.548744,17.059999,18.471525,75.192775,55.919708,72.243500
2021-06-24,363.063141,339.211090,44.456596,57.838699,83.631622,98.819458,24.626427,20.725580,17.030001,18.986079,75.192775,56.423260,72.277176
2021-06-25,364.405914,338.794037,44.601807,58.253750,83.639977,98.613495,24.658089,20.693100,17.080000,17.329347,75.200287,56.679298,72.142288
2021-06-26,,,,,,,,,,17.629782,,,
2021-06-27,,,,,,,,,,18.979072,,,
2021-06-28,365.165344,342.914429,44.311398,58.348877,83.631622,98.922455,24.689753,20.553078,17.080000,18.861139,75.192775,56.448875,72.336227
2021-06-29,365.326019,344.155426,44.302853,58.331581,83.635826,98.973969,24.709541,20.563902,16.910000,19.646295,75.196555,56.431793,72.369972
2021-06-30,365.660522,343.612549,44.003918,57.925167,83.635826,99.128487,24.741207,20.565351,16.990000,19.193344,75.196555,56.056259,72.420540
2021-07-01,367.723450,343.748260,44.132030,57.648464,83.634140,99.057190,24.764284,20.718365,17.059999,18.388865,75.195039,56.107471,72.413803
2021-07-02,370.520325,347.693939,44.294315,57.657120,83.634140,99.417946,24.867716,20.877151,17.170000,18.566843,75.195039,56.184296,72.540459
2021-07-03,,,,,,,,,,18.989426,,,
2021-07-04,,,,,,,,,,19.328607,,,
2021-07-05,,,,,,,,,,18.484110,,,
2021-07-06,369.823395,349.196655,44.029549,56.654083,83.637505,99.941872,24.935343,20.646906,17.260000,18.752061,75.198064,55.723408,72.802223
2021-07-07,371.096466,349.933472,44.183285,56.697315,83.633286,100.233894,24.915459,20.591330,17.309999,18.543992,75.194271,55.902641,72.954239
2021-07-08,368.141541,347.820038,43.542694,55.590527,83.633286,100.491539,24.891586,20.426767,17.309999,18.008323,75.194271,55.049175,73.021797
2021-07-09,372.025574,349.991638,44.294315,56.463856,83.633286,99.984818,24.895561,20.610096,17.370001,18.512597,75.194271,55.996521,72.793793
2021-07-10,,,,,,,,,,18.360603,,,
2021-07-11,,,,,,,,,,18.754795,,,
2021-07-12,373.372894,351.358582,44.456596,56.567616,83.633286,99.933243,24.951263,20.750841,17.340000,18.160857,75.194271,56.116016,72.768471
2021-07-13,372.109192,351.358582,44.208897,56.567616,83.637505,99.624077,24.951263,20.644016,17.370001,17.912279,75.198064,55.953838,72.540459
2021-07-14,372.620361,351.988770,44.319935,56.818375,83.633286,100.053482,25.026840,20.670727,17.549999,17.978185,75.194271,56.047737,72.785355
2021-07-15,371.421600,349.516693,43.961212,56.965363,83.633286,100.474388,25.106407,20.551634,17.559999,17.407647,75.194271,55.757557,72.962685
2021-07-16,368.531799,346.685730,43.619560,56.524380,83.637505,100.457169,25.102432,20.512655,17.379999,17.210903,75.198064,55.330811,72.895111
2021-07-17,,,,,,,,,,17.271992,,,
2021-07-18,,,,,,,,,,17.416455,,,
2021-07-19,363.021637,343.845123,42.765453,55.642399,83.637505,101.316093,25.110378,19.956894,17.410000,16.880227,75.198064,54.391983,73.308929
2021-07-20,368.150879,347.839447,43.149803,55.815346,83.633286,101.187233,25.106407,20.133005,17.379999,16.326742,75.194271,54.707775,73.232918
2021-07-21,371.245026,350.524902,43.773312,56.187157,83.641663,100.603210,25.050714,20.494614,17.330000,17.588382,75.201803,55.407623,72.996452
2021-07-22,372.034882,352.841949,43.833088,56.299564,83.637505,100.835106,25.122320,20.584833,17.350000,17.699251,75.198064,55.475910,73.156906
2021-07-23,375.751678,356.962219,44.097870,55.538643,83.641663,100.680496,25.233706,20.696707,17.290001,18.394032,75.201803,55.535645,73.072464
2021-07-24,,,,,,,,,,18.783419,,,
2021-07-25,,,,,,,,,,19.362789,,,
2021-07-26,376.708832,357.243378,44.149113,54.613434,83.634140,100.611786,25.337133,20.714754,17.250000,20.451343,75.195039,55.305214,73.030258
2021-07-27,375.036285,353.307281,43.986832,53.558514,83.637505,101.041229,25.345097,20.581228,17.290001,21.584844,75.198064,54.818733,73.216049
2021-07-28,374.831787,354.664490,44.183285,54.907425,83.641663,101.127136,25.416708,20.682272,17.370001,21.907445,75.201803,55.407623,73.283569
2021-07-29,376.448669,355.294739,44.516392,55.140888,83.640793,100.817932,25.376925,20.703928,17.559999,21.914301,75.201021,55.749020,73.156906
2021-07-30,374.608765,353.442963,44.225990,54.656666,83.637505,101.101349,25.416708,20.717640,17.420000,23.134191,75.198064,55.424709,73.266724
2021-07-31,,,,,,,,,,22.800423,,,
2021-08-01,,,,,,,,,,21.895936,,,
2021-08-02,373.846832,353.472107,44.439514,55.019836,83.630768,101.544853,25.417110,20.685884,17.400000,21.472559,75.192007,55.655128,73.440933
2021-08-03,376.866791,355.614532,44.755550,55.261940,83.639160,101.570648,25.445110,20.678665,17.400000,20.897997,75.199553,56.022129,73.457855
2021-08-04,375.064117,356.128448,44.627422,55.486759,83.643349,101.544853,25.397106,20.444809,17.410000,21.771385,75.203319,55.970924,73.457855
2021-08-05,377.405670,358.387360,44.858025,55.400288,83.639160,101.175278,25.305080,20.506163,17.320000,22.385979,75.199553,56.133076,73.288681
2021-08-06,378.056183,356.816772,44.678665,54.950661,83.639160,100.582298,25.253069,20.323559,16.910000,23.452404,75.199553,55.868504,72.941917
2021-08-07,,,,,,,,,,24.405092,,,
2021-08-08,,,,,,,,,,23.990077,,,
2021-08-09,377.693817,357.476044,44.627422,55.071712,83.634956,100.367378,25.209066,20.036291,16.600000,25.396287,75.195773,55.877041,72.806557
2021-08-10,378.167755,355.643707,44.721367,55.149540,83.634956,100.178299,25.229063,20.177755,16.600000,24.968845,75.195773,55.979450,72.696625
2021-08-11,379.078278,355.032928,45.003220,55.253300,83.634956,100.290009,25.269072,20.177036,16.840000,24.973558,75.195773,56.320850,72.747375
2021-08-12,380.183960,356.312622,44.900742,54.812305,83.630768,100.186905,25.245068,20.244881,16.830000,24.335248,75.192007,56.133076,72.755844
2021-08-13,380.936768,357.563232,45.131344,54.665314,83.639160,100.762756,25.309084,20.268702,17.070000,26.178418,75.199553,56.320850,73.043411
2021-08-14,,,,,,,,,,25.796984,,,
2021-08-15,,,,,,,,,,25.769629,,,
2021-08-16,381.847321,357.718445,44.875118,54.198387,83.643349,100.986198,25.341091,20.408718,17.160000,25.198597,75.203319,55.945312,73.111084
2021-08-17,379.329193,354.567596,44.379730,53.229939,83.626617,100.934616,25.281082,20.136616,17.150000,24.481534,75.188276,55.262535,73.034935
2021-08-18,375.249908,351.154968,44.268703,53.273174,83.639160,100.883080,25.273081,19.860901,17.150000,24.539501,75.199553,55.151573,73.018021
2021-08-19,375.779694,352.851532,43.781849,52.417133,83.634956,101.106514,25.281082,19.974939,17.090000,25.589189,75.195773,54.502945,73.178741
2021-08-20,378.752991,356.506622,43.927052,52.356606,83.643349,101.012009,25.209066,20.078873,17.120001,27.025148,75.203319,54.648026,73.161812
2021-08-21,,,,,,,,,,26.787601,,,
2021-08-22,,,,,,,,,,27.015550,,,
2021-08-23,382.107483,361.838715,44.388268,53.160763,83.634956,101.037781,25.265072,20.287470,17.309999,27.138516,75.195773,55.236942,73.178741
2021-08-24,382.711426,362.943909,44.601807,54.284851,83.639160,100.762756,25.265072,20.238386,17.309999,26.130653,75.199553,55.740494,73.034935
2021-08-25,383.417694,363.360718,44.635960,54.405903,83.634956,100.367378,25.261078,20.293962,17.200001,26.817890,75.195773,55.791698,72.916557
2021-08-26,381.178314,361.053375,44.354107,53.878456,83.639160,100.367378,25.265072,20.213123,17.209999,25.712234,75.199553,55.416161,72.924995
2021-08-27,384.560608,364.562927,44.815331,54.587490,83.639160,100.693985,25.449106,20.332216,17.459999,26.871502,75.199553,56.022129,73.136452
2021-08-28,,,,,,,,,,26.785909,,,
2021-08-29,,,,,,,,,,26.746159,,,
2021-08-30,386.326080,368.654083,44.806789,54.682606,83.639160,100.891693,25.449106,20.361088,17.379999,25.774000,75.199553,56.039200,73.221001
2021-08-31,385.666290,368.353577,44.806789,55.417583,83.639160,100.702591,25.389101,20.169819,17.430000,25.835185,75.199553,56.235508,73.127983
2021-09-01,386.075134,368.964355,45.199680,56.152576,83.641685,100.745583,25.383869,20.654123,17.430000,26.755578,75.201823,56.730511,73.140701
2021-09-02,387.227417,368.789886,45.413200,55.858578,83.639168,100.865997,25.395937,20.347374,17.370001,27.018875,75.199560,56.884144,73.242340
2021-09-03,387.078827,369.924194,45.635273,56.143925,83.641685,100.625175,25.359699,20.418831,17.549999,27.401008,75.201823,57.182869,73.089882
2021-09-04,,,,,,,,,,27.356778,,,
2021-09-05,,,,,,,,,,28.347526,,,
2021-09-06,,,,,,,,,,28.829608,,,
2021-09-07,385.647797,370.447632,45.524242,56.463856,83.645851,100.229584,25.315409,20.441200,17.209999,25.640430,75.205568,57.165787,72.878067
2021-09-08,385.276123,369.158173,45.191135,55.581879,83.641685,100.504761,25.404003,20.375525,17.170000,25.246199,75.201823,56.585426,72.996658
2021-09-09,383.547729,367.888214,45.139893,55.521351,83.634949,100.788589,25.536882,20.443367,17.250000,25.410539,75.195766,56.534206,73.259308
2021-09-10,380.583557,365.096130,45.011768,55.504059,83.645851,100.470398,25.468430,20.139502,17.160000,24.584811,75.205568,56.431793,73.081375
2021-09-11,,,,,,,,,,24.758745,,,
2021-09-12,,,,,,,,,,25.230796,,,
2021-09-13,381.475616,364.843994,45.353409,55.676994,83.641685,100.590759,25.468430,20.291075,17.209999,24.628173,75.201823,56.798790,73.191521
2021-09-14,379.496490,363.806763,45.156967,55.270588,83.637482,100.969238,25.484529,20.271589,17.320000,25.794545,75.198044,56.508614,73.369423
2021-09-15,382.665009,366.511566,45.336330,55.296535,83.645851,100.797188,25.488548,20.395010,17.230000,26.388218,75.205568,56.645168,73.301636
2021-09-16,382.005310,366.763641,45.208225,54.682606,83.645851,100.478951,25.456347,20.473679,16.850000,26.172962,75.205568,56.372055,73.166115
2021-09-17,378.260620,362.420349,44.644501,54.449139,83.641685,100.186546,25.375809,20.182087,16.809999,25.890415,75.201823,55.766083,73.072914
2021-09-18,,,,,,,,,,26.444096,,,
2021-09-19,,,,,,,,,,25.886416,,,
2021-09-20,372.081329,354.931580,43.795673,53.031055,83.639168,100.693985,25.416079,20.034126,16.930000,23.467357,75.199560,54.596401,73.276253
2021-09-21,371.719025,355.368286,44.172932,53.376934,83.641685,100.633797,25.379831,20.003809,17.040001,22.289643,75.201823,55.085567,73.259308
2021-09-22,375.305725,358.687592,44.413006,54.085972,83.641685,100.728401,25.367760,20.176317,16.969999,23.867596,75.201823,55.523220,73.335541
2021-09-23,379.840210,361.997253,44.953163,54.483730,83.638321,99.816742,25.271116,20.202293,16.780001,24.590939,75.198798,56.081024,72.945869
2021-09-24,380.472076,362.336975,44.541615,53.861156,83.641685,99.515717,25.206688,20.204462,16.760000,23.465139,75.201823,55.548965,72.793396
2021-09-25,,,,,,,,,,23.397681,,,
2021-09-26,,,,,,,,,,23.667140,,,
2021-09-27,379.394257,359.444641,44.541615,54.207027,83.641685,99.249107,25.222797,20.105579,16.809999,23.134292,75.201823,55.634781,72.708679
2021-09-28,371.811890,349.273254,43.555611,53.480690,83.637482,98.870674,25.166428,19.909979,16.629999,22.476350,75.198044,54.562084,72.395218
2021-09-29,372.397339,348.700592,43.418434,52.979176,83.645851,98.973877,25.170460,20.065163,16.559999,22.766555,75.205568,54.330383,72.403702
2021-09-30,367.680176,347.419525,43.289814,53.402874,83.641685,99.094299,25.198639,20.142389,16.850000,23.986121,75.201823,54.287476,72.386742
2021-10-01,372.080353,349.574158,43.418434,53.420170,83.635811,99.498802,25.285625,20.086813,16.889999,26.355679,75.196541,54.441936,72.632790
2021-10-02,,,,,,,,,,26.133595,,,
2021-10-03,,,,,,,,,,26.401148,,,
2021-10-04,367.502991,342.236755,43.015446,52.641953,83.640800,99.378334,25.289667,19.959784,16.980000,26.901209,75.201027,53.875542,72.581902
2021-10-05,371.073608,346.856628,43.264095,53.022419,83.644157,99.068497,25.326077,20.080317,16.889999,28.216836,75.204046,54.201653,72.403709
2021-10-06,372.723633,349.079163,42.946865,52.728416,83.635811,99.094299,25.305853,20.072380,16.930000,30.323801,75.196541,53.884129,72.437683
2021-10-07,375.930603,352.281982,43.306957,53.766045,83.635811,98.698410,25.277531,20.053614,16.860001,29.471808,75.196541,54.502003,72.234024
2021-10-08,375.222076,350.525299,43.315540,53.887093,83.644997,98.483208,25.285625,20.187860,16.860001,29.560467,75.204800,54.570660,72.055847
2021-10-09,,,,,,,,,,30.108415,,,
2021-10-10,,,,,,,,,,30.000704,,,
2021-10-11,372.490601,347.836823,43.186916,53.809269,83.639999,98.242302,25.265392,20.256430,16.830000,31.486844,75.200307,54.407612,71.945595
2021-10-12,371.744812,346.623688,43.169777,53.506638,83.639999,98.689789,25.313944,20.167650,16.900000,30.696052,75.200307,54.373287,72.208603
2021-10-13,372.938080,349.399414,43.649925,54.267555,83.639999,98.879143,25.435308,20.223949,17.209999,31.441003,75.200307,54.991169,72.403709
2021-10-14,379.202759,355.834229,44.121483,54.431850,83.639999,99.111526,25.483860,20.388514,17.240000,31.397417,75.200307,55.454563,72.530991
2021-10-15,382.158020,358.076111,44.473019,55.114948,83.639999,98.620941,25.447447,20.555962,16.969999,33.737605,75.200307,55.935139,72.352829
2021-10-16,,,,,,,,,,33.353216,,,
2021-10-17,,,,,,,,,,33.715513,,,
2021-10-18,383.323334,361.676880,44.310120,54.976601,83.647491,98.483208,25.398903,20.426046,16.930000,33.974300,75.207043,55.763512,72.310394
2021-10-19,386.306580,364.413879,44.618778,55.668339,83.639999,98.130386,25.330120,20.583389,16.990000,35.199004,75.200307,56.209763,72.106789
2021-10-20,387.807495,363.938293,44.773109,55.642399,83.639999,98.087334,25.374630,20.654846,17.129999,36.147061,75.200307,56.355644,72.021919
2021-10-21,388.758331,366.160797,44.550190,55.166828,83.648338,97.829170,25.435308,20.729910,17.120001,34.075136,75.207805,56.020966,71.920120
2021-10-22,388.366791,363.084259,44.755962,55.045773,83.644997,98.078743,25.475775,20.701036,17.219999,33.243715,75.204800,56.192600,72.072815
2021-10-23,,,,,,,,,,33.627874,,,
2021-10-24,,,,,,,,,,33.374390,,,
2021-10-25,390.380493,366.801514,44.721672,55.357056,83.631622,98.199219,25.544548,20.779713,17.340000,34.529571,75.192775,56.252663,72.106789
2021-10-26,390.753418,367.956390,44.807404,55.037128,83.639999,98.319740,25.637594,20.789816,17.209999,33.063796,75.200307,56.209763,72.250992
2021-10-27,389.056641,368.810486,44.567337,54.639374,83.634125,98.870537,25.754929,20.672169,17.260000,32.033271,75.195025,55.909397,72.514030
2021-10-28,392.860352,372.906250,45.021751,54.682606,83.635811,98.612328,25.524321,20.664232,17.260000,33.205302,75.196541,56.321312,72.420700
2021-10-29,393.559448,374.740601,44.687366,53.982212,83.639999,98.655365,25.479815,20.981806,17.110001,34.084882,75.200307,55.849327,72.437683
2021-10-30,,,,,,,,,,33.899124,,,
2021-10-31,,,,,,,,,,33.586980,,,
2021-11-01,394.389160,376.021729,45.107498,54.414555,83.642479,98.647644,25.380423,21.014288,17.200001,33.414687,75.202537,56.389965,72.381569
2021-11-02,395.918091,377.594025,45.004604,53.930332,83.650856,98.888786,25.469673,20.937780,17.170000,34.631768,75.210068,56.106785,72.517525
2021-11-03,398.304657,381.602448,45.313267,54.207027,83.650856,98.578720,25.433157,20.783319,17.010000,34.491351,75.210068,56.475780,72.390060
2021-11-04,400.169128,386.493958,45.278976,54.103271,83.642479,99.112663,25.595442,20.613701,17.209999,33.659979,75.202537,56.415707,72.721481
2021-11-05,401.530243,386.862793,45.373283,54.077332,83.642479,99.655266,25.688751,20.913239,17.430000,33.481112,75.202537,56.535866,72.942406
2021-11-06,,,,,,,,,,33.701197,,,
2021-11-07,,,,,,,,,,34.686863,,,
2021-11-08,402.015015,386.338623,45.399014,54.570198,83.646667,99.224686,25.773943,20.867765,17.510000,37.009202,75.206302,56.716068,72.780960
2021-11-09,400.607330,383.679382,45.287548,54.371323,83.642479,99.681107,25.919996,21.017899,17.580000,36.683296,75.202537,56.544449,72.984909
2021-11-10,397.381744,378.040466,44.713085,54.163795,83.650856,98.828468,25.855080,20.956545,17.770000,35.600630,75.210068,55.978054,72.492050
2021-11-11,397.512299,379.088623,44.867428,55.028484,83.642479,98.509811,25.842915,20.952938,17.870001,35.575834,75.202537,56.347061,72.373062
2021-11-12,400.467499,383.077637,45.176079,55.192772,83.642479,98.716530,25.846968,20.989027,17.900000,35.140916,75.202537,56.673164,72.381569
2021-11-13,,,,,,,,,,35.312680,,,
2021-11-14,,,,,,,,,,35.858950,,,
2021-11-15,400.653900,382.990265,45.098911,55.037128,83.642479,98.328979,25.842915,21.068419,17.879999,34.813328,75.202537,56.553005,72.084167
2021-11-16,402.182800,385.717499,44.996037,55.037128,83.634132,98.242828,25.802345,21.173075,17.750000,32.952853,75.195032,56.432884,72.033165
2021-11-17,401.213226,385.921356,44.884567,54.743141,83.642479,98.595932,25.855080,20.876431,17.910000,33.066107,75.202537,56.304150,72.186119
2021-11-18,402.602264,389.920044,44.918861,54.155148,83.642479,98.656258,25.871311,21.003462,17.870001,31.189611,75.202537,56.149681,72.271088
2021-11-19,401.847260,392.093994,44.575912,54.077332,83.642479,98.923233,25.818569,20.707537,17.719999,31.834545,75.202537,55.789265,72.424065
2021-11-20,,,,,,,,,,32.698673,,,
2021-11-21,,,,,,,,,,32.169160,,,
2021-11-22,400.784454,387.542175,44.335835,53.619038,83.642479,98.199783,25.615723,20.892309,17.320000,30.832019,75.202537,55.437412,72.067162
2021-11-23,401.306488,385.775757,44.258671,53.601753,83.647491,97.794991,25.510244,21.122551,17.190001,31.533011,75.207043,55.403072,71.778275
2021-11-24,402.294647,387.018097,44.027176,53.515285,83.650856,98.096390,25.595442,21.064808,17.150000,30.827164,75.210068,55.179970,71.948196
2021-11-25,,,,,,,,,,31.371759,,,
2021-11-26,393.540863,379.680664,42.826832,51.803207,83.642479,99.362480,25.729319,20.195080,17.139999,29.342421,75.202537,53.600933,72.458038
2021-11-27,,,,,,,,,,30.024531,,,
2021-11-28,,,,,,,,,,31.357395,,,
2021-11-29,398.295288,387.920776,43.032593,51.967495,83.646667,99.138519,25.668461,20.126514,17.120001,31.663095,75.206302,53.832638,72.449554
2021-11-30,390.669464,382.223572,42.612480,51.984791,83.642479,99.732796,25.680634,20.483784,17.000000,31.224277,75.202537,53.472206,72.585503
2021-12-01,386.176056,375.720856,42.389553,52.097202,83.640793,99.920700,25.607037,19.866673,17.059999,31.347191,75.201021,53.214760,72.632324
2021-12-02,392.067902,378.428680,42.981152,52.728416,83.640793,99.705223,25.680222,19.865231,16.969999,30.935283,75.201021,53.918457,72.640816
2021-12-03,388.599884,371.848419,42.766815,52.062607,83.645004,100.291313,25.724951,19.960505,17.120001,29.358021,75.204807,53.532295,72.921677
2021-12-04,,,,,,,,,,26.949301,,,
2021-12-05,,,,,,,,,,27.041401,,,
2021-12-06,393.242462,374.827881,43.178356,52.469013,83.645004,99.791405,25.627375,19.974939,17.080000,27.706238,75.204807,54.055771,72.725960
2021-12-07,401.325195,386.115479,44.104343,53.264523,83.643333,99.412186,25.659897,20.274475,17.139999,27.770576,75.203305,55.094135,72.564224
2021-12-08,402.453156,387.843079,44.164356,53.523930,83.640793,99.093269,25.619244,20.335823,17.129999,27.663608,75.201021,55.222862,72.342957
2021-12-09,399.712372,382.136139,43.778538,53.195354,83.645004,99.343231,25.517599,20.238386,17.030001,26.112032,75.204807,54.810947,72.376968
2021-12-10,403.525269,386.290161,43.838551,53.281818,83.649155,99.412186,25.517599,20.241993,17.110001,25.877151,75.208539,54.896770,72.402542
2021-12-11,,,,,,,,,,27.037928,,,
2021-12-12,,,,,,,,,,27.440972,,,
2021-12-13,399.945435,380.709473,43.392704,52.433853,83.649155,99.886230,25.513525,20.245600,17.160000,25.600090,75.208539,54.227398,72.649330
2021-12-14,397.223206,376.769073,43.169777,52.318909,83.645004,99.713844,25.448471,20.281693,16.990000,25.531706,75.204807,54.012848,72.530190
2021-12-15,403.432007,385.358459,43.701370,52.195122,83.645004,99.567307,25.472862,20.389954,17.070000,26.782798,75.204807,54.459106,72.436554
2021-12-16,399.786896,375.449127,43.709938,52.265858,83.653351,99.857178,25.517599,20.397173,17.270000,26.108365,75.212311,54.527756,72.530190
2021-12-17,395.638428,373.575897,43.204082,51.947536,83.649155,100.081497,25.544647,20.269423,17.240000,25.306864,75.208539,53.952785,72.657845
2021-12-18,,,,,,,,,,25.661052,,,
2021-12-19,,,,,,,,,,25.583403,,,
2021-12-20,391.359314,369.952118,42.994240,51.257854,83.645004,99.995209,25.524157,20.211685,17.170000,25.678306,75.204807,53.587749,72.538696
2021-12-21,398.304871,378.231750,43.534061,52.106693,83.648376,99.598381,25.569258,20.343040,17.150000,26.804648,75.207839,54.302147,72.462105
2021-12-22,402.328156,382.838043,43.978111,52.407330,83.649155,99.693275,25.651268,20.170538,17.309999,26.635888,75.208539,54.790012,72.538696
2021-12-23,404.807770,385.724304,44.248024,52.654915,83.656685,99.486229,25.589764,20.326441,17.360001,27.816835,75.215309,55.094940,72.428566
2021-12-24,,,,,,,,,,27.837461,,,
2021-12-25,,,,,,,,,,27.622562,,,
2021-12-26,,,,,,,,,,27.830515,,,
2021-12-27,410.580750,392.099304,44.587585,52.929024,83.649155,99.520737,25.688162,20.513380,17.400000,27.737893,75.208539,55.495682,72.462708
2021-12-28,410.272034,390.282013,44.587585,52.734493,83.649155,99.503494,25.671761,20.823019,17.320000,26.066424,75.208539,55.434696,72.454170
2021-12-29,410.767944,390.223694,44.578892,52.539959,83.645004,98.994461,25.692255,20.389954,17.320000,25.439728,75.204807,55.382427,72.215157
2021-12-30,409.607666,389.057556,44.474396,53.088177,83.645004,99.322319,25.827572,20.602846,17.430000,25.841450,75.204807,55.460842,72.377335
2021-12-31,408.484894,386.627991,44.456989,52.929024,83.653351,99.210152,25.786572,20.568558,17.559999,25.363994,75.212311,55.382427,72.360268
2022-01-01,,,,,,,,,,26.120079,,,
2022-01-02,,,,,,,,,,25.932974,,,
2022-01-03,410.992523,390.350037,44.726898,53.238483,83.649155,98.287071,25.651268,20.754335,17.299999,25.447071,75.208539,55.739620,71.873611
2022-01-04,410.824097,385.286987,44.892326,53.035122,83.641685,98.235313,25.548758,20.596462,17.410000,25.140038,75.201823,55.809319,71.865067
2022-01-05,402.955078,373.450531,44.500523,52.239334,83.645004,97.821236,25.360140,20.555006,17.360001,23.864582,75.204807,55.251736,71.617439
2022-01-06,402.412415,373.188171,44.256733,52.433853,83.649155,97.579674,25.245335,20.642708,17.160000,23.641062,75.208539,55.094940,71.540588
2022-01-07,401.018250,369.145508,44.439579,52.902493,83.653351,97.260460,25.212524,20.770285,17.230000,22.763016,75.212311,55.338871,71.344215
2022-01-08,,,,,,,,,,22.859440,,,
2022-01-09,,,,,,,,,,22.956752,,,
2022-01-10,400.494202,369.388428,44.030350,52.858276,83.649155,97.234573,25.228935,20.460121,17.290001,22.907270,75.208539,54.929405,71.284462
2022-01-11,404.003052,374.937347,44.552761,53.990070,83.649155,97.467506,25.405251,20.456932,17.500000,23.408231,75.208539,55.713493,71.429604
2022-01-12,405.210052,376.424255,45.031635,54.883129,83.648376,97.484756,25.245335,20.360453,17.540001,24.072777,75.207839,56.366886,71.403976
2022-01-13,399.624084,367.007568,44.709484,54.105022,83.645004,97.795364,25.265835,20.211357,17.469999,23.329200,75.204807,55.879013,71.523529
2022-01-14,399.745697,369.291199,44.605011,54.096180,83.653351,97.122421,25.138723,20.494410,17.440001,23.607524,75.212311,55.826748,71.130783
2022-01-15,,,,,,,,,,23.650083,,,
2022-01-16,,,,,,,,,,23.615290,,,
2022-01-17,,,,,,,,,,23.142409,,,
2022-01-18,392.737518,360.098114,43.951996,53.185440,83.655037,96.389137,25.019825,20.810148,17.400000,23.210922,75.213827,54.999100,70.686790
2022-01-19,388.611237,356.142944,43.943287,53.433018,83.653351,96.622086,24.978815,20.754335,17.690001,22.865130,75.212311,55.042660,70.857544
2022-01-20,384.335297,351.517181,43.664669,53.680599,83.649155,96.829124,25.019825,20.810148,17.629999,22.282381,75.208539,54.885838,70.934418
2022-01-21,376.784485,341.770111,43.063900,52.867123,83.649155,97.389862,25.163326,20.539061,17.570000,19.969210,75.208539,54.093048,71.199089
2022-01-22,,,,,,,,,,19.187546,,,
2022-01-23,,,,,,,,,,19.870336,,,
2022-01-24,378.356415,343.334595,42.585022,52.106693,83.640778,97.303604,25.237135,20.444176,17.670000,20.077122,75.201007,53.465778,71.088066
2022-01-25,373.762177,335.375641,42.358650,51.982910,83.650841,97.174187,25.167435,20.650681,17.730000,20.241267,75.210055,53.265396,70.994148
2022-01-26,372.920166,334.850922,42.158382,51.372795,83.653351,96.484024,25.028019,20.778255,17.450001,20.185462,75.212311,52.925629,70.601410
2022-01-27,371.030090,331.478790,41.879768,50.789223,83.649155,96.889511,25.110025,20.770285,17.230000,20.342178,75.208539,52.551010,70.831909
2022-01-28,380.124756,341.877045,42.071331,51.107536,83.656685,97.113777,25.192028,20.929749,17.170000,20.696073,75.215309,52.803665,70.917313
2022-01-29,,,,,,,,,,20.889890,,,
2022-01-30,,,,,,,,,,20.769070,,,
2022-01-31,387.076813,352.809692,42.741749,52.681442,83.653351,97.113777,25.269936,20.650681,17.270000,21.078831,75.212311,53.814262,70.866074
2022-02-01,389.603119,355.209961,43.168369,52.982067,83.656693,96.982559,25.112597,20.658657,17.280001,21.221325,75.215316,54.276005,70.837860
2022-02-02,393.317657,358.096191,43.516651,52.929024,83.650841,97.181168,25.129028,20.684971,17.350000,20.240709,75.210055,54.554783,70.940460
2022-02-03,384.176239,343.577606,42.820099,52.363117,83.650841,96.766655,24.972921,20.706495,17.330000,20.351143,75.210055,53.822971,70.641144
2022-02-04,385.982025,347.911865,42.933300,52.522278,83.650032,96.024055,24.837355,20.937721,17.350000,22.731780,75.209328,53.910099,70.204994
2022-02-05,,,,,,,,,,22.699074,,,
2022-02-06,,,,,,,,,,23.231079,,,
2022-02-07,384.709595,345.113068,43.011654,52.478069,83.655029,96.049950,24.825033,20.698519,17.469999,24.013174,75.213821,53.988506,70.264885
2022-02-08,387.825348,348.990509,43.220619,52.929024,83.653343,95.739044,24.788059,20.626762,17.540001,24.165534,75.212305,54.302147,70.033966
2022-02-09,393.514191,356.385925,43.908451,53.742493,83.655029,95.868607,24.837355,20.802176,17.580000,24.286230,75.213821,55.190762,70.085266
2022-02-10,386.599640,348.319916,43.394764,53.362282,83.650841,94.987793,24.623737,20.850018,17.530001,23.862451,75.210055,54.563499,69.443863
2022-02-11,378.889709,337.270691,42.793987,52.548805,83.642456,95.972237,24.853785,21.304485,17.860001,23.228617,75.202516,53.814262,69.897125
2022-02-12,,,,,,,,,,23.139078,,,
2022-02-13,,,,,,,,,,23.113360,,,
2022-02-14,377.654572,337.688507,42.541489,52.168591,83.650841,95.307320,24.808598,21.360302,17.950001,23.326652,75.210055,53.491917,69.503723
2022-02-15,383.717743,346.084808,43.246738,53.247330,83.650841,95.022354,24.697678,21.033396,17.780001,24.415719,75.210055,54.467667,69.358330
2022-02-16,384.176239,345.997406,43.429588,53.698280,83.659225,95.220955,24.742872,21.009478,17.969999,24.079765,75.217593,54.711601,69.452423
2022-02-17,376.007843,335.706146,42.767860,53.061646,83.659225,95.730438,24.808598,20.794201,18.219999,22.204379,75.217593,53.953655,69.606369
2022-02-18,373.603088,331.877167,42.541489,52.610699,83.659225,96.041298,24.870224,20.810148,18.200001,21.926655,75.217593,53.613888,69.726082
2022-02-19,,,,,,,,,,21.976598,,,
2022-02-20,,,,,,,,,,21.050488,,,
2022-02-21,,,,,,,,,,20.307696,,,
2022-02-22,369.514282,328.543884,42.097443,51.850277,83.651726,96.032654,24.948280,20.961641,18.240000,20.970872,75.210850,52.977901,69.683319
2022-02-23,362.861694,320.128296,41.705643,51.328587,83.659225,95.531837,24.972921,21.089212,18.330000,20.428905,75.217593,52.455189,69.332687
2022-02-24,368.438263,330.885986,41.165806,50.311741,83.650841,95.756348,25.075621,21.400164,18.219999,20.996387,75.210055,51.784355,69.486641
2022-02-25,376.485046,336.017029,42.201923,51.222481,83.659225,95.730438,25.050978,21.368273,18.129999,21.479282,75.217593,52.960487,69.546501
2022-02-26,,,,,,,,,,21.419540,,,
2022-02-27,,,,,,,,,,20.655240,,,
2022-02-28,375.539948,337.017975,41.609859,50.603539,83.659225,96.818443,25.474106,21.292526,18.330000,23.658757,75.217593,52.280941,70.059624
2022-03-01,369.907288,331.857788,40.791424,49.878479,83.665916,97.761459,25.677872,21.735043,18.660000,24.294906,75.223609,51.305202,70.427094
2022-03-02,376.700256,337.426147,41.287704,50.055325,83.657524,96.292114,25.504978,21.927994,18.459999,24.059092,75.216064,51.845341,69.561958
2022-03-03,374.810181,332.606018,40.634693,49.454056,83.661697,96.707001,25.476162,21.878561,18.570000,23.252636,75.219816,51.052544,69.870331
2022-03-04,371.778656,327.786011,39.589878,48.472584,83.665916,97.666367,25.665510,21.750990,18.870001,21.437318,75.223609,49.867718,70.118729
2022-03-05,,,,,,,,,,21.581363,,,
2022-03-06,,,,,,,,,,21.044246,,,
2022-03-07,360.803192,315.696838,38.423164,46.651096,83.665916,97.251495,25.826052,22.413565,19.160000,20.848185,75.223609,48.282112,69.776093
2022-03-08,358.080414,314.229431,38.658253,46.827946,83.665916,96.620560,25.928967,22.667910,19.690001,21.218037,75.223609,48.560905,69.450592
2022-03-09,367.624268,325.541077,40.138409,48.171947,83.657524,96.024208,25.681980,22.173573,19.110001,22.995820,75.216064,50.233616,69.262154
2022-03-10,365.986755,321.926025,39.685650,47.331940,83.665916,95.583389,25.624346,22.352968,19.160000,21.601561,75.223609,49.606339,68.893845
2022-03-11,361.317841,315.249786,39.311264,46.394672,83.665916,95.557465,25.801357,22.484528,19.030001,21.249643,75.223609,49.013931,68.842445
2022-03-12,,,,,,,,,,21.309369,,,
2022-03-13,,,,,,,,,,20.731858,,,
2022-03-14,358.679260,309.195587,39.563759,45.333626,83.665916,94.347473,25.525560,22.380873,18.730000,21.727155,75.223609,48.944233,68.208572
2022-03-15,366.548309,318.894104,39.912025,45.457413,83.657524,94.304214,25.315624,22.149652,18.400000,21.547512,75.216064,49.283997,68.319908
2022-03-16,374.744690,330.720764,41.261589,48.861633,83.665916,94.174561,25.188023,21.862617,18.510000,22.536266,75.223609,51.418453,68.422737
2022-03-17,379.329468,334.724579,41.635979,48.649426,83.665916,93.993042,25.521441,22.032444,18.580000,22.430798,75.223609,51.679802,68.482651
2022-03-18,383.521271,341.575653,41.992962,49.303741,83.665916,94.269661,25.451466,22.038025,18.420000,22.896257,75.223609,52.280941,68.679688
2022-03-19,,,,,,,,,,23.109600,,,
2022-03-20,,,,,,,,,,22.593174,,,
2022-03-21,383.539948,340.626068,41.768806,48.614056,83.665916,93.042320,25.225060,22.706182,18.570000,22.500152,75.223609,51.896965,67.977310
2022-03-22,387.993744,347.320221,42.152565,49.427528,83.670090,92.532379,25.105696,23.218067,18.440001,23.201707,75.227361,52.455471,67.805977
2022-03-23,382.997314,342.328766,41.620544,49.091530,83.674271,93.154701,25.422655,23.441317,18.680000,23.494282,75.231120,51.914433,68.114349
2022-03-24,388.690247,349.937683,41.951962,49.418690,83.674271,92.636116,25.266230,23.162252,18.809999,24.079258,75.231120,52.272217,68.028709
2022-03-25,390.661774,349.645721,42.013020,49.003109,83.665916,91.685387,25.089224,23.438925,18.740000,24.291671,75.223609,52.237309,67.429108
2022-03-26,,,,,,,,,,24.374981,,,
2022-03-27,,,,,,,,,,25.645559,,,
2022-03-28,393.356232,355.055573,41.882195,49.179951,83.665916,91.892807,25.072767,23.302580,18.400000,25.813996,75.223609,52.141308,67.626099
2022-03-29,398.332001,361.166077,42.702042,50.011116,83.674271,92.350876,24.973974,23.171026,18.420000,25.998983,75.231120,53.162323,67.925896
2022-03-30,395.853455,357.176758,42.545055,49.869640,83.682655,92.713890,25.080990,23.058601,18.559999,25.778207,75.238659,52.979069,68.080078
2022-03-31,389.769989,352.749634,41.890907,49.118057,83.682655,92.886795,24.990433,22.797874,18.580000,24.943454,75.238659,52.132595,68.131470
2022-04-01,390.849609,352.078247,42.257225,49.931534,83.680962,92.281944,24.871349,23.002787,18.450001,25.350409,75.237136,52.699814,67.983765
2022-04-02,,,,,,,,,,25.124359,,,
2022-04-03,,,,,,,,,,25.444578,,,
2022-04-04,394.163605,359.326996,42.440388,50.798061,83.680962,92.221352,24.863077,23.271484,18.540001,25.537207,75.237136,53.127415,68.035309
2022-04-05,389.291168,351.348572,41.934532,49.913845,83.675949,91.122414,24.677008,23.536991,18.430000,24.952939,75.232629,52.403111,67.348366
2022-04-06,385.348022,343.720245,41.393772,49.303741,83.676773,90.802284,24.577774,23.513073,18.469999,23.666153,75.233370,51.748627,67.142242
2022-04-07,387.291412,344.537567,41.437374,48.923538,83.680962,90.577309,24.540562,23.609547,18.540001,23.828893,75.237136,51.713711,67.004845
2022-04-08,386.352661,339.721222,41.428658,48.985424,83.680962,90.118721,24.581909,23.800110,18.650000,23.162738,75.237136,51.731163,66.644203
2022-04-09,,,,,,,,,,23.433581,,,
2022-04-10,,,,,,,,,,23.118923,,,
2022-04-11,379.658875,331.684326,40.992561,48.366474,83.680962,89.686096,24.544689,23.951603,18.740000,21.647813,75.237136,51.120304,66.335075
2022-04-12,378.269409,330.283203,40.722179,48.189632,83.680962,90.118721,24.540562,24.085550,18.879999,21.979351,75.237136,50.841061,66.549751
2022-04-13,382.541016,336.996796,41.201889,48.852795,83.685143,90.317757,24.503347,24.278505,18.980000,22.548755,75.240895,51.443192,66.627014
2022-04-14,377.893829,329.290680,41.001282,48.207325,83.687668,89.504372,24.490938,24.477839,18.920000,21.874367,75.243166,51.102852,66.171928
2022-04-15,,,,,,,,,,22.212844,,,
2022-04-16,,,,,,,,,,22.142196,,,
2022-04-17,,,,,,,,,,21.754651,,,
2022-04-18,377.959564,329.543640,40.826859,48.110058,83.689316,89.244797,24.482668,24.732979,18.980000,22.362240,75.244647,50.910862,65.957245
2022-04-19,383.996185,336.909271,41.010006,47.915520,83.689316,88.656410,24.350348,24.981747,18.680000,22.732807,75.244647,51.015587,65.545059
2022-04-20,383.705109,331.995575,41.315273,47.659111,83.689316,89.348640,24.536421,24.557570,18.770000,22.662493,75.244647,51.198841,65.957245
2022-04-21,378.015900,325.126282,40.826859,46.783730,83.689316,88.855446,24.631525,24.892443,18.719999,22.198547,75.244647,50.535625,65.605171
2022-04-22,367.698212,316.612610,40.076782,46.368156,83.689316,88.898666,24.536421,24.828659,18.540001,21.767450,75.244647,49.750233,65.519302
2022-04-23,,,,,,,,,,21.628548,,,
2022-04-24,,,,,,,,,,21.618997,,,
2022-04-25,369.707367,320.679657,39.841290,46.014473,83.693474,89.469772,24.524025,24.549593,18.209999,22.160723,75.248386,49.409893,65.931496
2022-04-26,359.136261,308.575653,38.759777,44.988781,83.697701,90.066811,24.573635,24.565542,18.219999,20.878542,75.252186,48.144535,66.103226
2022-04-27,360.065613,308.205872,38.934212,45.501617,83.697701,89.564941,24.528151,24.796766,18.090000,21.494018,75.252186,48.467422,65.897118
2022-04-28,369.087738,319.152039,39.544746,46.094044,83.706032,89.435173,24.664602,25.287119,18.180000,21.785804,75.259677,49.182999,65.871384
2022-04-29,355.531128,304.790619,39.047600,46.200150,83.706032,88.959259,24.445452,25.211372,18.180000,21.148230,75.259677,48.746685,65.424858
2022-04-30,,,,,,,,,,20.658028,,,
2022-05-01,,,,,,,,,,21.071146,,,
2022-05-02,357.765564,309.879425,38.916771,46.111732,83.701874,88.296486,24.134977,25.761530,17.840000,21.104139,75.255938,48.598331,65.090195
2022-05-03,359.314575,310.210266,39.230759,46.447727,83.701874,88.400436,24.197407,25.299074,17.900000,20.677516,75.255938,49.017200,65.245049
2022-05-04,370.214294,320.699127,39.902340,46.978260,83.701874,88.972260,24.401339,25.024801,18.080000,21.744473,75.255938,49.724049,65.666603
2022-05-05,357.211731,304.547455,38.628948,45.254047,83.710236,88.079926,24.139135,25.450569,18.010000,20.033748,75.263456,48.135815,65.012772
2022-05-06,354.967865,300.898773,38.280079,44.723522,83.710236,87.577469,24.068382,25.825312,18.040001,19.741134,75.263456,47.638405,64.737465
2022-05-07,,,,,,,,,,19.445918,,,
2022-05-08,,,,,,,,,,18.655697,,,
2022-05-09,343.514221,289.125519,37.093910,43.432568,83.710236,88.227196,23.985144,25.490440,17.770000,16.594919,75.263456,46.181057,65.029976
2022-05-10,344.396729,292.637970,37.277073,43.635929,83.710236,88.521736,23.876944,25.259211,17.610001,16.992555,75.263456,46.416676,65.219223
2022-05-11,338.848297,283.958893,37.085194,43.299934,83.710236,89.067551,24.155787,25.400339,17.770000,15.849663,75.263456,46.163605,65.442909
2022-05-12,338.585419,283.287476,36.945641,42.981617,83.710236,89.362099,24.035086,25.289513,17.500000,15.910679,75.263456,45.989079,65.571960
2022-05-13,346.574829,293.786041,37.983528,44.166466,83.710236,88.894295,24.176598,25.618010,17.350000,16.039591,75.263456,47.228252,65.331078
2022-05-14,,,,,,,,,,16.487733,,,
2022-05-15,,,,,,,,,,17.147131,,,
2022-05-16,345.335602,290.380646,38.035866,44.007305,83.710236,89.266792,24.184917,25.777475,17.510000,16.357180,75.263456,47.219524,65.434280
2022-05-17,352.245300,297.901886,38.768501,45.086048,83.718620,88.591049,24.055897,25.434622,17.420000,16.665526,75.270995,48.188183,65.047173
2022-05-18,338.294403,283.277802,37.843987,44.016144,83.718620,89.223465,24.226545,25.434622,17.420000,15.731304,75.270995,47.079903,65.322449
2022-05-19,336.031921,281.759949,38.236473,44.714680,83.726952,89.544014,24.130816,25.211372,17.680000,16.604440,75.278486,47.594765,65.460114
2022-05-20,336.116364,280.884094,38.454510,44.891514,83.718620,89.959877,24.151623,25.171505,17.700001,15.994477,75.270995,47.865292,65.657982
2022-05-21,,,,,,,,,,16.121272,,,
2022-05-22,,,,,,,,,,16.609582,,,
2022-05-23,342.490906,285.554596,39.117378,45.236359,83.731163,89.414078,24.068382,25.067856,17.770000,15.938701,75.282272,48.554688,65.425697
2022-05-24,340.021851,279.483002,38.977821,44.484779,83.735329,90.185097,24.193253,24.844604,17.900000,16.243616,75.286017,48.170723,65.959076
2022-05-25,342.857056,283.394562,38.960381,44.696987,83.735329,90.367065,24.222374,24.908390,17.790001,16.192553,75.286017,48.249268,66.225777
2022-05-26,349.672974,291.246582,39.387745,45.351307,83.743721,90.323738,24.318100,24.932306,17.770000,16.030894,75.293563,48.825211,66.156960
2022-05-27,358.441498,300.752716,39.876175,45.864151,83.743721,90.453682,24.376369,24.820681,17.770000,15.680530,75.293563,49.444801,66.346245
2022-05-28,,,,,,,,,,15.783137,,,
2022-05-29,,,,,,,,,,16.128793,,,
2022-05-30,,,,,,,,,,17.377883,,,
2022-05-31,356.451141,299.954956,39.693008,46.483101,83.743721,89.509354,24.222374,24.964203,17.600000,17.413990,75.293563,49.488438,65.967674
2022-06-01,353.465729,297.736420,39.335423,46.164783,83.744537,89.005409,24.115129,25.394756,17.719999,16.322213,75.294297,49.008472,65.672913
2022-06-02,360.178345,305.890137,40.163994,46.969418,83.752914,89.135529,24.224476,25.307051,17.920000,16.688329,75.301829,49.985859,65.733261
2022-06-03,354.348267,297.931091,39.544746,46.182465,83.752914,88.962021,24.392706,25.625980,17.740000,16.270348,75.301829,49.226639,65.638420
2022-06-04,,,,,,,,,,16.340746,,,
2022-06-05,,,,,,,,,,16.381141,,,
2022-06-06,355.315277,298.923462,39.693008,46.376999,83.744537,88.294151,24.220266,25.817339,17.660000,17.183041,75.294297,49.444801,65.250549
2022-06-07,358.788849,301.501923,39.788960,46.544998,83.744537,88.649757,24.283363,25.737604,17.780001,17.065170,75.294297,49.593155,65.474655
2022-06-08,354.864594,299.332184,39.291801,46.686466,83.744537,88.320137,24.211863,26.072487,17.770000,16.549677,75.294297,49.191727,65.207443
2022-06-09,346.518524,291.314697,38.471962,45.634602,83.752914,88.242104,24.224476,26.168163,17.709999,16.493612,75.301829,48.162003,65.121246
2022-06-10,336.350983,281.039886,37.582329,45.178436,83.752914,87.374649,24.110926,26.223974,17.950001,15.930427,75.301829,47.202076,64.569588
2022-06-11,,,,,,,,,,15.534413,,,
2022-06-12,,,,,,,,,,14.659032,,,
2022-06-13,323.385956,267.972565,36.300228,43.595261,83.744537,85.821999,23.698769,26.574795,17.469999,12.317292,75.294297,45.613838,63.526608
2022-06-14,322.578552,268.459076,35.968796,44.158768,83.744537,85.136734,23.379145,26.558851,17.350000,12.163597,75.294297,45.509117,63.181831
2022-06-15,327.197479,275.162994,36.605499,44.766987,83.740356,86.325081,23.698769,26.080454,17.570000,12.364097,75.290538,46.215961,63.905865
2022-06-16,316.448090,264.061096,35.724590,43.362713,83.761314,86.888916,23.652512,26.016666,17.770000,11.163890,75.309381,45.020428,64.043777
2022-06-17,317.274323,267.272064,35.602478,43.559490,83.769653,86.914955,23.639894,26.032618,17.620001,11.213095,75.316878,44.880810,64.078285
2022-06-18,,,,,,,,,,10.416765,,,
2022-06-19,,,,,,,,,,11.257894,,,
2022-06-20,,,,,,,,,,11.283236,,,
2022-06-21,325.047668,274.015106,36.150349,44.131931,83.786430,86.463905,23.547371,26.287758,17.540001,11.344068,75.331963,45.647926,63.785244
2022-06-22,324.362274,273.615448,35.814552,43.344826,83.778038,87.556824,23.702976,25.849232,17.629999,10.947739,75.324417,45.144749,64.311028
2022-06-23,327.770325,277.690338,35.682007,43.505817,83.786430,88.051254,23.761862,25.570166,17.510000,11.549624,75.331963,45.082954,64.621315
2022-06-24,337.975250,287.205078,36.742397,44.525490,83.769653,87.738983,23.791298,25.514357,17.490000,11.629474,75.316878,46.310005,64.500618
2022-06-25,,,,,,,,,,11.777738,,,
2022-06-26,,,,,,,,,,11.517537,,,
2022-06-27,336.707794,285.099365,36.671711,44.534431,83.786430,87.244591,23.614660,25.689770,17.480000,11.357696,75.331963,46.257042,64.190323
2022-06-28,329.431976,276.413361,36.477299,44.230324,83.786430,87.357315,23.538960,25.920990,17.440001,11.108559,75.331963,46.018696,64.224823
2022-06-29,329.594147,276.666809,36.256386,44.096157,83.794754,88.059914,23.492708,26.040588,17.440001,11.011822,75.339446,45.727375,64.595459
2022-06-30,326.992371,273.235260,36.053146,43.881496,83.811501,88.736496,23.467466,25.833286,17.330000,10.836929,75.354503,45.559647,64.871277
2022-07-01,330.348236,275.038727,36.132675,43.559490,83.802292,89.687759,23.850225,25.641930,17.299999,10.554645,75.346224,45.541996,65.388672
2022-07-02,,,,,,,,,,10.539795,,,
2022-07-03,,,,,,,,,,10.569823,,,
2022-07-04,,,,,,,,,,11.081516,,,
2022-07-05,330.932678,279.747345,35.355057,43.219593,83.810669,90.017883,23.778240,25.578144,16.930000,11.058978,75.353755,44.703362,65.500893
2022-07-06,332.129852,281.541016,35.355057,42.942318,83.810669,89.253410,23.558071,25.602062,16.690001,11.255141,75.353755,44.623913,65.103615
2022-07-07,337.003540,287.565735,35.929440,43.845707,83.819084,88.706108,23.519957,25.681791,16.690001,11.851820,75.361321,45.400753,64.922234
2022-07-08,336.805511,287.926514,36.017792,43.792042,83.819084,88.167511,23.515728,25.761530,16.700001,11.903050,75.361321,45.436066,64.706306
2022-07-09,,,,,,,,,,11.826963,,,
2022-07-10,,,,,,,,,,11.426148,,,
2022-07-11,332.997131,281.775085,35.416912,42.691879,83.819084,88.862488,23.549603,25.936935,16.600000,10.938716,75.361321,44.553295,64.948151
2022-07-12,329.924011,279.045502,35.381561,42.521931,83.810669,89.070992,23.541136,25.673817,16.549999,10.584523,75.353755,44.491512,65.060402
2022-07-13,328.387543,278.470276,35.337383,42.450371,83.802292,89.453201,23.646992,25.825312,16.610001,11.071006,75.346224,44.438530,65.267723
2022-07-14,327.520233,279.464630,34.816036,42.128372,83.827415,88.958031,23.613123,26.016666,16.389999,11.267013,75.368812,43.838253,65.060402
2022-07-15,333.713654,284.533966,35.346226,42.360935,83.819084,89.262108,23.740129,25.817339,16.340000,11.412936,75.361321,44.385563,65.293617
2022-07-16,,,,,,,,,,11.606830,,,
2022-07-17,,,,,,,,,,11.381723,,,
2022-07-18,330.951538,282.126068,35.567131,42.638206,83.827415,89.001472,23.714731,25.984777,16.360001,12.316361,75.368812,44.668053,65.094986
2022-07-19,339.935120,290.802307,36.486141,43.326931,83.835838,88.593140,23.680862,25.761530,16.400000,12.811380,75.376385,45.727375,65.043167
2022-07-20,342.112762,295.413391,36.309402,43.139091,83.835838,88.506294,23.659689,25.881126,16.250000,12.725000,75.376385,45.480198,64.982697
2022-07-21,345.572235,299.654175,36.715889,43.622097,83.844200,89.514023,23.812113,25.506386,16.490000,12.688245,75.383903,45.992203,65.518196
2022-07-22,342.423828,294.399567,36.592175,43.192768,83.860977,90.539124,24.011108,25.251238,16.520000,12.441952,75.398987,45.762680,66.053642
2022-07-23,,,,,,,,,,12.305290,,,
2022-07-24,,,,,,,,,,12.383993,,,
2022-07-25,342.763184,292.722778,36.892616,43.380600,83.860977,90.217697,23.951836,25.370838,16.490000,11.700705,75.398987,46.071651,65.811806
2022-07-26,338.653168,286.971130,36.388939,42.995987,83.852531,90.252441,23.968775,25.602062,16.469999,11.633909,75.391394,45.533169,65.829086
2022-07-27,347.523590,299.098389,37.219570,43.827824,83.869301,90.434868,24.108494,25.330971,16.620001,12.560029,75.406471,46.504208,66.010460
2022-07-28,351.916443,302.023010,37.458160,44.006710,83.869301,91.329681,24.362537,25.051905,16.830000,13.060303,75.406471,46.786701,66.468231
2022-07-29,357.072845,307.531036,37.961842,43.881496,83.852531,91.364456,24.506491,24.908390,16.879999,13.038802,75.391394,47.219254,66.416374
2022-07-30,,,,,,,,,,12.957503,,,
2022-07-31,,,,,,,,,,12.782603,,,
2022-08-01,355.998138,307.345764,37.961842,43.505817,83.891144,91.898766,24.500940,24.613380,16.969999,12.770171,75.426110,47.086834,66.704567
2022-08-02,353.698151,306.429413,37.369801,43.264320,83.895332,90.628181,24.206366,24.908390,16.870001,12.586084,75.429876,46.504208,66.029564
2022-08-03,359.222107,314.774261,37.634888,43.622097,83.907890,91.002403,24.330173,25.051905,16.930000,12.513996,75.441167,46.804352,66.358421
2022-08-04,358.939392,316.246368,37.820457,43.944099,83.916313,91.463623,24.325903,24.669189,17.200001,12.395930,75.448740,47.051525,66.522858
2022-08-05,358.194611,313.662964,37.555367,43.935158,83.916313,90.140869,24.095360,24.956228,16.990000,12.756540,75.448740,46.822006,65.769936
2022-08-06,,,,,,,,,,12.576861,,,
2022-08-07,,,,,,,,,,12.694413,,,
2022-08-08,357.874115,312.649017,37.670231,44.015656,83.916313,90.671684,24.249054,25.091770,17.139999,13.041460,75.448740,46.963249,66.064171
2022-08-09,356.460114,309.110260,37.440475,43.908325,83.933113,90.401924,24.185024,25.091770,17.190001,12.688074,75.463844,46.716068,65.917053
2022-08-10,363.926056,317.737823,38.332977,44.453938,83.924698,90.454132,24.150866,24.693110,17.150000,13.117134,75.456278,47.687122,66.098778
2022-08-11,363.926056,315.934357,38.332977,44.623878,83.941460,89.853691,24.048401,24.860554,17.110001,13.122550,75.471349,47.757740,65.726662
2022-08-12,370.157043,322.085724,38.651089,45.097935,83.949821,90.210457,24.155138,24.732979,17.260000,13.366453,75.478867,48.137325,66.029564
2022-08-13,,,,,,,,,,13.378093,,,
2022-08-14,,,,,,,,,,13.320725,,,
2022-08-15,371.740753,324.688599,38.377159,44.865376,83.949821,90.497627,24.133791,24.836632,17.040001,13.220838,75.478867,47.863670,66.098778
2022-08-16,372.391174,323.928192,38.412502,44.892208,83.958229,90.393234,24.129520,24.860554,17.030001,13.081886,75.486426,47.890148,66.012245
2022-08-17,369.845917,320.233490,38.085552,44.731205,83.966614,89.784035,24.061218,24.932306,16.920000,12.782111,75.493965,47.554710,65.622833
2022-08-18,370.986603,321.003601,37.961842,44.453938,83.974998,89.958107,24.197830,25.147587,16.870001,12.714596,75.501503,47.369320,65.743973
2022-08-19,365.868011,314.744995,37.396301,43.881496,83.974998,89.183563,24.155138,25.378813,16.750000,11.435516,75.501503,46.733730,65.328575
2022-08-20,,,,,,,,,,11.593544,,,
2022-08-21,,,,,,,,,,11.795147,,,
2022-08-22,358.156891,306.458618,36.795422,43.505817,84.008530,88.791954,24.108175,25.434622,16.629999,11.721085,75.531651,46.062824,65.034363
2022-08-23,357.308502,306.205170,36.866119,43.729431,83.983391,88.574402,24.138067,25.458544,16.750000,11.791842,75.509049,46.186413,65.008385
2022-08-24,358.392609,307.092316,36.910286,43.809937,84.000168,88.278503,24.138067,25.434622,16.790001,11.718955,75.524133,46.274685,64.843956
2022-08-25,363.614990,312.522369,37.343273,44.677547,84.021126,88.844170,24.214909,25.219347,16.850000,11.831727,75.542976,46.883808,65.198769
2022-08-26,351.152924,299.712585,36.353592,43.961990,84.021126,88.739738,24.176489,25.338942,16.639999,11.097267,75.542976,45.815651,65.068977
2022-08-27,,,,,,,,,,10.977706,,,
2022-08-28,,,,,,,,,,10.744957,,,
2022-08-29,348.833923,296.758728,36.265228,43.747322,84.025352,88.234985,24.078293,25.450569,16.650000,11.118068,75.546776,45.683243,64.774734
2022-08-30,345.044434,293.453949,35.964783,43.219593,84.025352,88.208908,24.039871,25.562197,16.510000,10.843547,75.546776,45.277168,64.826691
2022-08-31,342.329468,291.747986,35.752705,43.344826,84.033699,87.843391,23.852020,25.586113,16.379999,10.982101,75.554281,45.100601,64.558372
2022-09-01,343.385345,291.874664,35.275524,43.049652,84.057228,87.145042,23.664019,25.992746,16.250000,11.024484,75.575435,44.606258,64.208038
2022-09-02,339.784363,287.751007,35.054611,42.718712,84.057228,87.633301,23.788496,25.968828,16.389999,10.938286,75.575435,44.332611,64.372803
2022-09-03,,,,,,,,,,10.862871,,,
2022-09-04,,,,,,,,,,10.947566,,,
2022-09-05,,,,,,,,,,10.852072,,,
2022-09-06,338.643677,285.684265,34.904400,42.199932,84.065605,86.656845,23.565290,26.303707,16.299999,10.318186,75.582967,44.050117,63.791775
2022-09-07,344.714508,291.455475,35.204834,42.539818,84.082443,87.223518,23.655434,26.120321,16.450001,10.566124,75.598106,44.429714,64.251373
2022-09-08,346.967468,292.966492,35.257858,42.369877,84.099258,86.901001,23.535246,26.223974,16.360001,10.587766,75.613225,44.447361,64.051933
2022-09-09,352.321808,299.371399,36.168018,42.995987,84.090843,86.909676,23.539539,26.136272,16.450001,11.711359,75.605659,45.409569,64.025917
2022-09-10,,,,,,,,,,11.875346,,,
2022-09-11,,,,,,,,,,11.923940,,,
2022-09-12,356.196106,302.929688,36.627522,43.586319,84.090843,86.700447,23.466568,25.889103,16.520000,12.253239,75.605659,46.009857,63.947880
2022-09-13,340.661011,286.317963,35.372730,42.208878,84.115997,86.212257,23.397879,26.287758,16.320000,11.117363,75.628275,44.465019,63.627018
2022-09-14,341.933624,288.589386,35.531784,42.486149,84.107666,86.255814,23.457981,26.255871,16.260000,11.086899,75.620784,44.685715,63.705082
2022-09-15,338.115845,283.783325,35.187157,42.047874,84.132843,85.959442,23.350666,26.319653,15.940000,10.791184,75.643420,44.244328,63.514278
2022-09-16,335.457489,282.048065,34.957413,41.618538,84.132843,86.029198,23.247650,26.239918,16.030001,10.830278,75.643420,43.908871,63.444870
2022-09-17,,,,,,,,,,11.024723,,,
2022-09-18,,,,,,,,,,10.636883,,,
2022-09-19,338.030945,284.244476,35.090359,41.743763,84.141235,85.785057,23.148930,26.303707,16.040001,10.705144,75.650966,44.121937,63.401524
2022-09-20,334.222565,281.978729,34.505383,41.555931,84.158012,85.253273,23.114590,26.487093,15.950000,10.347282,75.666050,43.500507,63.089325
2022-09-21,328.340363,276.929565,34.062202,40.885094,84.166412,85.593254,23.161802,26.630611,16.020000,10.159194,75.673602,42.879070,63.262794
2022-09-22,325.568878,273.521210,33.902660,40.697262,84.174850,84.303009,22.891386,26.686422,16.030001,10.633621,75.681189,42.745899,62.612377
2022-09-23,320.157990,269.067871,32.794731,39.686539,84.191643,84.407631,22.796955,26.981432,15.750000,10.570131,75.696287,41.449764,62.438938
2022-09-24,,,,,,,,,,10.372600,,,
2022-09-25,,,,,,,,,,10.298702,,,
2022-09-26,317.056702,267.954437,32.271786,39.140926,84.191643,83.004036,22.419224,27.364147,15.570000,10.529068,75.696287,40.810581,61.641109
2022-09-27,316.161102,268.061890,32.076786,39.096203,84.200066,82.437347,22.316202,27.555500,15.600000,10.467653,75.703860,40.615265,61.372276
2022-09-28,322.371216,273.394165,32.794731,39.453987,84.200066,84.294296,22.698227,26.965487,15.920000,10.640835,75.703860,41.396503,62.326195
2022-09-29,315.648865,265.512878,32.387016,38.613201,84.225227,83.901993,22.389170,26.997379,15.910000,10.720986,75.726483,40.757305,62.005329
2022-09-30,310.839081,261.010742,32.227467,38.443260,84.233650,83.684013,22.234648,27.061163,15.920000,10.643611,75.734056,40.633018,61.857910
2022-10-01,,,,,,,,,,10.578050,,,
2022-10-02,,,,,,,,,,10.431261,,,
2022-10-03,319.057373,267.134064,32.945408,39.096203,84.239555,84.677193,22.534210,26.742235,16.309999,10.748663,75.739365,41.494152,62.375885
2022-10-04,328.743317,275.532990,34.257206,40.348434,84.247925,84.851883,22.616106,26.247892,16.540001,11.139347,75.746890,42.967850,62.532322
2022-10-05,328.175201,275.386536,33.849483,40.303711,84.247925,84.048271,22.443693,26.503042,16.440001,11.042875,75.746890,42.586105,62.202087
2022-10-06,324.719330,273.218384,33.282223,40.097984,84.273186,83.585350,22.361799,26.806019,16.420000,10.930438,75.769602,42.000179,61.967411
2022-10-07,315.601471,262.807709,32.759285,39.257206,84.281601,83.174782,22.379044,27.085087,16.250000,10.706634,75.777168,41.272217,61.645828
2022-10-08,,,,,,,,,,10.635274,,,
2022-10-09,,,,,,,,,,10.651628,,,
2022-10-10,313.243958,260.180603,32.537685,38.756317,84.281601,82.685623,22.305763,27.300362,16.000000,10.484599,75.777168,40.952618,61.367722
2022-10-11,311.179901,256.606171,32.156567,38.201756,84.289993,82.895248,22.370419,27.364147,15.970000,10.435265,75.784713,40.411076,61.385117
2022-10-12,310.214172,256.518341,32.076786,38.201756,84.273186,83.166000,22.417835,27.300362,16.059999,10.493341,75.769602,40.348934,61.454651
2022-10-13,318.337860,262.534271,32.741550,38.326981,84.298439,82.816628,22.391968,27.276442,15.950000,10.616834,75.792307,40.997005,61.237354
2022-10-14,311.170441,254.643188,32.183151,37.754539,84.315247,82.353668,22.400593,27.555500,15.750000,10.508793,75.807419,40.348934,60.941879
2022-10-15,,,,,,,,,,10.444148,,,
2022-10-16,,,,,,,,,,10.553948,,,
2022-10-17,319.076324,263.051849,33.034042,38.747372,84.306839,82.441025,22.469559,27.212660,15.780000,10.708775,75.799859,41.387615,61.072231
2022-10-18,322.835205,265.132080,33.255630,38.774204,84.323685,82.650673,22.409214,27.109009,15.820000,10.590275,75.815005,41.600689,61.211300
2022-10-19,320.600739,264.165192,32.874508,38.103367,84.323685,81.785912,22.301456,27.587397,15.620000,10.483531,75.815005,41.005878,60.707203
2022-10-20,317.968597,262.817444,32.785873,38.353809,84.340492,81.174454,22.271286,27.738892,15.580000,10.436537,75.830117,41.050282,60.298733
2022-10-21,325.609344,268.979950,33.397442,38.872597,84.357300,81.357903,22.323008,27.451855,15.870000,10.501570,75.845228,41.760483,60.403042
2022-10-22,,,,,,,,,,10.521136,,,
2022-10-23,,,,,,,,,,10.717676,,,
2022-10-24,329.576508,271.939087,33.344265,37.486206,84.365723,81.253052,22.383350,27.603344,15.810000,10.596386,75.852801,41.298843,60.316128
2022-10-25,334.935455,277.564362,34.088783,37.879765,84.357300,82.266350,22.473869,27.260500,15.840000,11.007349,75.845228,42.009056,60.889717
2022-10-26,332.435883,271.431213,34.434471,38.416424,84.357300,82.685623,22.439388,26.885759,15.950000,11.376847,75.845228,42.497330,61.133076
2022-10-27,330.655884,266.489502,34.204018,38.174927,84.399384,83.270844,22.611799,26.957514,15.930000,11.111408,75.883066,42.168854,61.454651
2022-10-28,338.372437,274.644318,34.469921,37.996037,84.399384,82.842850,22.594555,27.124952,15.770000,11.280943,75.883066,42.373039,61.332985
2022-10-29,,,,,,,,,,11.403158,,,
2022-10-30,,,,,,,,,,11.302991,,,
2022-10-31,336.071655,271.450775,34.186291,37.879765,84.399384,82.467224,22.538521,27.324282,15.630000,11.226400,75.883066,42.017925,61.141785
2022-11-01,334.717682,268.677155,34.478786,38.532707,84.408684,82.452339,22.557114,27.156847,15.800000,11.220649,75.891428,42.479572,61.205341
2022-11-02,326.177460,259.467651,33.955845,38.201756,84.425529,82.312294,22.496588,27.396038,15.690000,11.042211,75.906573,41.946911,61.109531
2022-11-03,322.702637,254.399002,33.681072,38.434319,84.459282,81.953377,22.250181,27.563477,15.620000,11.069863,75.936920,41.795994,60.874329
2022-11-04,327.427246,258.491089,34.966274,39.999596,84.467720,81.778313,22.323668,27.244545,16.110001,11.583230,75.944507,43.393978,60.891743
2022-11-05,,,,,,,,,,11.657428,,,
2022-11-06,,,,,,,,,,11.462319,,,
2022-11-07,330.570740,261.333008,35.116959,39.999596,84.476135,81.489410,22.362576,27.276442,16.049999,11.285032,75.952073,43.518269,60.656544
2022-11-08,332.369629,263.237488,35.542393,40.303711,84.484566,82.032166,22.392832,26.869808,16.410000,10.155837,75.959653,43.988766,60.926586
2022-11-09,325.580933,257.162872,35.046047,39.606037,84.509903,82.312294,22.349609,26.965487,16.340000,8.698573,75.982433,43.278561,61.013691
2022-11-10,343.399994,276.138580,36.996002,41.046093,84.518318,84.159370,22.708405,25.913019,16.830000,9.633017,75.989999,45.409199,62.276829
2022-11-11,346.685455,281.226654,37.687347,41.976318,84.526749,83.984299,22.691124,25.522327,16.930000,9.330401,75.997579,46.314713,62.276829
2022-11-12,,,,,,,,,,9.201623,,,
2022-11-13,,,,,,,,,,8.957428,,,
2022-11-14,343.901794,278.765625,37.253033,41.761650,84.526749,83.782944,22.539816,25.618010,16.969999,9.102489,75.997579,45.870842,62.076477
2022-11-15,346.742310,282.623291,37.483498,42.673985,84.526749,84.404442,22.682474,25.362862,17.040001,9.248415,75.997579,46.332474,62.512054
2022-11-16,344.110138,278.765625,37.341686,41.949486,84.518318,85.025986,22.734354,25.179478,16.990000,9.130555,75.989999,45.995129,62.869221
2022-11-17,343.115967,278.150391,37.297359,42.056824,84.560471,84.448242,22.578728,25.370838,16.879999,9.140457,76.027898,46.030632,62.607876
2022-11-18,344.630859,278.160095,37.359402,41.806377,84.560471,84.150566,22.474974,25.498409,16.760000,9.146077,76.027898,45.977367,62.503326
2022-11-19,,,,,,,,,,9.153619,,,
2022-11-20,,,,,,,,,,8.923724,,,
2022-11-21,343.418915,275.298645,37.058041,41.341259,84.577362,84.098068,22.587370,25.633953,16.670000,8.647362,76.043085,45.595634,62.503326
2022-11-22,347.992035,279.263733,37.607586,41.430706,84.602669,84.579536,22.673822,25.466520,16.670000,8.867820,76.065838,46.137165,62.825665
2022-11-23,350.169769,282.066559,38.041882,41.779537,84.619545,85.034737,22.790550,25.171505,16.770000,9.098385,76.081012,46.607681,63.208950
2022-11-24,,,,,,,,,,9.094966,,,
2022-11-25,350.131805,280.210999,38.201435,41.618538,84.627922,85.008476,22.790550,25.147587,16.790001,9.049710,76.088544,46.714211,63.208950
2022-11-26,,,,,,,,,,9.018181,,,
2022-11-27,,,,,,,,,,9.007416,,,
2022-11-28,344.592926,276.099396,37.669624,41.439651,84.644814,85.043480,22.730028,25.243265,16.680000,8.882912,76.103731,46.190430,63.130562
2022-11-29,343.987030,274.009521,37.767120,42.289371,84.644814,84.684601,22.643574,25.299074,16.750000,9.007611,76.103731,46.554413,62.895336
2022-11-30,354.572357,286.500458,38.476196,43.434265,84.653259,85.446182,22.954819,24.908390,16.950001,9.403948,76.111324,47.495453,63.383167
2022-12-01,354.619720,286.851990,38.804142,43.353767,84.689644,86.379433,23.202929,24.645271,17.280001,9.293614,76.144037,47.744022,63.911400
2022-12-02,354.108429,285.709412,38.768688,43.541603,84.698051,86.554886,23.389761,24.565542,17.230000,9.360180,76.151597,47.788406,64.173317
2022-12-03,,,,,,,,,,9.261354,,,
2022-12-04,,,,,,,,,,9.383090,,,
2022-12-05,347.802673,280.914246,38.183708,43.031765,84.723473,85.677742,23.155134,24.812712,16.920000,9.297828,76.174453,47.131462,63.666935
2022-12-06,342.775085,275.093536,37.926666,42.951263,84.740402,86.204010,23.137751,24.796766,16.969999,9.360642,76.189674,46.918400,63.876472
2022-12-07,342.112335,273.970490,37.926666,42.727654,84.731903,86.958328,23.233341,24.589462,17.129999,9.228430,76.182032,46.811867,64.435242
2022-12-08,344.810730,277.212799,38.139378,43.192768,84.774216,86.467133,23.237688,24.565542,17.139999,9.439501,76.220075,47.149227,64.251915
2022-12-09,342.292236,275.445160,38.165977,42.942318,84.774216,85.826851,23.029119,24.748926,17.190001,9.384550,76.220075,47.078197,63.876472
2022-12-10,,,,,,,,,,9.382125,,,
2022-12-11,,,,,,,,,,9.368688,,,
2022-12-12,347.177734,278.902374,38.263466,42.799210,84.791138,85.704071,23.016087,24.717033,17.059999,9.424692,76.235290,47.113708,63.876472
2022-12-13,349.743683,281.900574,38.759819,43.142941,84.799568,86.475929,23.085611,24.517706,17.340000,9.739578,76.242870,47.673000,64.313026
2022-12-14,347.632263,279.810638,38.742100,43.161079,84.799568,86.712730,23.024776,24.469862,17.299999,9.758383,76.242870,47.610859,64.470177
2022-12-15,339.082611,270.415558,37.731674,42.199718,84.830971,86.881493,23.029119,24.461889,17.020000,9.511469,76.271104,46.474518,64.505112
2022-12-16,335.039673,267.837372,37.439178,42.263214,84.839447,86.661781,22.911276,24.637299,17.180000,9.118530,76.278725,46.217068,64.339226
2022-12-17,,,,,,,,,,9.199380,,,
2022-12-18,,,,,,,,,,9.179051,,,
2022-12-19,332.151855,264.073242,37.358463,42.344830,84.839447,85.958679,22.832430,24.629326,17.129999,9.004706,76.278725,46.162251,63.955029
2022-12-20,332.657990,263.867706,37.537819,42.308559,84.856445,85.334732,22.823666,24.788794,17.420000,9.260296,76.294008,46.306034,63.535992
2022-12-21,337.633514,267.695312,37.914448,42.662266,84.856445,85.440178,22.955088,24.685137,17.389999,9.211674,76.294008,46.746357,63.684376
2022-12-22,332.886230,261.146088,37.582649,42.317623,84.907341,85.413818,22.832430,24.852577,17.160000,9.218688,76.339768,46.386902,63.675652
2022-12-23,334.751007,261.733459,37.770969,42.263214,84.907341,85.027130,22.779861,24.828659,17.219999,9.200400,76.339768,46.494740,63.476139
2022-12-24,,,,,,,,,,9.228227,,,
2022-12-25,,,,,,,,,,9.225066,,,
2022-12-26,,,,,,,,,,9.267691,,,
2022-12-27,333.419006,258.032990,37.842712,42.861782,84.932793,84.315285,22.674721,24.868525,17.360001,9.156701,76.362651,46.746357,62.986012
2022-12-28,329.328217,254.626328,37.412270,42.226929,84.941277,84.113152,22.648434,25.080751,17.280001,9.066542,76.370279,46.189213,62.898514
2022-12-29,335.169495,260.832855,38.004131,42.961552,84.975220,84.526215,22.736055,24.943275,17.379999,9.115713,76.400797,46.944061,63.134800
2022-12-30,334.246674,260.676239,37.636467,42.353901,84.975220,84.174652,22.687859,25.012014,17.469999,9.093937,76.400797,46.476772,62.872250
2022-12-31,,,,,,,,,,9.063762,,,
2023-01-01,,,,,,,,,,9.106258,,,
2023-01-02,,,,,,,,,,9.140980,,,
2023-01-03,332.962402,258.914185,37.842712,42.689461,84.992233,84.833794,22.749193,24.951868,17.600000,9.136262,76.416094,46.791286,63.204819
2023-01-04,335.359833,260.147583,38.407665,43.931976,84.983734,85.484108,22.766718,24.762842,17.780001,9.236707,76.408452,47.591061,63.563652
2023-01-05,331.697083,256.075134,37.977222,43.714306,85.017662,85.361092,22.766718,24.805801,17.549999,9.222191,76.438957,47.177696,63.493622
2023-01-06,339.241272,263.143188,39.026417,44.657524,85.034637,86.459602,22.963846,24.487886,17.889999,9.285309,76.454219,48.282997,64.193779
2023-01-07,,,,,,,,,,9.287012,,,
2023-01-08,,,,,,,,,,9.361541,,,
2023-01-09,338.993896,264.846619,39.196796,44.974945,85.034637,86.679337,23.038322,24.462111,17.930000,9.419279,76.454219,48.543602,64.368790
2023-01-10,341.410370,267.088379,39.295437,45.274235,85.034637,86.134460,22.950706,24.573812,18.000000,9.556071,76.454219,48.741291,64.114983
2023-01-11,345.767609,271.709076,39.591366,45.519108,85.034637,86.688103,23.051460,24.419147,17.980000,9.823699,76.454219,49.037838,64.456291
2023-01-12,347.061340,273.177399,40.165287,45.736774,85.094040,87.461510,23.217928,24.367598,18.190001,10.335669,76.507628,49.630932,64.955154
2023-01-13,348.412323,275.057098,40.371540,45.981644,85.102539,86.995735,23.047087,24.401964,18.410000,10.905314,76.515269,49.909508,64.736359
2023-01-14,,,,,,,,,,11.489604,,,
2023-01-15,,,,,,,,,,11.437294,,,
2023-01-16,,,,,,,,,,11.595501,,,
2023-01-17,347.879578,275.615082,40.488113,45.745838,85.094040,86.723312,22.976995,24.470701,18.290001,11.591057,76.507628,49.945446,64.648842
2023-01-18,342.228577,272.032166,40.308765,45.437485,85.119492,87.900909,23.134701,24.307453,18.230000,11.332118,76.530511,49.675865,65.243942
2023-01-19,339.764526,269.359558,40.263927,45.800262,85.136459,87.733940,23.270500,24.470701,18.530001,11.550126,76.545767,49.774708,65.112694
2023-01-20,346.014923,276.731079,40.676430,46.444180,85.153427,87.153915,23.147840,24.453520,18.469999,12.420905,76.561023,50.268959,64.823875
2023-01-21,,,,,,,,,,12.476266,,,
2023-01-22,,,,,,,,,,12.444930,,,
2023-01-23,350.229340,282.878937,40.846809,46.788818,85.153427,86.872688,23.130320,24.453520,18.490000,12.562156,76.561023,50.511585,64.666351
2023-01-24,349.858307,282.301331,40.837845,46.779755,85.178879,87.373604,23.257359,24.444929,18.570000,12.398949,76.583906,50.520565,64.955154
2023-01-25,349.981995,281.674774,41.044094,46.834160,85.187378,87.470314,23.305550,24.427742,18.650000,12.662627,76.591548,50.727253,65.033936
2023-01-26,353.720764,287.166748,41.169647,47.269497,85.212822,87.153915,23.314310,24.470701,18.490000,12.616024,76.614424,50.906979,64.911392
2023-01-27,354.729218,290.025299,41.124805,47.015556,85.221313,87.022064,23.257359,24.419147,18.450001,12.641193,76.622059,50.790165,64.841385
2023-01-28,,,,,,,,,,12.615100,,,
2023-01-29,,,,,,,,,,13.022333,,,
2023-01-30,350.296021,284.161285,40.784042,46.108620,85.246788,86.749672,23.143461,24.419147,18.410000,12.510508,76.644963,50.259972,64.657600
2023-01-31,355.271545,288.419769,41.035126,46.135822,85.246788,87.189049,23.134701,24.204346,18.480000,12.674362,76.644963,50.511585,64.955154
2023-02-01,359.162506,294.587250,41.402790,46.716267,85.258705,87.816154,23.318693,24.298859,18.709999,12.994509,76.655677,50.987854,65.372726
2023-02-02,364.309387,305.159943,41.393829,46.462322,85.301315,87.780922,23.274883,24.161385,18.320000,12.856534,76.693988,50.862049,65.416588
2023-02-03,360.418335,299.736572,40.927521,45.646076,85.309799,86.838562,23.073366,24.178566,17.850000,12.844183,76.701616,50.259972,64.837624
2023-02-04,,,,,,,,,,12.779837,,,
2023-02-05,,,,,,,,,,12.573787,,,
2023-02-06,358.334869,297.200989,40.488113,45.056576,85.309799,86.089912,22.963846,24.264488,17.900000,12.466672,76.701616,49.738766,64.434036
2023-02-07,362.958466,303.358704,40.864750,45.237961,85.326836,85.878563,23.029562,24.427742,17.910000,12.742834,76.716933,50.080242,64.346367
2023-02-08,358.981842,297.964600,40.622620,45.138199,85.335365,86.195618,23.152214,24.238712,17.959999,12.564876,76.724602,49.855591,64.460411
2023-02-09,355.908875,295.331207,40.658497,45.355854,85.369453,85.808098,23.029562,24.384779,17.830000,11.951208,76.755251,49.945446,64.197197
2023-02-10,356.774597,293.392944,40.541912,44.956806,85.377968,85.394165,22.941944,24.290266,17.860001,11.859267,76.762906,49.711803,63.925262
2023-02-11,,,,,,,,,,11.979601,,,
2023-02-12,,,,,,,,,,11.934318,,,
2023-02-13,360.893982,298.091888,40.891651,45.319584,85.394974,85.596725,22.972609,24.401964,17.770000,11.945217,76.778196,50.134167,64.100716
2023-02-14,360.760773,300.294556,40.927521,45.192616,85.386475,85.209213,22.911276,24.573812,17.770000,12.171272,76.770554,50.143139,63.881409
2023-02-15,361.969025,302.595062,40.721272,44.838905,85.412056,84.953789,22.911276,24.530848,17.590000,13.314431,76.793554,49.891537,63.741066
2023-02-16,356.936401,296.917114,40.532951,44.875183,85.446114,84.672012,22.849943,24.590998,17.590000,12.939574,76.824175,49.693836,63.495392
2023-02-17,356.013611,294.822205,40.595722,44.485195,85.454651,84.909782,22.911276,24.522261,17.639999,13.455616,76.831851,49.648907,63.635796
2023-02-18,,,,,,,,,,13.497067,,,
2023-02-19,,,,,,,,,,13.325276,,,
2023-02-20,,,,,,,,,,13.599972,,,
2023-02-21,348.945007,287.842194,40.084579,43.931976,85.471680,83.985054,22.801760,24.548035,17.570000,13.384822,76.847162,49.064793,63.083118
2023-02-22,348.507416,288.057587,39.851421,43.732449,85.488686,84.134781,22.793001,24.462111,17.469999,13.249250,76.862452,48.786224,63.223499
2023-02-23,350.257904,290.573547,40.084579,43.959183,85.522797,84.460617,22.845570,24.341825,17.469999,13.117052,76.893121,49.037838,63.451584
2023-02-24,346.509613,285.708099,39.456852,43.025036,85.531334,83.949821,22.709763,24.479298,17.340000,12.706593,76.900797,48.229080,63.100651
2023-02-25,,,,,,,,,,12.694131,,,
2023-02-26,,,,,,,,,,12.905470,,,
2023-02-27,347.708282,287.754150,39.896267,43.233631,85.539810,84.205215,22.744814,24.608181,17.400000,12.884469,76.908418,48.696365,63.205959
2023-02-28,346.395447,287.382111,39.609299,42.943413,85.556862,84.337326,22.832430,24.384779,17.490000,12.678782,76.923749,48.354893,63.223499
2023-03-01,345.130157,285.071777,39.860397,43.868481,85.563713,83.663048,22.749193,24.582405,17.600000,12.952214,76.929909,48.849136,62.848900
2023-03-02,347.708282,287.431000,39.923157,44.022663,85.606430,83.318863,22.775480,24.676918,17.580000,12.858504,76.968315,48.956974,62.717018
2023-03-03,353.216614,293.373322,40.506050,44.394512,85.614975,83.989609,22.998890,24.530848,17.770000,12.248983,76.975998,49.577019,63.200607
2023-03-04,,,,,,,,,,12.243873,,,
2023-03-05,,,,,,,,,,12.288877,,,
2023-03-06,353.644745,293.706116,40.407402,44.267540,85.606430,83.839561,22.889381,24.685505,17.690001,12.285725,76.975998,49.469173,63.051121
2023-03-07,348.174500,290.103638,39.672077,43.541992,85.632050,83.848389,22.744814,24.359007,17.360001,12.170705,76.031998,48.624474,62.980812
2023-03-08,348.716736,291.552490,39.878334,43.759655,85.640594,83.821953,22.639677,24.427742,17.360001,11.895909,76.047997,48.849136,62.928043
2023-03-09,342.333191,286.501038,39.483761,42.825512,85.666237,84.342590,22.696629,24.212938,17.540001,11.153686,75.199997,48.282997,63.139057
2023-03-10,337.424286,282.477539,39.098164,42.616917,85.683304,85.895821,23.020803,23.474003,17.910000,11.057405,74.351997,47.869633,63.895203
2023-03-11,,,,,,,,,,11.301242,,,
2023-03-12,,,,,,,,,,12.140130,,,
2023-03-13,336.853333,284.572510,38.873970,42.625984,85.708931,86.937218,23.152214,22.760847,18.330000,13.254010,74.928001,47.644978,64.405205
2023-03-14,342.447296,291.111938,39.331310,42.625984,85.726013,86.116463,23.082129,23.250603,18.219999,13.554469,75.208000,48.067333,64.000694
2023-03-15,340.335327,292.639130,38.156570,41.900436,85.760208,87.360840,23.344975,22.417160,18.360001,13.351742,74.792000,46.818237,64.660187
2023-03-16,346.157593,300.353271,38.748421,42.508083,85.777252,86.575363,23.090893,22.692110,18.389999,13.722470,75.863998,47.492214,64.352425
2023-03-17,342.371216,298.933838,38.300049,42.236004,85.785820,87.599121,23.147840,22.253908,18.930000,15.021243,75.328003,47.024921,64.818428
2023-03-18,,,,,,,,,,14.770350,,,
2023-03-19,,,,,,,,,,15.357966,,,
2023-03-20,345.463043,299.994659,38.885136,42.381111,85.794342,87.246109,23.174126,22.528854,18.940001,15.209287,75.736000,47.602283,64.537086
2023-03-21,349.981995,304.279358,39.389194,42.798306,85.819992,86.487129,23.130320,22.769438,18.570000,15.433083,76.720001,48.169724,64.361221
2023-03-22,344.178772,300.141785,39.236176,42.952484,85.811440,87.625580,23.415066,22.417160,18.889999,14.957436,75.832001,48.043625,64.932739
2023-03-23,344.996979,303.700867,39.263180,43.478500,85.845619,88.128624,23.489534,22.305456,19.129999,15.519712,75.720001,48.232777,65.082199
2023-03-24,347.296295,304.818665,39.128166,43.396881,85.879807,88.155090,23.415066,22.082062,18.930000,15.059232,75.912003,48.106674,65.214119
2023-03-25,,,,,,,,,,15.060011,,,
2023-03-26,,,,,,,,,,15.333676,,,
2023-03-27,347.869476,302.730164,39.470207,43.179214,85.862701,87.069618,23.239832,22.640558,18.740000,14.865662,76.045998,48.358871,64.537086
2023-03-28,347.258026,301.122192,39.524208,43.723373,85.888336,87.016647,23.296782,22.631964,18.900000,14.935906,75.948997,48.557037,64.422752
2023-03-29,352.196777,306.612885,39.974270,43.850346,85.896881,86.866608,23.340595,22.769438,18.809999,15.527637,76.546997,49.016384,64.493126
2023-03-30,354.298401,309.515076,40.469337,44.312885,85.913948,86.998985,23.371258,22.786623,18.969999,15.355165,76.807999,49.556812,64.581024
2023-03-31,359.246704,314.662506,40.658363,44.249405,85.922508,87.475571,23.485151,22.597595,18.870001,15.598867,77.379997,49.727940,64.915138
2023-04-01,,,,,,,,,,15.561923,,,
2023-04-02,,,,,,,,,,15.445951,,,
2023-04-03,360.670013,313.897797,40.991409,44.376369,85.932762,87.887627,23.531668,22.468714,19.010000,15.221876,77.558998,50.088226,65.191040
2023-04-04,358.635254,312.838837,40.982410,44.394512,85.949944,88.453560,23.601875,22.348419,19.350000,15.428851,77.320999,50.061203,65.455475
2023-04-05,357.765961,309.750366,40.667362,44.031738,85.984222,88.824951,23.654526,22.210945,19.350000,15.434271,77.232002,49.709930,65.631760
2023-04-06,359.132019,311.838806,40.802380,44.222195,86.009933,88.851479,23.702793,22.202354,19.219999,15.360959,77.456001,49.881065,65.614120
2023-04-07,,,,,,,,,,15.296171,,,
2023-04-08,,,,,,,,,,15.308186,,,
2023-04-09,,,,,,,,,,15.519207,,,
2023-04-10,359.523621,311.662292,40.838383,44.312885,86.018532,87.976044,23.549221,22.442936,19.080000,16.242188,77.483002,49.917091,65.173401
2023-04-11,359.571442,309.662109,41.018414,44.621243,86.018532,87.940689,23.584328,22.468714,19.190001,16.561017,77.547997,50.142265,65.199852
2023-04-12,358.138550,306.926636,41.252445,44.340092,86.035667,88.197128,23.584328,22.571821,19.280001,16.508431,77.366997,50.277374,65.270378
2023-04-13,362.781158,312.936920,41.855515,44.965881,86.087105,87.905319,23.536047,22.640558,19.530001,16.650851,77.969002,50.934883,65.235123
2023-04-14,362.036041,312.348602,41.648495,44.693798,86.095695,87.472015,23.443916,22.769438,19.209999,16.698304,77.917000,50.727726,64.944229
2023-04-15,,,,,,,,,,16.606719,,,
2023-04-16,,,,,,,,,,16.604999,,,
2023-04-17,363.268311,312.613312,41.612484,44.893326,86.095695,86.914940,23.329828,22.898323,19.120001,16.128293,78.075996,50.727726,64.591660
2023-04-18,363.516663,312.632965,41.774521,44.811703,86.112831,87.056412,23.347380,22.924103,19.190001,16.650022,78.114998,50.889854,64.688614
2023-04-19,363.497559,312.485870,41.612484,44.358227,86.138550,86.870705,23.329828,22.889730,19.090000,15.787398,78.112000,50.583622,64.600471
2023-04-20,361.443787,310.103302,41.630486,44.276608,86.172844,87.374741,23.413198,22.855364,19.170000,15.471520,77.861000,50.574604,64.882523
2023-04-21,361.653931,310.426849,41.765511,43.859421,86.181404,87.162529,23.413198,22.855364,18.990000,14.940715,77.980003,50.583622,64.767952
2023-04-22,,,,,,,,,,15.236818,,,
2023-04-23,,,,,,,,,,15.112966,,,
2023-04-24,362.131531,309.779846,41.846519,43.786861,86.190010,87.586990,23.509724,22.889730,19.049999,15.076790,77.998001,50.655670,65.023552
2023-04-25,356.409515,303.936188,41.189430,42.943413,86.190010,88.453560,23.645756,22.614779,19.139999,15.505266,77.297997,49.854042,65.446625
2023-04-26,354.823761,305.779510,41.198433,43.251770,86.190010,88.108681,23.557999,22.657742,19.030001,15.568313,77.095001,49.917091,65.217484
2023-04-27,361.864044,314.093933,41.720512,43.841278,86.215706,87.533913,23.470245,22.825293,19.030001,16.144037,78.050003,50.556599,64.935440
2023-04-28,364.959076,316.260681,41.729515,44.058949,86.215706,88.188293,23.492184,22.820993,19.049999,16.070899,78.449997,50.664677,65.296814
2023-04-29,,,,,,,,,,16.020631,,,
2023-04-30,,,,,,,,,,16.031760,,,
2023-05-01,364.710785,315.897919,41.693504,43.913834,86.226036,87.150322,23.316547,23.044392,18.950001,15.386937,78.507004,50.565598,64.625275
2023-05-02,360.622192,313.142792,41.252445,43.523853,86.243248,88.284889,23.488216,22.872549,19.330000,15.709540,77.958000,50.034184,65.261452
2023-05-03,358.109863,311.093567,41.333454,43.469437,86.243248,88.861053,23.593861,22.786623,19.480000,15.887979,77.596001,50.097233,65.535355
2023-05-04,355.492554,309.995483,41.270439,43.823139,86.286285,88.843323,23.593861,22.717886,19.629999,15.801108,77.232002,50.187309,65.447014
2023-05-05,362.016937,316.584259,41.936531,44.358227,86.294891,88.364670,23.549841,22.838179,19.320000,16.177229,78.198997,50.907871,65.208420
2023-05-06,,,,,,,,,,15.832282,,,
2023-05-07,,,,,,,,,,15.585992,,,
2023-05-08,362.217499,317.368591,41.954540,44.358227,86.303513,87.823975,23.457409,22.855364,19.350000,15.169322,78.242996,50.943901,64.899185
2023-05-09,360.650879,315.358673,41.792515,44.077084,86.312088,87.717583,23.426594,22.958469,19.480000,15.149878,78.089996,50.709709,64.828514
2023-05-10,362.227020,318.790344,41.729515,44.104294,86.329315,88.373528,23.488216,22.760847,19.440001,15.129601,78.278999,50.673687,65.226112
2023-05-11,361.720795,319.829712,41.540474,43.886623,86.380981,88.701508,23.549841,22.709295,19.290001,14.789471,78.234001,50.457516,65.438187
2023-05-12,361.233582,318.682465,41.450470,43.424091,86.398163,88.169670,23.466206,22.838179,19.260000,14.682224,78.197998,50.232338,65.093582
2023-05-13,,,,,,,,,,14.670770,,,
2023-05-14,,,,,,,,,,14.751047,,,
2023-05-15,362.485016,320.408112,41.810513,44.167774,86.389580,87.974655,23.430994,22.984245,19.299999,14.894585,78.322998,50.763752,64.925705
2023-05-16,360.087280,320.770813,41.378460,43.868481,86.415390,87.691010,23.373766,22.863956,19.059999,14.809114,78.080002,50.286385,64.766670
2023-05-17,364.385956,324.653564,41.594486,44.086147,86.424019,87.407356,23.360561,22.941286,18.980000,15.007480,78.566002,50.547585,64.651787
2023-05-18,367.949097,330.683411,41.513474,43.877552,86.449814,86.866661,23.290134,22.949875,18.730000,14.697133,78.922997,50.385460,64.386719
2023-05-19,367.366486,329.938232,41.765511,43.904762,86.458420,86.538696,23.224112,23.001429,18.920000,14.728858,78.894997,50.556599,64.210007
2023-05-20,,,,,,,,,,14.860019,,,
2023-05-21,,,,,,,,,,14.654199,,,
2023-05-22,367.566956,331.046143,41.801514,44.249405,86.467041,86.379158,23.188889,23.052980,18.870001,14.707577,78.939003,50.709709,64.192322
2023-05-23,363.459351,326.849701,41.216434,43.623611,86.484261,86.520981,23.259325,23.001429,18.910000,14.912679,78.553001,49.971130,64.236473
2023-05-24,360.736847,325.173218,40.631359,43.369667,86.484261,86.299377,23.175686,22.855364,18.760000,14.424691,78.233002,49.376663,64.059792
2023-05-25,363.879700,333.085480,40.541355,43.278980,86.535904,85.758690,23.092058,22.949875,18.559999,14.502136,78.601997,49.250561,63.821209
2023-05-26,368.608276,341.596039,40.919392,43.986389,86.561699,85.918243,23.096445,23.044392,18.650000,14.635283,79.126999,49.827019,63.900738
2023-05-27,,,,,,,,,,14.716931,,,
2023-05-28,,,,,,,,,,15.383694,,,
2023-05-29,,,,,,,,,,15.197592,,,
2023-05-30,368.722870,343.145233,40.568348,43.505711,86.578918,86.591881,23.197695,23.078762,18.770000,15.173746,79.123001,49.358650,64.324867
2023-05-31,366.716919,341.194031,40.172302,43.152012,86.578918,86.919853,23.202093,22.949875,18.790001,14.909355,78.980003,48.890285,64.536926
2023-06-01,370.232239,345.135559,40.793381,43.895699,86.641159,87.161522,23.267012,22.915506,18.940001,14.690431,79.309998,49.655884,64.711449
2023-06-02,375.667725,347.724030,41.396461,44.630310,86.641159,86.468475,23.143370,22.975657,18.660000,14.925750,79.851997,50.385460,64.348236
2023-06-03,,,,,,,,,,14.830190,,,
2023-06-04,,,,,,,,,,14.854257,,,
2023-06-05,374.941742,347.969177,41.135426,44.575893,86.658455,86.441833,23.183111,22.889730,18.770000,14.109892,79.816002,50.160282,64.357101
2023-06-06,375.715393,347.910309,41.495468,45.002155,86.684387,86.495148,23.200771,22.941286,18.780001,14.919831,79.891998,50.583622,64.445702
2023-06-07,374.483063,342.007843,41.099422,44.812572,86.693016,85.864334,23.081543,23.018616,18.570000,14.430815,79.822998,50.205322,64.082497
2023-06-08,376.727966,346.253235,41.522476,45.133121,86.727608,86.441833,23.200771,22.958469,18.799999,14.519669,80.039001,50.646660,64.401375
2023-06-09,377.358459,347.576904,41.504478,45.325455,86.736244,86.130875,23.134535,23.061575,18.770000,14.504419,80.097000,50.682693,64.268532
2023-06-10,,,,,,,,,,14.159815,,,
2023-06-11,,,,,,,,,,14.208524,,,
2023-06-12,380.826080,353.450012,41.693504,45.444511,86.753548,86.273026,23.152195,23.199051,18.740000,14.187892,80.249001,50.862831,64.401375
2023-06-13,383.338501,356.165863,42.098557,45.865807,86.762207,85.659950,23.041805,23.267790,18.600000,14.196781,80.367996,51.340202,64.117950
2023-06-14,383.634583,358.754272,42.206562,46.177193,86.779503,85.775459,23.085960,23.181866,18.620001,13.761845,80.403000,51.547375,64.171074
2023-06-15,388.554230,363.029175,42.602627,46.598484,86.822685,86.441833,23.236099,23.259201,18.740000,14.009270,80.521004,52.024742,64.569710
2023-06-16,387.121338,360.744629,42.476601,46.433628,86.822685,86.068672,23.187525,23.482597,18.709999,14.420662,80.581001,51.898643,64.427979
2023-06-17,,,,,,,,,,14.521016,,,
2023-06-18,,,,,,,,,,14.425455,,,
2023-06-19,,,,,,,,,,14.707442,,,
2023-06-20,385.334961,360.228241,41.906109,45.609364,86.848633,86.326347,23.244925,23.405268,18.530001,15.516160,80.540001,51.141125,64.516556
2023-06-21,383.223816,355.319122,41.969700,45.444511,86.857285,86.406296,23.231684,23.448229,18.510000,16.447217,80.559998,51.186661,64.622841
2023-06-22,384.618500,359.511505,41.715340,45.279655,86.891846,85.917610,23.156614,23.628664,18.309999,16.384218,80.660004,50.913509,64.312775
2023-06-23,381.733612,355.947540,41.043083,44.629402,86.909119,86.273026,23.214020,23.628664,18.360001,16.813203,80.517998,50.121403,64.498840
2023-06-24,,,,,,,,,,16.732809,,,
2023-06-25,,,,,,,,,,16.695325,,,
2023-06-26,380.157379,351.175812,41.170277,44.812572,86.917786,86.486259,23.218439,23.654444,18.400000,16.580776,80.449997,50.248871,64.578560
2023-06-27,384.370117,357.214050,41.506393,45.243031,86.926430,86.184166,23.152195,23.731771,18.320000,16.809202,80.674004,50.676785,64.454559
2023-06-28,384.542084,357.911133,41.515484,44.959114,86.952354,86.530670,23.200771,23.800514,18.270000,16.479506,80.667000,50.622169,64.658302
2023-06-29,386.015137,357.194397,41.460979,44.748466,86.986931,85.642181,23.055050,23.809099,18.250000,16.676204,80.758003,50.531128,64.171074
2023-06-30,390.589691,362.702362,41.951530,45.142277,86.986931,85.828758,23.152195,23.740360,18.370001,16.693677,80.910004,51.059189,64.392532
2023-07-01,,,,,,,,,,16.755476,,,
2023-07-02,,,,,,,,,,16.772287,,,
2023-07-03,391.337646,363.556549,42.024204,45.655155,87.027718,85.456467,23.118940,23.774733,18.400000,17.065696,80.901001,51.268589,64.209579
2023-07-04,,,,,,,,,,16.858180,,,
2023-07-05,390.464996,363.546753,41.569981,45.389565,87.036423,85.046783,23.021368,23.783327,18.330000,16.713896,80.940002,50.776947,63.943142
2023-07-06,387.281006,360.778046,40.834152,44.510345,87.071136,84.352097,22.901636,23.800514,18.280001,16.382606,80.889000,49.866478,63.534626
2023-07-07,386.379608,359.580231,41.179356,45.023220,87.079819,84.245224,22.875019,23.611479,18.410000,16.619739,80.980003,50.349026,63.499084
2023-07-08,,,,,,,,,,16.592503,,,
2023-07-09,,,,,,,,,,16.526058,,,
2023-07-10,387.415344,359.698090,41.288368,45.032379,87.088478,84.681633,22.932671,23.559925,18.420000,16.659289,80.968002,50.430962,63.721138
2023-07-11,389.899170,361.475098,41.688076,45.499466,87.097168,84.859749,22.923800,23.542740,18.500000,16.772387,81.121002,50.922623,63.854359
2023-07-12,392.968048,366.040588,42.487511,46.424469,87.114555,85.688065,23.149979,23.327934,18.740000,16.646787,81.245003,51.869511,64.360573
2023-07-13,396.171143,372.255463,43.141582,46.955666,87.149261,86.400574,23.274157,23.259201,18.750000,17.240760,81.315002,52.606991,64.751335
2023-07-14,395.854645,372.176941,42.878128,46.699230,87.157928,85.973061,23.158852,23.431042,18.700001,16.615249,81.349998,52.315636,64.449364
2023-07-15,,,,,,,,,,16.594292,,,
2023-07-16,,,,,,,,,,16.568726,,,
2023-07-17,397.235657,375.652527,42.859962,46.790813,87.175262,86.115593,23.203196,23.491188,18.709999,16.512175,81.389000,52.342957,64.520424
2023-07-18,400.247009,378.725616,43.168831,46.506897,87.183968,86.213516,23.185459,23.525557,18.930000,16.353699,81.394997,52.497734,64.600334
2023-07-19,401.110168,378.637268,43.159744,46.433628,87.201340,86.507431,23.265284,23.499781,18.940001,16.385118,81.329002,52.470425,64.751335
2023-07-20,398.491974,369.908936,42.905380,46.067291,87.236061,85.821648,23.251978,23.585703,18.850000,16.318344,81.385002,52.169960,64.449364
2023-07-21,398.539948,368.799438,42.959896,46.048969,87.244751,85.892906,23.251978,23.611479,18.780001,16.382281,81.433998,52.251907,64.493797
2023-07-22,,,,,,,,,,16.307272,,,
2023-07-23,,,,,,,,,,16.478571,,,
2023-07-24,400.227783,369.388611,42.914467,46.662598,87.262108,85.688065,23.274157,23.602888,18.709999,15.981428,81.449997,52.361160,64.387199
2023-07-25,401.407440,371.892273,43.041649,47.028938,87.270760,85.527733,23.229805,23.551334,18.790001,16.009075,81.470001,52.561459,64.316162
2023-07-26,401.503296,370.655090,43.096157,47.267056,87.288124,85.821648,23.238678,23.585703,18.900000,16.078957,81.610001,52.734451,64.529289
2023-07-27,398.779694,369.771454,42.914467,46.680908,87.322868,84.886505,23.065716,23.585703,18.610001,15.999927,81.512001,52.397587,63.978687
2023-07-28,402.663727,376.506714,43.268764,47.779926,87.340233,85.162575,23.154415,23.697403,18.740000,16.059388,81.650002,53.044010,64.200722
2023-07-29,,,,,,,,,,16.080023,,,
2023-07-30,,,,,,,,,,16.035322,,,
2023-07-31,403.440552,376.703033,43.268764,47.834881,87.340233,85.269447,23.163286,23.654444,18.799999,16.010565,81.588997,53.044010,64.316162
2023-08-01,402.193848,375.829315,42.787289,47.239582,87.359398,84.771210,23.026712,23.817696,18.600000,16.254651,81.625999,52.415794,63.918106
2023-08-02,396.621887,367.582001,41.960617,46.140556,87.385544,84.601570,22.982222,23.826286,18.520000,15.967758,81.608002,51.396057,63.713306
2023-08-03,395.499817,366.992889,41.833431,46.314564,87.411697,83.976517,22.844313,23.903618,18.500000,15.982394,81.526001,51.332329,63.321503
2023-08-04,393.562653,365.274719,41.951530,46.323734,87.429153,84.869431,23.062298,23.663034,18.570000,15.925107,81.428001,51.468906,63.846882
2023-08-05,,,,,,,,,,15.907598,,,
2023-08-06,,,,,,,,,,15.907450,,,
2023-08-07,397.110962,368.367493,42.287647,46.232143,87.437881,84.664062,23.080093,23.783327,18.530001,15.983434,81.689003,51.751144,63.748913
2023-08-08,395.394348,365.235504,41.969700,45.691792,87.446587,85.092667,23.084539,23.783327,18.430000,16.303816,81.634003,51.323219,63.980450
2023-08-09,392.766693,361.219879,42.006035,45.838329,87.472740,85.146248,23.066750,23.774733,18.340000,16.192078,81.473000,51.368748,63.998260
2023-08-10,392.996826,361.887512,42.133213,45.856651,87.498917,84.494392,22.959980,23.860653,18.299999,16.119829,81.455002,51.505322,63.642056
2023-08-11,392.632385,359.580231,41.897022,45.233864,87.507607,84.047966,22.919933,24.006721,18.309999,16.102369,81.410004,51.104713,63.437267
2023-08-12,,,,,,,,,,16.112365,,,
2023-08-13,,,,,,,,,,16.039488,,,
2023-08-14,394.847717,363.615540,41.724426,44.977432,87.533768,83.914047,22.866558,23.920801,18.260000,16.108245,81.760002,50.877094,63.357128
2023-08-15,390.321106,359.756958,41.143024,44.537823,87.542480,83.753342,22.795378,23.903618,18.200001,15.977830,81.449997,50.248871,63.214672
2023-08-16,387.434540,355.947540,40.815983,44.153160,87.559906,83.431847,22.746441,23.912207,18.110001,15.721175,81.089996,49.857368,63.036541
2023-08-17,384.298523,352.059509,40.543461,44.272224,87.594810,83.324722,22.728645,23.912207,18.080000,14.605299,81.120003,49.638855,62.974224
2023-08-18,384.653320,351.617676,40.543461,43.988308,87.603531,83.574745,22.759787,23.920801,18.070000,14.268441,81.080002,49.556915,63.107784
2023-08-19,,,,,,,,,,14.293993,,,
2023-08-20,,,,,,,,,,14.345140,,,
2023-08-21,387.194733,357.282745,40.670639,44.125683,87.612213,83.056839,22.693050,24.058277,18.120001,14.309294,81.226997,49.702579,62.805008
2023-08-22,386.111023,356.772186,40.579792,44.043259,87.620956,83.092575,22.737543,23.989538,18.150000,14.258636,81.180000,49.611542,62.885162
2023-08-23,390.273224,362.398041,41.015839,44.711830,87.647102,83.994415,22.946632,23.731771,18.350000,14.477725,81.440002,50.203346,63.455074
2023-08-24,385.084869,354.651459,40.498032,44.565296,87.681976,83.681892,22.848763,23.783327,18.340000,14.330236,81.290001,49.647957,63.303684
2023-08-25,387.635864,357.400543,40.752392,44.620247,87.690689,83.655075,22.839865,23.877836,18.320000,14.267407,81.378998,49.911991,63.303684
2023-08-26,,,,,,,,,,14.245932,,,
2023-08-27,,,,,,,,,,14.290426,,,
2023-08-28,390.186890,360.090790,41.179356,45.032379,87.708145,83.887260,22.848763,23.843470,18.370001,14.299440,81.508003,50.376335,63.419437
2023-08-29,395.729980,367.955048,41.706249,45.618526,87.725601,84.485497,22.955524,23.714586,18.540001,15.187463,81.660004,51.022774,63.811279
2023-08-30,397.379547,370.007050,41.697166,45.471989,87.725601,84.476555,22.928835,23.834879,18.590000,14.951864,81.658997,51.004562,63.784523
2023-08-31,396.871246,371.116608,41.560902,44.931637,87.769157,84.646202,22.973326,23.731771,18.570000,14.203762,81.660004,50.713215,63.891422
2023-09-01,397.715179,370.723877,41.624493,45.444511,87.796310,84.128815,22.857746,23.817696,18.559999,14.132145,81.640999,50.922623,63.584240
2023-09-02,,,,,,,,,,14.169433,,,
2023-09-03,,,,,,,,,,14.224627,,,
2023-09-04,,,,,,,,,,14.138549,,,
2023-09-05,395.979370,371.195099,41.252029,45.133121,87.805069,83.618530,22.817574,24.041094,18.430000,14.120784,81.699997,50.485596,63.236004
2023-09-06,393.246124,367.925659,41.088509,44.885845,87.822578,83.403717,22.781874,24.066870,18.340000,14.106134,81.664001,50.312611,63.164558
2023-09-07,392.076141,365.294342,40.924992,44.446236,87.866356,83.690155,22.857746,23.903618,18.370001,14.372862,81.661003,50.030357,63.378895
2023-09-08,392.613190,365.804962,40.870499,44.528660,87.875130,83.708061,22.911291,24.015314,18.360001,14.189620,81.712997,50.003048,63.396721
2023-09-09,,,,,,,,,,14.184155,,,
2023-09-10,,,,,,,,,,14.149400,,,
2023-09-11,395.192963,370.115051,41.333790,45.050697,87.883858,83.564835,22.893442,24.084057,18.389999,13.782647,81.783997,50.567543,63.298485
2023-09-12,393.073578,366.011108,41.152107,44.885845,87.892632,83.681213,22.897905,24.144199,18.299999,14.150012,81.766998,50.358128,63.343140
2023-09-13,393.533875,367.405273,41.070343,44.830894,87.918892,83.779671,22.933609,24.118422,18.270000,14.366360,81.836998,50.248871,63.441387
2023-09-14,396.938416,370.409637,41.624493,45.142277,87.945183,83.591705,22.897905,24.273079,18.260000,14.536899,81.871002,50.804253,63.334225
2023-09-15,391.989777,364.067139,41.533646,44.959114,87.962669,83.332085,22.839891,24.324638,18.400000,14.574704,81.921997,50.685898,63.209213
2023-09-16,,,,,,,,,,14.552569,,,
2023-09-17,,,,,,,,,,14.533894,,,
2023-09-18,392.421356,364.446655,41.378159,44.894997,87.971451,83.412682,22.888983,24.324638,18.490000,14.654449,81.879997,50.507408,63.271721
2023-09-19,391.635040,363.669891,41.387306,44.638561,87.980202,83.108299,22.826498,24.401964,18.490000,14.904677,81.877998,50.470791,63.137779
2023-09-20,387.971527,358.429291,41.250111,44.482868,88.006439,83.045654,22.786335,24.298859,18.490000,14.861345,81.769997,50.315201,63.057411
2023-09-21,381.613251,351.861176,40.564137,43.704399,88.032730,82.427971,22.656925,24.453520,18.370001,14.552213,81.301003,49.482250,62.664520
2023-09-22,380.692566,351.910339,40.609859,44.171482,88.050232,82.750221,22.737247,24.376194,18.430000,14.558751,81.169998,49.674465,62.923447
2023-09-23,,,,,,,,,,14.558654,,,
2023-09-24,,,,,,,,,,14.381971,,,
2023-09-25,382.275024,353.581818,40.454380,43.997471,88.067734,82.141502,22.567669,24.539442,18.320000,14.404787,81.439003,49.500557,62.459187
2023-09-26,376.664703,348.272400,39.878162,43.374691,88.067734,82.114647,22.509651,24.642550,18.170000,14.360294,81.010002,48.804905,62.396675
2023-09-27,376.750977,349.088501,39.786697,43.447956,88.094025,81.747627,22.478413,24.857357,17.959999,14.434495,81.004997,48.786610,62.173447
2023-09-28,378.948853,352.008667,40.115963,43.576180,88.120277,81.971428,22.585522,24.831575,17.860001,14.800841,81.235001,49.088661,62.334148
2023-09-29,378.043915,352.264374,39.987911,43.585339,88.146538,81.989326,22.531971,24.831575,17.690001,14.740685,81.299004,48.987980,62.307365
2023-09-30,,,,,,,,,,14.771465,,,
2023-10-01,,,,,,,,,,15.327881,,,
2023-10-02,378.014984,355.204193,39.365959,43.365532,88.157104,81.324265,22.397293,24.891727,17.500000,15.079773,81.321999,48.356403,61.879379
2023-10-03,372.932068,348.970490,38.872055,42.816017,88.165916,80.651115,22.245178,25.029200,17.440001,15.024557,80.919998,47.761452,61.377964
2023-10-04,375.675751,353.719543,38.890343,42.678646,88.183487,81.162720,22.348080,24.702694,17.440001,15.226901,81.250000,47.733982,61.780884
2023-10-05,375.358002,352.677277,39.247059,42.843498,88.236259,81.315277,22.312286,24.676918,17.410000,15.016852,81.277000,48.063496,61.825661
2023-10-06,379.834503,358.586578,39.658642,43.447956,88.245026,80.839592,22.231752,24.857357,17.500000,15.307531,81.644997,48.658463,61.583916
2023-10-07,,,,,,,,,,15.319714,,,
2023-10-08,,,,,,,,,,15.301227,,,
2023-10-09,382.366333,360.415344,39.631203,43.209835,88.253815,81.871742,22.446520,24.625364,17.820000,15.108744,81.800003,48.557781,62.210674
2023-10-10,384.339813,362.411377,40.134251,43.832619,88.253815,81.710190,22.455460,24.659733,17.799999,15.003217,81.878998,49.216812,62.147999
2023-10-11,385.966736,364.997223,40.308033,44.052418,88.271393,82.158943,22.562836,24.487886,17.920000,14.719651,81.953003,49.418179,62.434509
2023-10-12,383.646667,363.728882,39.960468,43.603653,88.315353,81.369141,22.406248,24.668322,17.879999,14.655828,82.019997,48.942204,61.897274
2023-10-13,381.625092,359.156830,39.603771,43.420479,88.315353,81.889694,22.558361,24.573812,18.440001,14.713656,81.917999,48.594387,62.183830
2023-10-14,,,,,,,,,,14.713290,,,
2023-10-15,,,,,,,,,,14.876487,,,
2023-10-16,385.620148,363.217590,39.914745,43.759346,88.341736,81.405029,22.495726,24.745657,18.360001,15.621315,82.147003,48.960526,61.861462
2023-10-17,385.629791,362.027863,39.923893,43.658604,88.350517,80.606247,22.388346,25.054977,18.389999,15.564504,82.167000,48.923901,61.458542
2023-10-18,380.469818,357.278839,39.247059,42.944241,88.368095,80.229279,22.343607,24.943275,18.660000,15.516628,81.999001,48.090965,61.189934
2023-10-19,377.244873,353.935883,38.926937,42.742748,88.403252,79.834358,22.334656,25.020609,18.879999,15.731050,81.800003,47.761452,60.921326
2023-10-20,372.547028,348.655823,38.561077,42.193245,88.420853,80.301102,22.383877,24.857357,18.940001,16.258604,81.589996,47.258026,61.145176
2023-10-21,,,,,,,,,,16.387577,,,
2023-10-22,,,,,,,,,,16.428923,,,
2023-10-23,371.892395,349.707977,38.579376,42.165771,88.438408,80.678070,22.397293,24.676918,18.879999,18.122727,81.519997,47.239719,61.377964
2023-10-24,374.674561,353.109894,38.771450,42.706123,88.447243,80.821663,22.410721,24.590998,18.870001,18.569297,81.842003,47.578381,61.583916
2023-10-25,369.389435,344.467255,38.433033,42.156605,88.447243,80.112595,22.321236,24.822983,18.940001,18.898650,81.459999,47.129879,61.118324
2023-10-26,364.855194,337.899231,38.149494,41.927647,88.499985,80.722931,22.437565,24.659733,18.990000,18.709037,81.109001,46.864433,61.530190
2023-10-27,363.237946,339.521545,38.030586,41.891010,88.499985,80.848595,22.473354,24.659733,19.200001,18.573829,80.915001,46.736282,61.530190
2023-10-28,,,,,,,,,,18.672298,,,
2023-10-29,,,,,,,,,,18.918183,,,
2023-10-30,367.608429,343.346405,38.551937,42.348938,88.517586,80.579308,22.433090,24.590998,19.100000,18.898400,81.503998,47.312939,61.377964
2023-10-31,369.832245,344.988342,38.634254,42.074181,88.535141,80.408783,22.379396,24.737066,18.980000,18.989006,81.752998,47.340405,61.360058
2023-11-01,373.904327,350.976318,39.027542,42.495480,88.550156,81.334908,22.582373,24.479298,18.920000,19.410479,82.120003,47.807213,61.955460
2023-11-02,381.008942,357.347656,39.905598,43.246471,88.585480,81.838921,22.672180,24.290266,19.000000,19.137149,82.464996,48.777454,62.314686
2023-11-03,384.532379,361.546082,40.417793,44.089054,88.594315,82.468925,22.797911,23.980944,19.059999,19.024359,82.595001,49.436485,62.682877
2023-11-04,,,,,,,,,,19.215999,,,
2023-11-05,,,,,,,,,,19.198011,,,
2023-11-06,385.273560,363.020935,40.289738,44.492031,88.611977,81.991936,22.726065,24.101234,18.910000,19.191446,82.589996,49.381565,62.413460
2023-11-07,386.361420,366.452423,39.987911,44.391285,88.611977,82.459923,22.815872,24.032499,18.840000,19.413935,82.610001,49.079514,62.727776
2023-11-08,386.679138,366.688446,39.896446,44.089054,88.629654,82.792961,22.847305,23.980944,18.639999,19.529900,82.600998,48.933056,62.925343
2023-11-09,383.762238,363.866547,39.878162,43.676922,88.673759,81.973923,22.649721,24.204346,18.730000,20.098373,82.650002,48.832371,62.458378
2023-11-10,389.750061,372.047028,40.088520,43.979153,88.673759,82.063934,22.663200,24.238712,18.520000,20.438435,82.766998,49.088661,62.575092
2023-11-11,,,,,,,,,,20.342077,,,
2023-11-12,,,,,,,,,,20.296324,,,
2023-11-13,389.355377,370.886841,40.143391,43.997471,88.682625,82.018944,22.640743,24.264488,18.620001,19.993880,82.745003,49.189354,62.557178
2023-11-14,396.835419,378.870758,41.231815,45.133121,88.717918,83.251945,22.838324,23.705994,18.780001,19.465465,82.790001,50.434185,63.320484
2023-11-15,397.701782,379.155853,41.195232,45.481148,88.717918,82.603943,22.735046,23.886433,18.740000,20.748793,82.785004,50.516563,62.970249
2023-11-16,398.260162,379.480377,41.103767,45.096493,88.762077,83.224968,22.815872,23.680218,18.950001,19.803493,82.799004,50.296879,63.347412
2023-11-17,398.847382,379.568848,41.615963,45.178917,88.779732,83.278946,22.838324,23.620071,18.950001,20.045548,82.800003,50.818623,63.437229
2023-11-18,,,,,,,,,,20.039533,,,
2023-11-19,,,,,,,,,,20.478189,,,
2023-11-20,401.850922,384.190063,41.798893,45.737587,88.788559,83.395981,22.905682,23.542740,18.920000,20.527711,82.800003,51.111523,63.527031
2023-11-21,400.801605,381.958130,41.634258,45.462830,88.815033,83.503975,22.856285,23.551334,19.120001,19.616736,82.783997,50.882690,63.616829
2023-11-22,402.534515,383.521423,41.716572,45.371246,88.850388,83.476967,22.883230,23.748957,19.040001,20.503272,82.832001,50.928455,63.670723
2023-11-23,,,,,,,,,,20.425099,,,
2023-11-24,402.755859,382.980682,41.990967,45.407879,88.876846,83.044937,22.784439,23.714586,19.150000,20.660989,82.832001,51.203045,63.365364
2023-11-25,,,,,,,,,,20.702898,,,
2023-11-26,,,,,,,,,,20.528896,,,
2023-11-27,402.053131,382.646332,41.881214,45.279655,88.876846,83.674942,22.860775,23.559925,19.260000,20.405680,82.841003,51.047447,63.751530
2023-11-28,402.447815,383.649200,41.954380,45.664318,88.885666,84.043983,22.950581,23.422449,19.520000,20.721682,82.844002,51.221359,64.020943
2023-11-29,402.187866,383.275635,42.054993,45.398716,88.912170,84.484978,23.040392,23.302158,19.559999,20.736693,82.820000,51.203045,64.353226
2023-11-30,403.747467,382.312012,42.036705,45.471989,88.938667,84.070976,23.004469,23.448229,19.469999,20.656862,82.867996,51.239662,64.146645
2023-12-01,406.115601,383.403473,42.466576,45.719265,88.967918,84.864204,23.125639,23.121723,19.809999,21.191461,82.918999,51.706482,64.669907
2023-12-02,,,,,,,,,,21.622853,,,
2023-12-03,,,,,,,,,,21.897851,,,
2023-12-04,404.074707,379.844116,42.091576,45.215546,88.976791,84.512260,23.035549,23.293568,19.389999,22.994271,82.906998,51.248821,64.408737
2023-12-05,403.949585,380.797882,41.954380,45.023220,88.994514,85.107849,23.148159,23.104536,19.320000,24.144831,82.896004,51.084061,64.822990
2023-12-06,402.264801,378.595428,42.036705,44.940792,88.994514,85.459801,23.188700,23.121723,19.389999,23.961774,82.900002,51.138977,65.012131
2023-12-07,405.412842,383.885223,42.237915,45.178917,89.038887,85.333443,23.157167,22.915506,19.410000,23.713219,82.961998,51.395271,64.994102
2023-12-08,407.136047,385.596069,42.338528,45.014061,89.047737,84.782982,23.134649,23.164684,19.160000,24.191911,82.963997,51.386108,64.678909
2023-12-09,,,,,,,,,,23.950566,,,
2023-12-10,,,,,,,,,,23.979988,,,
2023-12-11,408.714844,388.889862,42.457432,45.224709,89.065468,84.792038,23.076088,23.276386,18.950001,22.590987,82.935997,51.495953,64.687920
2023-12-12,410.746124,391.987152,42.466576,45.261341,89.074379,84.972488,23.071589,23.147501,18.930000,22.704036,82.922997,51.550869,64.877037
2023-12-13,416.339233,396.972076,43.152554,45.728424,89.083199,86.235893,23.373377,22.984245,19.350000,23.493069,82.942001,52.301434,65.705559
2023-12-14,417.561890,396.627960,43.527554,46.342045,89.132233,86.952728,23.630129,22.752256,19.480000,23.566045,83.010002,52.832325,66.200859
2023-12-15,416.926422,398.545258,43.079380,46.076450,89.141106,86.880318,23.601679,22.889730,19.290001,22.966697,83.008003,52.356358,66.101791
2023-12-16,,,,,,,,,,23.136694,,,
2023-12-17,,,,,,,,,,22.657172,,,
2023-12-18,419.284973,401.055664,43.227642,46.012344,89.150032,86.690254,23.529419,22.872549,19.370001,23.346711,82.970001,52.455772,65.966728
2023-12-19,421.836151,403.104797,43.644627,46.378681,89.176735,86.853165,23.529419,22.872549,19.520000,23.153351,83.007004,52.929596,66.092796
2023-12-20,415.747223,397.114777,43.190582,45.526058,89.185669,87.278580,23.633295,22.846771,19.400000,23.910179,83.120003,52.260666,66.308960
2023-12-21,419.797424,401.735413,43.922630,46.403893,89.239090,87.142822,23.597162,22.786623,19.549999,24.028986,83.000000,53.180458,66.299950
2023-12-22,420.773773,402.336334,44.024559,46.217125,89.248001,87.061363,23.538446,22.855364,19.639999,24.099507,83.050003,53.199032,66.255692
2023-12-23,,,,,,,,,,23.957993,,,
2023-12-24,,,,,,,,,,23.561742,,,
2023-12-25,,,,,,,,,,23.888757,,,
2023-12-26,422.523407,404.799347,44.219151,46.571987,89.256958,87.115639,23.565550,22.812399,19.770000,23.290218,83.054001,53.459167,66.318901
2023-12-27,423.296722,405.623413,44.469341,46.880169,89.265846,87.794464,23.673943,22.830084,19.870001,23.795485,83.199997,53.784351,66.743378
2023-12-28,423.364380,405.426270,44.395206,47.188347,89.319283,87.459572,23.592646,22.803560,19.760000,23.349075,83.139999,53.812222,66.580803
2023-12-29,422.233398,403.671692,44.385952,47.235035,89.328201,87.242378,23.574587,22.777033,19.740000,23.059619,83.108002,53.849388,66.427292
2023-12-30,,,,,,,,,,23.091114,,,
2023-12-31,,,,,,,,,,23.150426,,,
2024-01-01,,,,,,,,,,24.192311,,,
2024-01-02,419.536499,396.840668,43.894825,46.646702,89.346024,86.916527,23.542971,22.830084,19.680000,24.625376,82.839996,53.236195,66.147301
2024-01-03,416.423859,392.641479,43.542709,46.422569,89.354942,87.124695,23.574587,22.777033,19.520000,23.469754,82.670998,52.901718,66.201469
2024-01-04,415.109222,390.620789,43.644627,46.291828,89.399460,86.599747,23.461678,22.953871,19.540001,24.199207,82.650002,52.929596,65.903458
2024-01-05,415.640839,391.084076,43.672436,46.394558,89.408409,86.282951,23.380386,22.874296,19.530001,24.189769,82.620003,52.966763,65.704742
2024-01-06,,,,,,,,,,24.094738,,,
2024-01-07,,,,,,,,,,24.069489,,,
2024-01-08,421.585846,399.166992,44.126488,46.525299,89.435097,86.572617,23.475224,23.015766,19.389999,25.727727,82.800003,53.403431,65.993759
2024-01-09,420.561157,399.955566,43.728027,45.880932,89.444016,86.536392,23.443615,23.042294,19.400000,25.272677,82.883003,52.883141,65.984711
2024-01-10,423.335449,402.666290,43.968956,45.778202,89.461838,86.400620,23.416515,23.254503,19.340000,25.540001,82.989998,53.115414,65.867332
2024-01-11,423.190430,403.504150,43.922630,46.002331,89.515312,86.862236,23.538446,23.059978,19.379999,25.540001,83.040001,53.143284,66.210495
2024-01-12,423.383728,403.711151,44.080151,46.179768,89.524200,87.097572,23.642324,23.068821,19.570000,23.959999,83.057999,53.329105,66.346016
2024-01-16,421.943451,403.671692,43.292507,45.068466,89.533104,86.391571,23.511360,23.210295,19.389999,23.719999,83.053001,52.362865,65.876358
2024-01-17,419.594482,401.394714,42.819931,44.452110,89.542007,86.110977,23.448133,23.254503,19.170000,23.400000,82.849998,51.786835,65.722816
2024-01-18,423.325775,407.092133,43.209110,44.741611,89.577660,85.920914,23.452644,23.289869,19.330000,22.340000,83.250999,52.177048,65.632492
2024-01-19,428.507050,415.165192,43.348110,45.199203,89.604378,85.929970,23.461678,23.325239,19.389999,22.730000,83.320000,52.437195,65.632492
2024-01-22,429.483337,415.707367,43.459305,44.844334,89.613281,86.192451,23.479746,23.413660,19.309999,21.969999,83.279999,52.409317,65.740898
2024-01-23,430.759338,417.432343,43.385170,45.180531,89.631096,85.975227,23.407484,23.413660,19.389999,21.389999,83.279999,52.446484,65.587341
2024-01-24,431.117004,419.748779,43.653904,45.628788,89.640015,85.730858,23.357805,23.334082,19.230000,21.600000,83.287003,52.818111,65.451881
2024-01-25,433.543274,420.261353,43.765102,45.666142,89.684532,86.101913,23.434576,23.351765,19.309999,21.730000,83.349998,52.957470,65.758957
2024-01-26,433.282288,417.757629,43.950428,45.731514,89.684532,85.948090,23.411999,23.475550,19.309999,22.910000,83.339996,53.124699,65.659599
2024-01-29,436.433563,422.035706,44.209881,45.778202,89.693466,86.463997,23.493290,23.502081,19.430000,23.570000,83.335999,53.375561,65.921501
2024-01-30,436.124237,419.226349,44.154293,45.451347,89.720192,86.581657,23.506838,23.510921,19.459999,23.780001,83.357002,53.208324,66.038895
2024-01-31,429.019348,411.015289,43.904091,45.245899,89.720192,87.305695,23.646841,23.334082,19.450001,23.219999,83.400002,52.929596,66.318901
2024-02-01,434.664581,415.855194,44.367409,45.675480,89.772095,87.846489,23.687489,23.555130,19.650000,23.450001,83.540001,53.422009,66.719284
2024-02-02,439.130524,422.883423,44.052353,45.516720,89.781044,86.703255,23.461678,23.696604,19.459999,23.410000,83.509003,53.050381,66.121452
2024-02-05,437.525879,422.331390,43.765102,45.591431,89.798943,85.859444,23.339741,23.590500,19.370001,23.120001,83.510002,52.818111,65.596077
2024-02-06,438.888885,421.483673,44.033825,46.590668,89.807892,86.322174,23.416515,23.599342,19.459999,23.520000,83.489998,53.375561,65.904068
2024-02-07,442.494507,425.820801,44.061619,46.637363,89.825798,86.167961,23.366844,23.617027,19.450001,24.100000,83.464996,53.384850,65.777252
2024-02-08,442.794128,426.609375,43.987492,46.347862,89.852631,85.886673,23.344259,23.705442,19.430000,24.850000,83.510002,53.245487,65.605141
2024-02-09,445.307434,430.808594,44.145020,46.543976,89.879501,85.732430,23.312643,23.776180,19.350000,25.950001,83.509003,53.468464,65.550827
2024-02-12,445.104431,429.122986,44.256214,46.861488,89.879501,85.814079,23.321674,23.731970,19.320000,27.400000,83.518997,53.626404,65.568932
2024-02-13,438.830841,422.429901,43.468567,45.974312,89.897377,84.870476,23.177158,23.599342,19.040001,26.990000,83.680000,52.678745,64.998268
2024-02-14,443.006744,427.033264,44.006027,46.665382,89.915306,85.188042,23.267483,23.731970,19.030001,28.260000,83.598999,53.329105,65.242836
2024-02-15,446.003418,428.304871,44.497135,46.908184,89.960030,85.423943,23.308126,23.882288,19.170000,28.230000,83.606003,53.849388,65.424011
2024-02-16,443.722137,424.421112,44.534206,47.104298,89.968971,85.051956,23.285549,23.829231,19.230000,28.340000,83.625999,53.960873,65.215683
2024-02-20,441.286163,421.217499,44.691730,47.188347,89.986885,85.197128,23.290064,23.652391,19.360001,28.370001,83.570999,54.128109,65.297157
2024-02-21,441.730743,419.531921,44.719536,47.253712,89.995842,84.924942,23.258453,23.785027,19.350000,27.820000,83.606003,54.183857,65.116043
2024-02-22,451.010651,431.814056,45.192120,47.701973,90.031624,84.933983,23.235868,24.014914,19.360001,28.420000,83.787003,54.741306,65.143204
2024-02-23,451.213654,430.542450,45.266254,47.673954,90.058510,85.324135,23.294580,24.076809,19.469999,27.900000,83.815002,54.769176,65.378700
2024-02-26,449.560699,430.315735,45.164326,47.487179,90.067421,85.197128,23.285549,24.059126,19.440001,29.770000,83.779999,54.648392,65.260956
2024-02-27,450.391998,431.350769,45.247723,47.571228,90.085320,85.006584,23.253933,24.138706,19.400000,31.150000,83.739998,54.750599,65.161331
2024-02-28,449.696014,429.053955,45.006794,46.954872,90.094269,85.315056,23.326191,24.085653,19.450001,32.970001,83.819000,54.351093,65.306236
2024-02-29,451.358673,432.730713,45.108723,47.010906,90.121124,85.487450,23.389421,24.182915,19.530001,33.830002,83.816002,54.471870,65.414955
2024-03-01,455.708588,439.246338,45.590572,47.599247,90.148064,85.877754,23.479746,24.377438,19.910000,34.430000,83.855003,55.094357,65.689247
2024-03-04,455.167267,437.678986,45.470112,47.440491,90.157074,85.686661,23.466194,24.430490,20.240000,36.950001,83.862999,54.927120,65.534843
2024-03-05,450.604706,429.822876,45.358921,47.076279,90.166046,86.214325,23.565550,24.209440,20.360001,33.810001,83.910004,54.722721,65.889069
2024-03-06,452.992310,432.523773,45.905632,47.739326,90.184021,86.423561,23.583618,24.306704,20.530001,36.599998,83.862999,55.428822,66.007164
2024-03-07,457.477631,439.088593,46.433815,48.028824,90.228943,86.569115,23.574587,24.386282,20.639999,36.959999,83.864998,55.958393,66.116173
2024-03-08,454.703308,432.750397,46.304081,47.944778,90.237953,86.632797,23.583618,24.094496,20.820000,37.849998,83.946999,55.800457,66.179749
2024-03-11,454.326324,431.143707,46.072426,48.047504,90.255928,86.523628,23.547487,23.979546,20.850000,39.360001,83.989998,55.614639,66.152489
2024-03-12,459.188507,437.324158,46.424549,48.523773,90.264885,86.168831,23.502323,24.059126,20.620001,38.990002,84.010002,56.069881,65.952660
2024-03-13,458.492554,433.962860,46.433815,48.299648,90.273888,85.977806,23.466194,24.359758,20.760000,40.160000,83.900002,55.986271,65.843674
2024-03-14,457.487244,432.868744,46.128021,48.038162,90.309830,85.340996,23.330702,24.448175,20.690001,37.830002,84.010002,55.633224,65.453072
2024-03-15,454.335999,427.723236,46.087948,47.767345,90.327805,85.195442,23.317162,24.563122,20.629999,37.709999,84.003998,55.571667,65.416763
2024-03-18,457.177917,431.802643,46.097263,47.860725,90.336792,85.095375,23.290064,24.713436,20.639999,36.500000,84.044998,55.580990,65.334991
2024-03-19,459.739471,432.878510,46.171829,47.664619,90.354759,85.340996,23.330702,24.907961,20.620001,35.139999,84.000000,55.599644,65.507584
2024-03-20,463.751099,438.010956,46.675114,48.187584,90.363754,85.541145,23.411999,25.093639,20.860001,35.939999,84.140999,56.196491,65.625664
2024-03-21,465.297791,440.083771,46.703079,48.234283,90.399681,85.550217,23.452644,25.243958,20.860001,35.549999,84.168999,56.205814,65.680153
2024-03-22,464.689758,440.587128,46.544632,47.935444,90.417641,85.968697,23.542971,25.146692,20.690001,34.840000,84.180000,55.991322,65.898170
2024-03-25,463.487183,438.988159,46.479393,47.991470,90.435631,85.741249,23.461678,25.173220,20.760000,38.799999,84.188004,55.944695,65.771011
2024-03-26,462.187744,437.566833,46.544632,47.879406,90.444618,85.868622,23.479746,25.108315,20.809999,37.910000,84.250000,55.944695,65.825493
2024-03-27,466.221924,439.057251,46.852200,48.000809,90.489555,86.196121,23.556519,25.143879,20.959999,37.459999,84.230003,56.252441,66.052574
2024-03-28,466.163757,438.247864,46.758995,48.187584,90.498535,86.114250,23.556519,25.499521,21.240000,38.709999,84.300003,56.233791,65.970833
2024-04-01,465.552856,439.175690,46.572594,48.271629,90.525612,85.335098,23.405453,25.757360,21.450001,38.070000,84.264000,56.131207,65.520760
2024-04-02,462.507782,435.385529,46.283669,48.411709,90.543694,85.152603,23.409981,25.668451,21.780001,35.970001,84.220001,55.898071,65.447891
2024-04-03,462.924744,436.362640,46.535305,48.495762,90.552681,85.252968,23.405453,25.686232,21.969999,35.919998,84.176003,56.140537,65.493462
2024-04-04,457.222565,429.690430,46.162506,48.308983,90.597824,85.544930,23.500433,25.383938,21.850000,37.380001,84.049004,55.758179,65.630081
2024-04-05,462.081085,434.753845,46.330265,48.430389,90.606850,84.979233,23.396410,25.748470,22.209999,36.730000,84.300003,55.963345,65.302132
2024-04-08,462.265289,434.882141,46.553951,48.747902,90.624908,84.787636,23.391888,25.890726,22.360001,39.180000,84.283997,56.243118,65.247482
2024-04-09,462.837433,436.490967,46.563274,49.074757,90.633904,85.125221,23.446159,25.739580,22.480000,37.639999,84.209999,56.392326,65.484337
2024-04-10,458.357208,432.681061,45.864262,48.402374,90.652000,83.993881,23.224543,26.228590,22.260000,38.250000,84.061996,55.599644,64.719078
2024-04-11,461.664062,439.590271,46.032032,48.710548,90.688110,83.875259,23.210978,26.388630,22.690001,38.430000,84.309998,55.795490,64.719078
2024-04-12,455.370392,432.582367,45.230495,47.636600,90.697105,84.221962,23.296913,26.024092,22.389999,36.470001,83.834999,54.825611,64.864845
2024-04-15,449.590515,425.465973,45.072056,47.328430,90.715157,83.683662,23.210978,26.353060,22.809999,34.509998,83.788002,54.573822,64.436661
2024-04-16,448.785645,425.505463,44.596725,46.730751,90.715157,83.355202,23.138609,26.290823,22.850000,34.220001,83.690002,53.958328,64.272682
2024-04-17,446.079987,420.313690,44.624687,46.712070,90.742264,83.884369,23.210978,25.890726,22.680000,33.259998,83.574997,53.995628,64.582436
2024-04-18,445.061829,417.915253,44.578083,46.945534,90.769325,83.592422,23.174797,25.979633,22.750000,34.680000,83.459999,54.004951,64.409332
2024-04-19,441.337891,409.268921,44.606052,46.721405,90.796410,83.701912,23.210978,26.015202,22.830000,35.110001,83.480003,53.986301,64.491325
2024-04-22,445.168427,413.384796,45.090694,47.188347,90.805420,83.711044,23.188364,25.988527,22.270000,36.330002,83.430000,54.545849,64.518654
2024-04-23,450.783386,419.553680,45.547379,47.599247,90.814461,83.820503,23.238111,26.193020,22.200001,36.259998,83.489998,55.068077,64.637093
2024-04-24,450.453644,420.974976,45.416904,47.748665,90.823486,83.565041,23.192883,26.210804,22.170000,34.860001,83.429001,54.993477,64.473083
2024-04-25,448.591705,418.941711,45.221180,47.851395,90.868629,83.245728,23.161222,26.219696,22.290001,35.290001,83.419998,54.890888,64.290894
2024-04-26,453.081665,425.406708,45.556702,48.374355,90.886673,83.473816,23.215500,26.859850,22.370001,34.750000,83.418999,55.338528,64.436661
2024-04-29,454.662384,427.134003,45.808342,48.869312,90.886673,83.811394,23.274294,26.486431,22.320000,34.340000,83.431000,55.683578,64.627991
2024-04-30,447.476410,419.079895,45.165257,48.234283,90.895699,83.419067,23.170271,26.610901,21.889999,32.189999,83.306999,54.928196,64.381981
2024-05-01,446.021790,416.049713,45.109333,48.271629,90.930122,83.749413,23.205692,26.361954,22.070000,31.020000,83.290001,54.881565,64.614090
2024-05-02,450.182129,421.359924,45.771061,49.466980,90.966408,84.142899,23.287434,25.846273,22.010000,32.360001,83.311996,55.823463,64.869972
2024-05-03,455.767914,429.828552,46.190460,49.905895,90.984543,84.609627,23.391882,25.766251,22.000000,33.889999,83.510002,56.317715,65.198959
2024-05-06,460.364532,434.536682,46.553951,49.915241,90.993591,84.682823,23.414589,25.926291,22.230000,34.490002,83.636002,56.625469,65.262886
2024-05-07,461.023987,434.605804,46.619198,49.607056,90.993591,84.902435,23.410051,26.077440,22.120001,34.360001,83.760002,56.588161,65.390816
2024-05-08,461.043427,434.349121,46.572594,49.588383,91.020790,84.664528,23.387341,26.184132,22.049999,33.889999,83.760002,56.513554,65.235489
2024-05-09,463.690887,435.296692,46.917439,49.728466,91.047989,84.920761,23.460001,26.317499,22.400000,34.040001,83.989998,56.858612,65.409111
2024-05-10,464.263031,436.323181,46.936077,49.784500,91.075188,84.646225,23.423670,26.299711,22.590000,33.070000,84.050003,56.933212,65.226334
2024-05-13,464.292084,437.329956,46.926754,50.130024,91.084244,84.746872,23.432749,26.406408,22.330000,34.439999,84.042999,57.026470,65.281166
2024-05-14,466.493469,440.142975,47.252960,50.400852,91.084244,84.993950,23.482710,26.344172,22.520000,33.570000,84.178001,57.380848,65.473068
2024-05-15,472.176239,447.022491,47.728287,50.942493,91.102386,85.634506,23.605316,26.104115,22.799999,36.060001,84.269997,57.959045,65.893402
2024-05-16,471.274384,446.114471,47.458000,51.063896,91.147713,85.469795,23.578072,26.175243,22.719999,35.529999,84.300003,57.763195,65.783752
2024-05-17,471.972656,445.897308,47.625763,51.316040,91.156776,85.204407,23.546288,26.415300,23.100000,36.619999,84.280998,58.014999,65.619270
2024-05-20,472.438141,449.006409,47.644402,51.147945,91.165840,85.076317,23.532661,26.584229,23.190001,38.259998,84.290001,58.014999,65.555321
2024-05-21,473.708496,449.884888,47.569843,50.830433,91.183937,85.295921,23.596237,26.530884,23.150000,37.750000,84.283997,57.847134,65.692383
2024-05-22,472.331421,449.796021,47.122478,50.662334,91.193024,85.186111,23.578072,26.397516,22.730000,37.964001,84.313004,57.408821,65.610153
2024-05-23,468.820923,447.772644,46.861511,50.279449,91.256485,84.884140,23.491789,26.335281,22.290001,36.630001,84.359001,57.026470,65.418243
2024-05-24,472.011414,452.006989,47.243641,50.447544,91.265526,84.993950,23.514500,26.388630,22.299999,37.720001,84.415001,57.483433,65.491348
2024-05-28,472.389648,453.714539,47.252960,50.391510,91.274628,84.518120,23.446379,26.673140,22.540001,37.310001,84.396004,57.464767,65.180656
2024-05-29,469.063324,450.516541,46.442112,49.691105,91.274628,84.106300,23.396421,26.593121,22.330000,36.650002,84.360001,56.504227,64.943100
2024-05-30,465.911621,445.690033,46.861511,49.532356,91.292725,84.527275,23.487253,26.397516,22.370001,37.470001,84.120003,56.858612,65.226334
2024-05-31,469.965210,444.860962,47.271599,49.112110,91.328987,84.920761,23.578072,26.353060,22.230000,36.849998,84.311996,57.138378,65.463943
2024-06-03,470.479156,447.249542,47.392765,49.625740,91.347221,85.476944,23.669870,26.113005,22.440001,37.759998,84.350998,57.380848,65.829659
2024-06-04,471.051392,448.473450,47.252960,48.915997,91.365425,85.945045,23.742937,25.686232,22.240000,38.450001,84.371002,57.007820,66.077133
2024-06-05,476.685638,457.514557,47.579166,49.672436,91.383636,86.257095,23.806870,25.970745,22.490000,38.889999,84.510002,57.520737,66.260452
2024-06-06,476.578918,457.356689,47.700325,49.943256,91.383636,86.220390,23.788603,26.032982,22.660000,38.430000,84.559998,57.707249,66.269608
2024-06-07,475.958344,456.951965,47.113159,49.448307,91.420052,85.311737,23.605932,26.246368,21.870001,37.720001,84.667999,57.054443,65.737999
2024-06-10,477.519653,458.797668,47.178394,49.700451,91.438232,85.128181,23.564833,26.477539,22.059999,37.869999,84.724998,57.203659,65.637154
2024-06-11,478.605774,461.946289,46.647152,49.576935,91.456467,85.577904,23.633327,26.406408,22.110001,36.740002,84.697998,56.690742,65.902985
2024-06-12,482.591492,467.996765,47.215683,50.048378,91.474670,86.055176,23.660732,26.317499,22.180000,36.779999,84.697998,57.287590,66.205460
2024-06-13,483.503021,470.533356,46.553951,49.963516,91.483788,86.624222,23.752066,26.139673,22.010000,36.270000,84.705002,56.690742,66.498756
2024-06-14,483.890991,472.971375,46.134544,50.057804,91.529297,86.826134,23.774906,26.139673,22.280001,35.689999,84.742996,56.373672,66.599586
2024-06-17,487.731201,478.765198,46.302311,50.387814,91.538391,86.422302,23.742937,26.388630,22.160000,36.360001,84.757004,56.569515,66.352127
2024-06-18,489.030762,478.913208,46.488716,50.812111,91.565712,86.798599,23.847973,26.388630,22.250000,35.090000,84.790001,56.830635,66.581261
2024-06-20,487.673035,475.221741,46.488716,50.689537,91.574829,86.578331,23.852545,26.717596,22.540001,35.470001,84.795998,56.793335,66.452919
2024-06-21,486.606293,473.948486,46.179222,50.538673,91.611244,86.596680,23.816006,26.637575,22.180000,35.020000,84.855003,56.458675,66.471260
2024-06-24,485.297089,468.552765,46.583714,50.529243,91.620346,86.670120,23.829706,26.744267,22.280001,32.320000,84.849998,56.872292,66.507919
2024-06-25,487.314240,473.910980,46.649570,50.416100,91.638565,86.743538,23.857109,26.682030,22.170000,33.799999,84.889999,56.872292,66.544579
2024-06-26,487.857300,474.889618,46.339130,50.293526,91.647659,86.220390,23.788603,26.833178,21.969999,33.230000,84.877998,56.533875,66.232956
2024-06-27,488.613739,476.115509,46.452019,50.350101,91.656769,86.413124,23.834272,26.863665,22.209999,33.480000,84.919998,56.637276,66.352127
2024-06-28,486.729645,473.644012,46.489651,50.472675,91.693184,85.954231,23.752066,26.953327,22.219999,32.689999,84.870003,56.684284,66.040504
2024-07-01,487.848785,476.421967,46.527279,50.576393,91.728836,85.314369,23.669472,27.392687,22.280001,34.439999,84.935997,56.750088,65.691994
2024-07-02,491.011719,481.424194,46.630756,50.717823,91.738007,85.636612,23.715359,27.303024,22.260000,33.709999,85.081001,56.966290,65.885094
2024-07-03,493.230621,485.437927,47.185772,51.415562,91.765434,86.207390,23.807137,27.311987,22.520000,32.950001,85.154999,57.643124,66.262062
2024-07-05,496.179443,490.499512,47.486797,51.660709,91.802002,86.686111,23.912687,27.276121,22.830000,30.820000,85.232002,57.934536,66.565460
2024-07-08,496.656250,491.666046,47.279842,51.670135,91.820305,86.713715,23.912687,27.141628,22.530001,30.790001,85.240997,57.765335,66.565460
2024-07-09,497.201294,492.091095,47.119923,51.849285,91.820305,86.594063,23.862202,27.258190,22.570000,31.559999,85.214996,57.661926,66.537888
2024-07-10,501.989441,497.221893,47.778427,52.094437,91.838570,86.676895,23.917271,27.419588,22.670000,31.260000,85.266998,58.338753,66.593018
2024-07-11,497.687866,486.317719,47.966560,52.405594,91.856880,87.229294,23.986101,27.042997,23.059999,31.260000,85.290001,58.611362,66.924034
2024-07-12,500.763184,489.174805,48.446316,52.603596,91.902596,87.413414,24.018230,26.989197,23.059999,31.420000,85.281998,59.118980,67.098717
2024-07-15,502.281494,490.489624,48.079449,52.103867,91.902596,87.137230,24.004459,27.007130,23.129999,34.580002,85.264999,58.630165,66.887245
2024-07-16,505.132904,490.677429,48.361660,52.405594,91.920883,87.523872,24.087059,27.168526,23.590000,35.540001,85.330002,58.959179,67.144669
2024-07-17,498.077179,476.273621,48.088848,51.575855,91.930031,87.597534,24.096235,26.693306,23.480000,35.240002,85.348000,58.507957,67.209038
2024-07-18,494.330292,474.019684,47.618492,51.094978,91.948326,87.348953,24.036581,26.711237,23.320000,34.660000,85.400002,57.943939,67.034348
2024-07-19,491.031158,469.818146,47.336285,50.585823,91.984886,87.072777,23.976923,26.603636,22.910000,36.650002,85.459999,57.558521,66.859680
2024-07-22,496.130798,476.817352,47.797234,50.981831,92.003189,86.989906,23.944803,26.756067,22.910000,37.209999,85.410004,58.084942,66.832085
2024-07-23,495.303497,475.136780,47.552643,50.453812,92.012329,87.054367,23.940212,26.531904,22.990000,35.730000,85.385002,57.737122,66.841301
2024-07-24,483.965729,458.093445,46.960003,49.888084,92.021461,86.861023,23.871384,26.209110,22.920000,35.779999,85.482002,57.013298,66.648216
2024-07-25,481.522919,453.041779,46.668388,49.680649,92.039787,87.054367,23.926451,26.047712,22.549999,35.250000,85.330002,56.731285,66.795296
2024-07-26,486.924225,457.688110,47.279842,50.189804,92.067192,87.468643,23.990692,26.119440,22.790001,37.110001,85.347000,57.445721,67.061935
2024-07-29,487.284363,458.607544,47.091702,50.001228,92.094627,87.615952,24.027405,26.038746,22.770000,36.669998,85.347000,57.201305,67.144669
2024-07-30,484.734497,452.310181,47.195179,49.831509,92.094627,87.800049,24.041172,25.931145,22.990000,35.919998,85.299004,57.229507,67.227432
2024-07-31,492.374237,465.695709,47.891304,50.859253,92.103783,88.444496,24.178833,25.949081,23.410000,35.549999,85.476997,58.169548,67.595192
2024-08-01,485.659058,454.415924,46.668388,50.048378,92.134094,88.822189,24.200939,25.482821,23.320000,34.509998,85.375999,56.853493,67.847893
2024-08-02,476.783417,443.630341,45.849976,49.322353,92.180016,90.198036,24.316051,24.639969,23.290001,34.060001,85.629997,55.885258,68.622559
2024-08-05,462.467560,430.403015,44.777573,47.823166,92.189209,90.290405,24.385115,24.048182,23.000000,29.150000,87.295998,54.550400,68.557991
2024-08-06,467.080566,434.515564,44.852825,48.021172,92.207581,89.487045,24.260794,24.110943,22.799999,30.930000,86.000000,54.719608,68.133766
2024-08-07,463.839752,429.809845,45.069183,48.407753,92.207581,89.163834,24.177914,24.173712,22.790001,29.830000,86.190002,55.029823,67.967773
2024-08-08,474.661835,442.958160,45.840569,49.473217,92.235130,88.896065,24.154888,24.478573,23.150000,32.389999,85.989998,56.054459,67.866325
2024-08-09,476.695801,445.271454,46.000488,49.737225,92.262703,89.256172,24.219357,24.496508,23.200001,33.070000,85.489998,56.242474,68.106102
2024-08-12,476.939117,446.230408,46.019299,49.888084,92.281059,89.505501,24.283815,24.631002,23.600000,32.160000,85.620003,56.289474,68.225990
2024-08-13,484.861053,457.302612,46.771866,50.406670,92.299431,89.902557,24.334465,24.747568,23.559999,33.180000,85.639999,57.116707,68.484222
2024-08-14,486.408386,457.450928,46.950596,50.161522,92.317810,90.022614,24.316051,24.765503,23.370001,32.099998,85.644997,57.135506,68.613319
2024-08-15,494.758514,469.007568,47.524426,50.698963,92.326996,89.459328,24.265402,25.025532,23.450001,31.090000,85.702003,57.840530,68.327438
2024-08-16,495.799866,469.610535,47.806637,51.283554,92.363731,89.634781,24.265402,25.115194,23.959999,32.529999,85.712997,58.216549,68.474991
2024-08-19,500.568573,475.779327,48.361660,51.830433,92.372940,89.754814,24.274612,25.195894,23.930000,32.160000,85.710999,58.874573,68.557991
2024-08-20,499.741333,474.780884,48.229958,51.424988,92.382103,90.114952,24.380510,25.061394,24.020000,32.430000,85.758003,58.592560,68.760902
2024-08-21,501.493164,476.995331,48.653278,51.670135,92.409660,90.299629,24.421953,25.043463,23.990000,33.580002,85.750000,59.071983,68.908455
2024-08-22,497.434845,469.432648,48.314621,51.057262,92.409660,89.884094,24.348278,25.070362,23.700001,32.860001,85.801003,58.601959,68.631767
2024-08-23,502.816711,474.523895,49.245918,51.887001,92.446419,90.299629,24.481806,25.034496,23.980000,34.709999,85.764999,59.635994,68.936111
2024-08-26,501.580688,469.916992,49.048367,51.424988,92.464775,90.188828,24.486416,25.061394,24.059999,34.500000,85.788002,59.353992,68.862328
2024-08-27,502.252228,471.320862,49.236511,51.556992,92.473953,90.151871,24.481806,25.007597,24.110001,33.860001,85.730003,59.560802,68.862328
2024-08-28,499.381287,465.972565,48.991936,51.179836,92.483139,90.105698,24.481806,24.998629,23.959999,32.080002,85.797997,59.250584,68.816216
2024-08-29,499.459167,465.290405,49.123631,51.217552,92.492340,89.948723,24.454180,25.079327,24.070000,32.259998,85.769997,59.400997,68.714760
2024-08-30,504.159698,470.836395,49.283546,51.349560,92.538269,89.634781,24.371307,25.151062,23.910000,31.950001,85.797997,59.570198,68.576424
2024-09-03,493.960510,456.541412,48.427502,50.406670,92.578880,90.225655,24.429895,24.971731,23.809999,31.610001,86.014000,58.564362,68.868721
2024-09-04,492.734283,455.355072,48.276993,50.397243,92.588089,90.753571,24.476038,24.917931,23.820000,31.639999,86.095001,58.442154,69.174004
2024-09-05,491.517700,455.780182,48.286407,50.434959,92.615768,90.966576,24.499104,24.944832,24.020000,30.520000,85.978996,58.536156,69.340515
2024-09-06,483.333160,443.571045,47.383320,49.529785,92.652687,91.096237,24.512945,24.738600,23.830000,29.139999,86.113998,57.455120,69.423767
2024-09-09,488.773346,449.275269,47.891304,49.963516,92.661888,91.225883,24.572926,24.846197,23.940001,31.150000,86.035004,58.047344,69.516258
2024-09-10,490.787781,453.427277,47.703156,49.822083,92.680351,91.614883,24.632902,24.935863,24.049999,31.570000,86.095001,57.812328,69.747536
2024-09-11,495.809570,463.273651,47.975964,50.142666,92.680351,91.550056,24.642138,24.962767,24.010000,31.410000,86.290001,58.141342,69.710541
2024-09-12,500.072296,467.821228,48.408695,50.548107,92.689575,91.401878,24.637522,25.025532,24.430000,31.809999,86.379997,58.667763,69.636520
2024-09-13,502.729034,469.916992,48.540390,50.783829,92.744934,91.577850,24.734411,25.097261,24.660000,32.570000,86.367996,58.827579,69.784531
2024-09-16,503.488159,467.840973,48.926075,51.019547,92.763382,91.818626,24.817457,25.177961,24.660000,31.570000,86.449997,59.212994,69.969551
2024-09-17,503.721832,468.088135,48.690899,51.038406,92.763382,91.651939,24.808226,25.133129,24.530001,32.660000,86.431000,59.024975,69.877037
2024-09-18,502.086761,466.061523,48.521576,50.859253,92.791054,91.253677,24.720568,25.016565,24.350000,32.730000,86.570000,58.827579,69.664276
2024-09-19,510.845612,477.845520,49.452869,51.896431,92.809517,91.179581,24.595995,25.267624,24.709999,34.470001,86.480003,59.974415,69.664276
2024-09-20,509.843170,476.936035,49.003864,51.764427,92.846436,91.151802,24.752865,25.357290,25.030001,34.230000,86.427002,59.551476,69.655006
2024-09-23,511.098724,478.200256,49.201962,52.160439,92.874115,91.096237,24.757475,25.357290,25.090000,34.509998,86.430000,59.863022,69.608765
2024-09-24,512.568237,480.506866,49.503807,53.829346,92.883331,91.198120,24.822071,25.500757,25.430000,35.020000,86.470001,60.693798,69.692032
2024-09-25,511.526917,480.952362,49.192528,53.207043,92.883331,90.827660,24.729792,25.464886,25.410000,34.430000,86.480003,60.231201,69.433006
2024-09-26,513.560913,484.565796,50.286739,55.036240,92.892563,90.762825,24.692884,25.581455,25.520000,35.270000,86.510002,61.713387,69.433006
2024-09-27,512.896118,481.873047,49.975449,54.894810,92.929459,91.124023,24.762091,25.482851,25.330000,35.799999,86.498001,61.439610,69.636520
2024-09-30,515.131653,483.179840,49.815098,54.131069,92.929459,90.873970,24.743635,25.446667,25.129999,34.590000,86.474998,61.118618,69.479286
2024-10-01,510.318787,476.447937,49.466080,54.461079,92.966530,91.204643,24.822098,25.473804,25.379999,33.639999,86.654999,60.958138,69.684303
2024-10-02,510.406586,477.121155,49.381180,55.403965,92.966530,90.944565,24.794407,25.500946,25.389999,32.790001,86.680000,61.175266,69.554428
2024-10-03,509.440216,476.764771,48.918972,54.696796,92.975792,90.480118,24.692863,25.220516,25.379999,33.240002,86.769997,60.533306,69.248260
2024-10-04,514.135986,482.437347,49.211388,55.187099,93.012863,89.607010,24.517475,25.130054,25.330000,34.000000,86.669998,60.995895,68.793663
2024-10-07,509.508484,477.269653,48.937836,55.545399,93.022118,89.281883,24.494398,24.940084,25.240000,34.529999,86.736000,60.873173,68.589546
2024-10-08,514.331055,484.397461,48.862366,54.310219,93.031403,89.356209,24.535938,24.931042,25.040001,33.910000,86.820999,60.297287,68.691597
2024-10-09,517.845642,488.208923,48.881233,54.017925,93.049911,89.021812,24.499016,24.931042,24.920000,33.230000,86.889999,60.231201,68.506042
2024-10-10,516.976868,487.654510,48.796341,54.140503,93.068466,89.012535,24.549782,24.858669,25.090000,32.500000,86.930000,60.174564,68.478203
2024-10-11,520.051941,488.416809,49.041599,54.517651,93.105522,89.040390,24.554398,24.985317,25.360001,34.410000,86.970001,60.523865,68.487488
2024-10-14,524.308289,492.515350,49.145359,54.338505,93.105522,88.882484,24.508244,24.994362,25.330000,35.950001,86.910004,60.561626,68.441086
2024-10-15,520.315552,485.931976,48.447327,53.235329,93.124054,89.337646,24.545172,24.921991,25.420000,36.520000,86.949997,59.598682,68.710152
2024-10-16,522.502258,485.991394,48.635990,53.735065,93.142593,89.476959,24.554398,25.003408,25.549999,36.910000,86.940002,59.900784,68.802910
2024-10-17,522.580383,486.327942,48.617119,53.593624,93.142593,89.012535,24.480553,24.894855,25.700001,36.389999,86.949997,59.806370,68.468933
2024-10-18,524.591492,489.515686,48.890675,54.046211,93.179642,89.114716,24.508244,25.012455,25.959999,37.380001,86.940002,60.287846,68.506042
2024-10-21,523.781067,490.456177,48.334133,53.744484,93.198174,88.427338,24.342085,24.813444,25.980000,36.919998,86.930000,59.693085,68.042160
2024-10-22,523.419922,490.990784,48.088871,53.584198,93.207458,88.343765,24.379015,24.804394,26.250000,36.740002,86.919998,59.457069,68.070000
2024-10-23,518.646118,483.466919,47.626663,53.282471,93.207458,88.139412,24.314392,24.569195,25.930000,36.160000,86.989998,58.928391,67.903008
2024-10-24,519.817566,487.387238,47.796455,53.169327,93.235252,88.334450,24.342085,24.659658,26.120001,37.189999,86.959999,59.051121,68.014328
2024-10-25,519.612610,490.357239,47.645531,53.112755,93.272301,88.139412,24.268242,24.614426,26.190001,36.369999,87.050003,58.890636,67.875175
2024-10-28,521.233093,490.436371,47.994545,53.301327,93.272301,87.935051,24.240549,24.704887,26.180000,37.970001,86.989998,59.287140,67.791672
2024-10-29,522.062927,495.148682,47.834183,53.141041,93.290871,87.972198,24.268242,24.777258,26.480000,39.520000,87.010002,59.079449,67.847328
2024-10-30,520.491211,491.406586,47.598366,52.679024,93.290871,87.842163,24.314392,24.596334,26.620001,39.130001,87.019997,58.730145,67.782379
2024-10-31,510.250427,479.002106,47.258785,52.443306,93.309387,87.795723,24.286697,24.361137,26.209999,38.080002,87.129997,58.390278,67.773109
2024-11-01,512.466492,482.546265,47.362545,52.575306,93.360542,87.275803,24.174885,24.397320,26.110001,37.669998,87.120003,58.456360,67.510674
2024-11-04,511.353668,481.140472,47.428574,52.745029,93.369858,87.741699,24.221092,24.306860,26.129999,36.599998,87.050003,58.635738,67.780563
2024-11-05,517.503967,487.278381,47.928524,53.433334,93.388481,87.788254,24.239569,24.379229,26.190001,37.799999,87.139999,59.277702,67.948090
2024-11-06,530.390259,500.514374,47.315384,52.792171,93.388481,86.884483,24.221092,24.460642,25.410000,41.540001,87.098000,58.560215,67.389687
2024-11-07,534.519775,508.394592,48.032276,53.951923,93.407066,87.583298,24.304256,24.695843,25.820000,41.700001,87.150002,59.570358,67.892242
2024-11-08,536.882202,508.988678,47.400276,52.641308,93.453590,87.769630,24.350464,24.623472,25.639999,41.830002,87.129997,58.579094,68.022530
2024-11-11,537.321594,508.691650,47.381409,52.235870,93.444283,87.527390,24.285780,24.551102,25.040001,47.410000,87.230003,58.503574,67.892242
2024-11-12,535.710754,507.770905,46.607910,51.330696,93.453590,86.977661,24.156401,24.514915,24.830000,48.830002,87.042000,57.540623,67.482727
2024-11-13,535.984131,507.117554,46.343792,50.944115,93.481506,86.921753,24.128675,24.523966,24.580000,48.880001,87.419998,57.247963,67.454826
2024-11-14,532.577026,503.593201,46.381523,50.689537,93.481506,86.912437,24.119436,24.397320,24.510000,47.669998,87.099998,57.181877,67.436211
2024-11-15,525.704407,491.594666,46.249466,50.670681,93.528023,86.949699,24.119436,24.379229,24.459999,49.849998,87.190002,57.030834,67.454826
2024-11-18,527.881226,495.010101,46.560745,51.208130,93.537323,87.145363,24.165644,24.388273,24.930000,49.919998,87.085999,57.399014,67.519981
2024-11-19,529.804565,498.415619,46.504147,51.236412,93.546638,87.331741,24.221092,24.379229,25.139999,50.470001,87.098000,57.417892,67.640961
2024-11-20,529.999817,498.128510,46.372086,51.179836,93.565254,87.201263,24.202606,24.478731,25.290001,51.430000,87.128998,57.276287,67.566498
2024-11-21,532.674683,499.920380,46.485279,51.057262,93.565254,87.154686,24.174885,24.542055,25.510000,53.509998,87.190002,57.304611,67.529282
2024-11-22,534.461121,500.722260,46.692806,51.113834,93.593163,87.210602,24.184128,24.650612,25.840000,54.099998,87.132004,57.502861,67.557175
2024-11-25,536.179260,501.514252,46.919205,51.170410,93.602470,88.151657,24.322744,24.542055,25.070000,51.700001,87.169998,57.691673,68.180733
2024-11-26,539.186157,504.207001,46.636208,51.000687,93.621071,87.965302,24.267298,24.623472,25.129999,49.529999,87.160004,57.399014,68.059746
2024-11-27,537.467896,500.237213,46.881470,51.019547,93.639679,88.319366,24.341223,24.469688,25.170000,52.680000,87.150002,57.653912,68.245888
2024-11-29,540.299011,504.632660,47.447441,51.208130,93.676926,88.692085,24.405918,24.614426,25.400000,52.930000,87.180000,58.258106,68.497177
2024-12-02,541.822021,510.127075,47.494602,51.330696,93.693710,88.684601,24.404058,24.713934,25.170000,52.150002,87.129997,58.371403,68.537308
2024-12-03,541.948975,511.691193,47.692696,51.453278,93.703072,88.432243,24.404058,24.695843,25.230000,52.130001,87.195000,58.616852,68.378624
2024-12-04,545.365845,518.017212,47.702129,51.575855,93.721733,88.768700,24.487444,24.777258,25.309999,53.950001,87.150002,58.626297,68.611992
2024-12-05,544.457886,516.581787,47.919083,51.905861,93.731079,88.759354,24.450382,24.614426,25.120001,53.959999,87.169998,58.985035,68.621323
2024-12-06,545.541565,521.204956,47.853050,51.802139,93.777771,89.039734,24.459650,24.741074,25.129999,55.330002,87.122002,58.881191,68.808029
2024-12-09,542.700562,517.146057,47.739861,52.763882,93.787109,88.731323,24.431856,24.750116,25.370001,52.400002,87.230003,59.202179,68.602669
2024-12-10,541.158142,515.383850,47.390846,51.962433,93.805794,88.572433,24.422590,24.732023,25.690001,52.500000,87.220001,58.560215,68.527985
2024-12-11,545.258423,524.610535,47.730427,52.226440,93.805794,88.310745,24.394793,24.876762,25.940001,55.220001,87.209999,58.918949,68.378624
2024-12-12,542.446838,521.224792,47.268211,51.924717,93.815117,87.974281,24.302143,24.768208,25.580000,54.509998,87.221001,58.390278,68.107895
2024-12-13,542.407715,525.214417,47.145588,51.952999,93.861816,87.563057,24.237295,24.560148,25.280001,55.400002,87.199997,58.248672,67.837189
2024-12-16,544.535889,532.777832,46.947498,51.736141,93.871155,87.591080,24.218756,24.551102,25.320000,57.650002,87.300003,58.050419,67.911880
2024-12-17,542.251587,530.431519,46.834301,51.546364,93.871155,87.591080,24.200232,24.560148,25.240000,58.139999,87.180000,57.842724,67.921211
2024-12-18,526.329163,511.295288,45.674053,50.351871,93.891800,86.914078,24.051989,24.343042,24.750000,54.779999,87.542999,56.464390,67.389099
2024-12-19,526.133850,509.018280,45.560863,50.583065,93.910530,86.520264,23.931543,24.279724,24.780001,52.410000,87.800003,56.464390,67.202408
2024-12-20,532.088928,513.463318,45.544586,50.746830,93.929306,86.839058,23.996681,24.297815,25.049999,52.509998,87.405998,56.536407,67.407776
2024-12-23,535.897583,518.465881,45.812664,51.035820,93.948044,86.454613,23.959461,24.361137,24.910000,50.639999,87.385002,56.862873,67.193069
2024-12-24,541.411438,525.496155,45.994576,51.180317,93.976158,86.501495,24.005981,24.451597,24.959999,53.849998,87.379997,57.045311,67.289536
2024-12-26,541.401672,525.139099,46.176479,51.006916,93.985535,86.567139,24.005981,24.388273,25.150000,52.000000,87.360001,57.160534,67.336357
2024-12-27,535.789917,518.158386,46.061592,50.804623,94.013664,86.342102,23.950153,24.361197,24.959999,51.419998,87.389999,57.035709,67.195892
2024-12-30,529.825562,511.266968,45.774368,50.390408,94.013664,86.848450,24.033895,24.286497,24.889999,51.330002,87.360001,56.651634,67.458107
2024-12-31,527.690491,506.923889,45.783943,50.303707,94.041771,86.689034,24.033895,24.426556,25.049999,50.849998,87.540001,56.584419,67.345734
2025-01-02,526.368530,505.932343,45.688202,50.217010,94.060532,86.735931,24.015287,24.603970,25.389999,53.000000,87.400002,56.488400,67.373825
2025-01-03,533.165283,514.212036,45.956280,50.669762,94.088646,86.595268,23.978071,24.594631,25.180000,53.570000,87.513000,56.786060,67.289536
2025-01-06,536.269897,520.121826,46.406261,50.814259,94.088646,86.510895,23.987375,24.510593,25.139999,55.660000,87.570000,57.227753,67.223976
2025-01-07,530.236816,510.840607,46.253075,50.467468,94.107391,86.117058,23.950153,24.585295,25.299999,52.450001,87.599998,56.968498,66.989853
2025-01-08,530.951904,510.929901,46.195637,50.207375,94.126160,86.267090,23.996681,24.734690,25.420000,51.110001,87.650002,56.843674,67.064766
2025-01-10,522.872192,502.917877,45.506290,49.311504,94.163635,85.638832,23.903631,24.996138,25.680000,51.590000,87.694000,55.912277,66.718254
2025-01-13,523.547974,501.301636,45.381821,48.964718,94.182388,85.488800,23.931543,25.070837,25.400000,50.980000,87.690002,55.701035,66.652695
2025-01-14,524.213928,500.825653,45.554169,49.494534,94.191757,85.516930,23.940851,24.874750,25.540001,52.520000,87.669998,56.008297,66.699524
2025-01-15,533.801758,512.347778,46.119038,50.101410,94.201126,86.417099,24.099028,24.902761,25.730000,54.220001,87.629997,56.670837,67.233345
2025-01-16,533.008606,508.758331,46.272232,50.072514,94.201126,86.623390,24.126942,24.874750,25.920000,54.680000,87.629997,56.853271,67.364464
2025-01-17,538.120789,517.345337,46.502018,50.457836,94.247986,86.689034,24.145552,24.958788,25.770000,57.080002,87.669998,57.131733,67.383202
2025-01-21,543.017639,520.379578,47.401981,50.978020,94.257401,86.979729,24.164162,24.697344,26.170000,57.820000,87.660004,58.111134,67.579857
2025-01-22,546.102539,527.033081,47.296669,50.987652,94.276123,86.754692,24.136250,24.753365,26.309999,56.820000,87.669998,57.986301,67.439384
2025-01-23,549.128784,528.153564,47.622196,51.180317,94.285522,86.529625,24.154856,24.818727,26.280001,56.230000,87.669998,58.360783,67.336357
2025-01-24,547.473694,525.168945,47.890274,51.392239,94.313629,86.707802,24.192074,24.631981,26.450001,57.080002,87.699997,58.648842,67.467484
2025-01-27,539.854309,509.878784,47.804104,50.467468,94.313629,87.270401,24.303734,24.463907,26.170000,55.150002,87.750000,58.303169,67.823364
2025-01-28,544.378906,517.414795,47.756237,50.843155,94.341751,87.279785,24.313036,24.641317,26.389999,55.070000,87.690002,58.370388,67.785896
2025-01-29,541.989197,516.442993,47.756237,50.862423,94.341751,87.176659,24.294426,24.622646,26.299999,56.779999,87.760002,58.379986,67.748436
2025-01-30,544.819702,518.644287,48.273239,51.661964,94.360489,87.364174,24.313036,24.688005,26.700001,57.049999,87.709999,59.080925,67.842079
2025-01-31,541.910889,517.890747,47.813683,51.045452,94.379257,87.223518,24.331644,24.716015,26.740000,55.259998,87.820000,58.495205,67.748436
2025-02-03,538.355835,513.745911,47.220078,50.737194,94.400879,87.285599,24.378168,24.762703,26.889999,55.119999,87.779999,57.909489,67.809509
2025-02-04,541.930481,520.052307,47.794529,51.594540,94.419716,87.501961,24.415386,24.650654,27.160000,53.759998,87.800003,58.648842,67.903473
2025-02-05,544.153748,522.412231,48.254089,51.488571,94.419716,88.009926,24.527042,24.585295,27.320000,52.970001,87.730003,59.032921,68.251114
2025-02-06,546.112488,525.139099,48.455154,51.719765,94.438515,87.906456,24.489824,24.622646,27.270000,52.799999,87.762001,59.292175,68.175941
2025-02-07,540.804260,518.515381,48.072178,51.671597,94.466743,87.614838,24.424692,24.716015,27.299999,52.169998,87.860001,58.908092,67.969238
2025-02-10,544.672729,524.792053,48.378551,52.230312,94.485550,87.596046,24.433998,24.940111,27.750000,52.990002,87.809998,59.378590,67.988014
2025-02-11,545.162415,523.542725,48.570038,51.989491,94.485550,87.370262,24.424692,24.949451,27.650000,51.869999,87.820000,59.484219,67.875282
2025-02-12,543.360352,523.850098,48.665787,52.268845,94.494972,86.768219,24.294426,25.005476,27.690001,52.820000,87.839996,59.647446,67.527634
2025-02-13,549.099426,531.386108,49.297688,52.567471,94.513771,87.417305,24.424692,24.930777,27.959999,52.419998,87.779999,60.290783,67.931664
2025-02-14,549.119141,533.617126,49.316833,52.923893,94.551414,87.784164,24.471210,24.678667,27.540001,53.000000,87.820000,60.406002,68.147758
2025-02-18,550.705566,534.826843,49.651924,53.270683,94.570221,87.313820,24.396782,25.052162,27.990000,51.250000,87.809998,60.761276,67.894081
2025-02-19,552.037476,534.975647,49.221092,53.164719,94.570221,87.454948,24.433998,24.930777,28.020000,52.349998,87.809998,60.357994,67.988014
2025-02-20,549.716553,532.704834,49.412579,53.675266,94.589066,87.633644,24.489824,24.790714,28.020000,53.650002,87.820000,60.722870,68.072571
2025-02-21,540.363586,521.648865,49.058331,53.482609,94.626671,88.151047,24.554955,24.529268,28.020000,51.630001,87.900002,60.329189,68.373253
2025-02-24,537.807434,515.491089,49.010460,52.721600,94.636101,88.339180,24.582869,24.482580,28.170000,51.150002,87.830002,60.031525,68.467224
2025-02-25,535.133667,508.996307,49.364704,52.750496,94.645500,89.035271,24.694529,24.230474,27.799999,47.919998,87.790001,60.367592,68.899437
2025-02-26,535.466675,510.225861,49.441299,53.212883,94.645500,89.279839,24.713137,24.239809,27.840000,45.889999,87.785004,60.550034,69.002769
2025-02-27,526.867798,496.056213,48.857269,52.162884,94.673714,89.176361,24.694529,24.211800,27.420000,45.360001,87.778999,59.743469,68.918228
2025-02-28,535.055420,503.889709,48.895561,51.478939,94.692551,89.665535,24.852703,24.146439,27.260000,45.840000,87.780998,59.580231,69.209488
2025-03-03,525.839539,492.863312,49.259388,51.064716,94.714256,89.991013,24.922527,23.987700,27.600000,46.790001,87.900002,59.781872,69.368744
2025-03-04,519.503113,491.375977,49.125347,51.440407,94.723686,89.707985,24.848053,23.800955,27.850000,47.259998,87.915001,59.810680,69.170860
2025-03-05,525.330383,497.781586,50.283825,52.972057,94.723686,89.207954,24.708406,23.772942,27.900000,49.250000,87.830002,61.308586,68.925819
2025-03-06,515.801086,484.087860,49.814690,52.644535,94.751984,89.160797,24.699091,23.651556,27.760000,48.470001,87.908997,60.818890,68.869278
2025-03-07,518.582520,487.647644,50.341274,52.875729,94.780296,89.047600,24.661852,23.688908,27.760000,47.330002,87.874001,61.337395,68.793884
2025-03-10,504.871399,468.748199,49.182793,51.671597,94.780296,89.670242,24.764265,23.240709,27.520000,42.990002,88.035004,59.945114,69.114304
2025-03-11,500.728729,467.627686,49.048756,52.028023,94.799179,89.349487,24.689783,23.231373,27.850000,45.209999,87.970001,59.897095,68.850433
2025-03-12,503.157562,472.902893,49.412579,52.317013,94.799179,89.085342,24.680471,23.427460,27.980000,45.119999,87.808998,60.309975,68.709084
2025-03-13,496.585968,464.395142,49.039177,52.066551,94.827484,89.443840,24.708406,23.446136,28.469999,43.610001,87.800003,59.945114,68.916397
2025-03-14,506.781189,475.619812,49.977455,53.010586,94.855804,89.132523,24.633924,23.670233,28.480000,46.080002,87.940002,61.010929,68.746773
2025-03-17,510.649597,478.703583,50.571053,53.887196,94.865234,89.207954,24.661852,23.763601,28.639999,45.990002,87.926003,61.807892,68.841019
2025-03-18,505.263153,470.542938,50.504040,53.646370,94.874680,89.311760,24.689783,23.828966,28.969999,44.799999,87.910004,61.731079,68.916397
2025-03-19,510.571320,476.839447,50.733822,53.713799,94.893578,89.585335,24.810812,23.838306,29.090000,46.549999,88.029999,61.894310,69.123741
2025-03-20,509.396088,475.223206,50.341274,53.241783,94.893578,89.717415,24.838739,23.772942,29.049999,45.810001,87.904999,61.414207,69.151985
2025-03-21,509.523376,476.789825,50.064259,53.058754,94.921867,89.641937,24.820120,23.763601,28.809999,45.680000,87.989998,61.116619,69.095459
2025-03-24,518.464966,487.252716,50.131592,53.222515,94.940742,89.123085,24.727020,23.791616,28.680000,48.040001,87.910004,61.212929,68.793884
2025-03-25,519.699036,490.033234,50.400909,53.135818,94.950188,89.274017,24.782883,23.828966,28.809999,48.000000,88.014999,61.415173,68.878723
2025-03-26,513.636719,481.016327,49.794945,52.817932,94.969048,89.066467,24.745638,23.838306,28.799999,47.090000,87.970001,60.779549,68.727928
2025-03-27,512.223511,478.275482,49.852657,53.049122,94.978493,88.991013,24.792192,23.912590,29.180000,47.380001,88.160004,60.914375,68.699654
2025-03-28,501.992981,465.683533,49.285164,52.105083,95.006790,89.707985,24.931841,23.818558,29.389999,45.580002,88.120003,60.201698,69.095459
2025-03-31,505.049316,465.663666,48.890804,51.989491,95.006790,89.972130,25.034248,23.752733,29.820000,44.880001,87.952003,59.806839,69.217957
2025-04-01,506.906769,469.417419,49.063934,52.220680,95.031425,90.288223,25.042654,23.799749,29.750000,46.270000,88.040001,59.980194,69.435417
2025-04-02,509.963104,472.843445,49.198605,52.278481,95.040909,90.203064,25.014624,23.733925,29.809999,47.330002,87.940002,60.134285,69.378700
2025-04-03,485.639893,447.530487,48.169418,51.209213,95.059830,91.130547,25.164133,23.508247,29.639999,44.590000,88.680000,58.930443,69.737953
2025-04-04,457.493683,419.734802,45.120350,48.415634,95.088249,91.386078,25.089378,23.226151,28.959999,45.689999,90.430000,55.328552,69.794716
2025-04-07,455.567474,420.747742,44.139263,46.700951,95.097710,90.297691,24.809050,23.179132,28.389999,42.430000,90.489998,53.826160,68.953247
2025-04-08,448.865082,413.170715,43.908424,45.988110,95.097710,89.843422,24.734293,23.141518,28.490000,41.750000,91.489998,53.489082,68.556160
2025-04-09,490.494720,462.763916,47.188332,49.167011,95.116669,89.559494,24.743641,23.602280,29.510000,44.770000,88.739998,57.302853,68.716873
2025-04-10,473.748535,443.081543,46.255333,48.309673,95.116669,89.001122,24.482002,23.470633,30.260000,43.299999,90.300003,56.272366,68.168472
2025-04-11,482.092102,451.244446,47.524982,49.764256,95.163986,88.499504,24.463310,23.555264,30.820000,45.650002,89.779999,57.813274,68.092865
2025-04-14,486.937134,454.303101,48.073235,50.226639,95.173477,89.209305,24.594133,23.451828,30.650000,46.220001,89.129997,58.448906,68.480492
2025-04-15,485.571075,454.809540,48.400265,50.188110,95.182938,89.474335,24.584787,23.564667,30.830000,45.740002,89.180000,58.766724,68.650696
2025-04-16,474.898346,441.095428,48.294456,49.619762,95.201889,89.862343,24.668888,23.649298,31.820000,45.919998,89.510002,58.458538,68.839783
2025-04-17,475.556824,441.015991,48.813858,50.062881,95.239784,89.606827,24.696918,23.630489,31.680000,46.230000,89.330002,59.055641,68.688515
2025-04-21,464.225616,430.102356,48.583008,50.043613,95.239784,89.124146,24.584787,23.611685,32.660000,47.570000,89.410004,58.843765,68.310310
2025-04-22,475.940094,441.393341,49.535248,50.794991,95.249245,89.190392,24.678236,23.771542,32.200001,49.799999,89.120003,59.932041,68.433228
2025-04-23,483.585938,451.403351,49.679523,51.315174,95.277649,89.285027,24.762329,23.743332,31.420000,50.889999,88.790001,60.201698,68.575035
2025-04-24,493.747681,464.104614,50.314339,51.970222,95.277649,89.767708,24.874462,23.818558,31.889999,50.959999,88.669998,60.972164,68.962692
2025-04-25,497.383850,469.278381,50.429764,51.787193,95.315529,90.108414,24.893147,23.931395,31.520000,51.930000,88.730003,61.020313,69.189613
2025-04-28,497.688538,469.129395,50.776028,51.922058,95.315529,90.468048,24.967903,23.809151,31.990000,51.590000,88.580002,61.376648,69.359787
2025-04-29,500.705597,472.227722,50.929924,52.114716,95.325005,90.780388,25.014624,23.743332,31.680000,51.880001,88.570000,61.569263,69.539436
2025-04-30,500.951263,472.168182,50.852970,52.182148,95.353409,90.922333,25.070688,23.752733,31.450001,51.230000,88.620003,61.501846,69.492149
2025-05-01,504.499023,478.335022,50.641373,52.153252,95.367676,90.526398,24.979631,23.592876,30.799999,52.590000,88.574997,61.347759,69.298653
2025-05-02,511.732208,485.435394,51.564747,53.665634,95.396172,89.918686,24.829439,23.564667,30.850000,52.810001,88.525002,62.628647,68.957176
2025-05-05,509.059082,482.555542,51.660931,54.099121,95.405663,89.757294,24.848209,23.621088,31.760000,51.310001,88.510002,62.859779,68.862335
2025-05-06,504.725067,478.066925,51.651310,53.829399,95.405663,89.985168,24.904533,23.865572,32.639999,51.680000,88.599998,62.753849,69.014099
2025-05-07,507.005096,479.943756,51.468563,53.212883,95.415169,90.222542,24.913923,23.780947,32.180000,52.380001,88.599998,62.387875,69.146904
2025-05-08,510.385803,484.899139,51.295433,53.145454,95.443680,89.519905,24.829439,23.696312,31.540001,55.150002,88.529999,62.224159,68.776985
2025-05-09,509.707672,484.581390,51.632076,53.492241,95.472183,89.586380,24.857597,23.799749,31.760000,56.180000,88.199997,62.570866,68.833878
2025-05-12,526.679871,504.323334,51.882153,54.667469,95.472183,89.016678,24.660467,23.677507,30.870001,55.430000,88.300003,63.187233,68.596764
2025-05-13,530.139221,512.009583,51.968719,54.792702,95.491180,88.950203,24.716784,23.696312,31.000000,57.070000,88.269997,63.312424,68.568283
2025-05-14,530.797607,515.078125,51.757114,55.187656,95.500671,88.617889,24.679239,23.630489,30.330000,56.209999,88.359001,63.264278,68.331169
2025-05-15,533.401978,515.644226,52.305367,55.197289,95.500671,89.197075,24.773111,23.724522,30.830000,56.130001,88.220001,63.765076,68.701088
2025-05-16,536.841614,517.888428,52.420792,55.206921,95.538696,89.225571,24.810661,23.686913,30.459999,56.639999,88.419998,63.842113,68.748520
2025-05-19,537.391907,518.385010,52.844002,55.370682,95.548210,89.178078,24.820049,23.715118,30.840000,57.450001,88.410004,64.275497,68.729538
2025-05-20,535.485413,516.657104,53.094082,55.312885,95.567207,89.064133,24.763725,23.762136,31.410000,58.310001,88.480003,64.477753,68.606247
2025-05-21,526.532471,509.477234,52.805534,55.235825,95.576683,88.446960,24.613531,23.733925,31.660000,59.160000,88.529999,64.179199,68.179405
2025-05-22,526.778198,510.430634,52.747822,55.091324,95.595703,88.779297,24.688623,23.686913,31.379999,60.509998,88.510002,64.073250,68.369118
2025-05-23,523.220581,505.703644,52.930565,55.341785,95.624214,89.035660,24.735565,23.818558,32.070000,59.200001,88.519997,64.285141,68.473450
2025-05-27,533.971985,517.600464,53.671188,55.274357,95.633705,89.405975,24.838823,23.752733,31.530001,59.900002,88.690002,64.911125,68.795937
2025-05-28,530.925476,515.306519,53.180653,55.023895,95.662216,89.159096,24.726173,23.715118,31.459999,58.220001,88.599998,64.352539,68.644180
2025-05-29,532.969543,516.319397,53.392258,55.312885,95.662216,89.529396,24.810661,23.752733,31.639999,57.450001,88.629997,64.631844,68.890793
2025-05-30,532.419189,515.505066,53.459587,54.609673,95.690712,89.795265,24.885759,23.715118,31.430000,56.930000,88.760002,64.468117,69.023590
2025-06-02,535.514893,519.576660,54.075169,55.062424,95.717407,89.490440,24.823557,23.856173,32.259998,56.860001,88.809998,65.132629,68.871323
2025-06-03,538.551636,523.638245,53.680817,55.158756,95.726959,89.404701,24.785862,23.790346,31.980000,57.820000,88.839996,64.814819,68.795181
2025-06-04,538.207581,525.098022,53.959747,55.842701,95.736488,90.062004,24.870682,23.912590,32.180000,57.139999,88.830002,65.238571,69.223427
2025-06-05,535.691772,521.145630,53.959747,56.112427,95.746017,89.795265,24.832983,23.865572,32.020000,55.439999,88.860001,65.325264,69.090195
2025-06-06,541.165771,526.240051,54.132881,56.343620,95.774643,89.080803,24.719893,23.799749,31.600000,56.759998,88.830002,65.498604,68.719048
2025-06-09,541.745544,527.014648,54.152119,56.757839,95.784172,89.242744,24.729321,23.809151,31.750000,59.139999,88.790001,65.652687,68.823746
2025-06-10,544.831421,530.500305,54.277157,57.133530,95.793701,89.395157,24.738743,23.818558,31.750000,59.599998,88.699997,65.893463,68.956963
2025-06-11,543.327942,528.712708,54.267540,57.422523,95.812782,89.766701,24.776442,23.959604,31.930000,59.209999,88.760002,65.951248,69.175842
2025-06-12,545.381775,529.954102,54.690754,57.480316,95.822319,90.157272,24.851831,24.081848,32.320000,58.110001,88.849998,66.317223,69.432816
2025-06-13,539.308350,523.300659,54.027077,56.555550,95.860451,89.823845,24.823557,24.157074,32.750000,57.220001,89.019997,65.431190,69.185356
2025-06-16,544.516968,530.579712,54.296398,57.199108,95.860451,89.566620,24.776442,24.100655,32.279999,59.160000,88.860001,65.864571,69.052132
2025-06-17,539.878296,525.405945,53.613483,56.467789,95.869980,90.004852,24.908379,24.119461,32.290001,56.980000,89.000000,65.055595,69.271027
2025-06-18,539.770325,525.316467,53.757763,56.497040,95.889069,90.062004,24.917807,24.119461,32.119999,56.520000,88.940002,65.132629,69.309082
2025-06-20,538.276489,523.171509,53.322456,56.136257,95.927193,90.119179,24.974350,24.138269,32.099998,56.220001,88.989998,64.613670,69.356674
2025-06-23,543.819214,528.551025,53.729649,56.604301,95.946266,90.433533,24.993198,24.119461,32.209999,56.200001,88.970001,65.108383,69.527969
2025-06-24,549.794373,536.633545,54.437382,58.027939,95.955795,90.747910,25.030893,24.204094,31.700001,57.490002,88.910004,66.097824,69.737335
2025-06-25,550.069519,538.005493,54.165920,58.066944,95.965347,90.786018,25.030893,24.222898,31.799999,58.660000,88.860001,65.923203,69.756363
2025-06-26,554.423157,543.036072,54.757317,58.466736,95.974876,91.109901,25.096861,24.345140,31.770000,58.529999,88.889999,66.573120,69.956207
2025-06-27,557.174866,544.895081,55.096638,58.261963,96.013039,90.871758,25.059170,24.327158,31.190001,58.139999,88.879997,66.844742,69.794418
2025-06-30,559.959717,548.424438,55.271149,58.534988,96.013039,91.233742,25.143988,24.355551,31.540001,58.590000,88.839996,67.019341,70.070389
2025-07-01,559.703491,543.801514,55.232368,58.593498,96.038857,91.064590,25.139254,24.374485,31.830000,57.320000,88.839996,67.038750,70.017891
2025-07-02,562.187561,547.589233,55.406879,58.817772,96.038857,90.873436,25.120333,24.440746,32.009998,59.740002,88.849998,67.252159,69.941513
2025-07-03,567.047607,552.977783,55.474747,59.110298,96.086700,90.558098,25.082487,24.393417,31.790001,59.480000,88.830002,67.407356,69.769669
2025-07-07,562.503113,548.812195,54.786400,58.261963,96.105843,90.271408,25.054102,24.317688,31.830000,58.779999,88.809998,66.573120,69.540550
2025-07-08,562.128479,549.120422,55.183891,58.583752,96.124969,90.137611,25.044638,24.336620,31.500000,59.180000,88.769997,66.999947,69.502365
2025-07-09,565.460510,553.007568,55.561996,58.544746,96.115410,90.605881,25.110870,24.383951,31.629999,60.860001,88.839996,67.300644,69.779228
2025-07-10,567.116577,552.212219,55.600777,58.730011,96.134560,90.558098,25.110870,24.346087,31.709999,61.740002,88.820000,67.397659,69.788773
2025-07-11,565.076050,550.969482,55.135418,58.564247,96.172806,90.137611,25.073025,24.374485,32.009998,64.309998,88.800003,66.932045,69.502365
2025-07-14,566.190002,552.967834,55.203281,58.671505,96.172806,90.099373,25.091949,24.336620,31.889999,65.250000,88.860001,66.999947,69.492821
2025-07-15,563.735352,553.474731,54.650669,59.081043,96.182381,89.745773,25.016256,24.232498,31.760000,63.360001,88.739998,66.670135,69.282768
2025-07-16,565.588623,554.041565,54.912434,59.315071,96.211090,89.994263,25.101406,24.336620,31.930000,64.919998,88.879997,66.961143,69.416435
2025-07-17,568.979797,558.525269,55.038467,59.656353,96.220657,89.965591,25.120333,24.336620,31.850000,64.760002,88.800003,67.203644,69.435547
2025-07-18,568.723389,557.988464,54.912434,59.529591,96.249344,90.214073,25.148716,24.402885,31.920000,63.869999,88.889999,67.038750,69.550079
2025-07-21,569.738770,560.881470,55.271149,59.890373,96.258919,90.529434,25.224407,24.497541,32.419998,63.529999,88.869003,67.446152,69.750587
2025-07-22,569.738770,557.978455,55.532917,59.851372,96.278076,90.787453,25.243334,24.554335,32.730000,64.919998,88.851997,67.727463,69.865158
2025-07-23,574.579041,560.523499,56.715710,60.485184,96.287636,90.462532,25.129791,24.611130,32.320000,64.430000,88.860001,68.940002,69.721924
2025-07-24,574.973328,561.716492,56.318207,60.163403,96.297211,90.328728,25.167641,24.563803,32.139999,64.779999,88.824997,68.474388,69.636017
2025-07-25,577.260437,563.068542,56.250343,59.968384,96.316345,90.538979,25.196020,24.544868,31.840000,63.570000,88.820999,68.367691,69.807877
2025-07-28,577.122375,564.828308,55.416576,59.510086,96.345055,90.338287,25.148716,24.440746,31.639999,64.220001,88.824997,67.484955,69.693314
2025-07-29,575.623962,563.953430,55.397182,59.578342,96.345055,90.930794,25.290638,24.421812,31.700001,63.910000,88.830002,67.446152,70.056084
2025-07-30,574.924072,564.708984,54.980297,59.168808,96.364182,90.615440,25.196020,24.260895,31.180000,63.560001,88.810997,66.961143,69.874702
2025-07-31,572.765198,561.716492,54.505245,58.827522,96.373764,90.691887,25.167641,24.241962,31.379999,63.490002,88.805000,66.417931,69.884239
2025-08-01,563.331177,550.651428,54.311344,58.408230,96.404480,91.735992,25.317629,24.071579,32.020000,61.509998,88.925003,66.194817,70.489616
2025-08-04,571.897705,560.811768,55.067554,59.022541,96.423698,91.860634,25.384079,24.251431,32.200001,62.419998,89.000000,67.009644,70.537498
2025-08-05,569.147278,557.004150,55.164509,59.227310,96.433296,91.793533,25.384079,24.241962,32.220001,61.849998,88.925003,67.184258,70.566231
2025-08-06,573.376343,564.013062,55.591084,59.480835,96.442879,91.726410,25.336617,24.270361,32.160000,62.720001,89.059998,67.620758,70.508774
2025-08-07,573.031433,565.921875,55.988583,59.958633,96.442879,91.659294,25.374586,24.374485,32.419998,63.980000,89.101997,68.105766,70.480042
2025-08-08,577.418152,571.200867,56.250343,59.880627,96.490906,91.448364,25.355598,24.374485,32.419998,63.360001,89.194000,68.328880,70.326790
2025-08-11,576.235168,569.510803,56.027359,59.744110,96.500504,91.477127,25.374586,24.346087,31.959999,64.760002,89.175003,68.115479,70.374672
2025-08-12,582.386536,576.668823,56.657532,60.504684,96.500504,91.457954,25.317629,24.535404,31.920000,65.089996,89.160004,68.872093,70.384254
2025-08-13,584.417358,576.957092,56.919300,61.138500,96.519722,91.783943,25.412560,24.667923,32.029999,66.870003,89.125000,69.318321,70.642868
2025-08-14,584.427063,576.509766,56.822353,60.426682,96.529320,91.486725,25.355598,24.582731,31.830000,64.190002,89.110001,69.007904,70.441734
2025-08-15,583.165283,573.974670,57.074421,60.572941,96.558128,91.304550,25.289148,24.535404,31.850000,63.630001,89.239998,69.318321,70.345924
2025-08-18,582.958313,573.745972,57.016254,60.943478,96.586945,91.218254,25.279657,24.573265,31.790001,63.259998,89.220001,69.415314,70.269295
2025-08-19,579.774170,565.961609,56.948387,60.455929,96.586945,91.448364,25.289148,24.440746,31.610001,61.490002,89.099998,69.231010,70.403412
2025-08-20,578.246277,562.601318,57.093807,60.319420,96.606140,91.582588,25.327122,24.412348,31.940001,62.150002,89.175003,69.318321,70.451309
2025-08-21,575.969055,559.996643,56.822353,60.221905,96.606140,91.314133,25.327122,24.412348,31.830000,60.980000,89.184998,69.056396,70.278893
2025-08-22,584.782043,568.635986,57.743378,61.353016,96.644554,91.822296,25.488501,24.762583,32.150002,63.470001,89.235001,70.181641,70.633308
2025-08-25,582.307678,566.995544,57.025948,61.031239,96.663750,91.640121,25.460018,24.648993,32.090000,60.270000,89.334999,69.502625,70.537498
2025-08-26,584.634033,569.272156,57.045338,60.943478,96.663750,91.879822,25.516979,24.620596,32.330002,60.450001,89.334999,69.463814,70.623726
2025-08-27,585.974731,570.147095,56.977470,60.602196,96.673355,92.052399,25.564444,24.611130,32.380001,60.970001,89.400002,69.260117,70.690773
2025-08-28,588.044922,573.716187,57.210148,60.826469,96.682976,92.263329,25.583433,24.696323,32.619999,60.900002,89.440002,69.541420,70.776978
2025-08-29,584.653870,567.075134,56.919300,60.543690,96.740585,92.186630,25.564444,24.563803,32.939999,58.869999,89.500000,69.231010,70.690773
2025-09-02,580.345947,562.322998,56.415161,60.446182,96.750214,91.911522,25.496798,24.630062,33.740002,60.259998,89.330002,68.746010,70.539894
2025-09-03,583.313171,566.747070,56.541195,60.689953,96.759857,92.228951,25.573021,24.724722,33.990002,61.049999,89.300003,68.891502,70.770531
2025-09-04,588.114014,571.876953,56.890217,60.494934,96.779129,92.642578,25.611128,24.876173,33.849998,59.720001,89.455002,69.172806,71.039627
2025-09-05,586.507141,572.702087,57.161678,61.216507,96.798401,93.094688,25.706409,24.961369,34.279999,60.709999,89.610001,69.628723,71.375999
2025-09-08,588.025208,575.495789,57.714287,61.762562,96.827309,93.383247,25.782635,25.169613,34.680000,60.980000,89.580002,70.298042,71.606628
2025-09-09,589.454712,577.126160,57.559166,61.986828,96.827309,93.162018,25.734997,25.198011,34.610001,60.570000,89.570000,70.210747,71.472092
2025-09-10,591.160095,577.315063,57.597950,62.425621,96.836952,93.412117,25.754049,25.321064,34.730000,61.810001,89.570000,70.336853,71.597031
2025-09-11,595.980652,580.675354,58.237816,63.195946,96.856232,93.556404,25.811216,25.510384,34.680000,62.299999,89.515999,71.132271,71.750793
2025-09-12,595.852417,583.240295,57.995441,63.176449,96.885147,93.287079,25.773106,25.500919,34.750000,63.599998,89.559998,70.899460,71.664299
2025-09-15,598.957703,588.231079,58.460800,63.615234,96.885147,93.440971,25.792162,25.709164,35.099998,62.730000,89.542999,71.452385,71.798836
2025-09-16,598.168945,587.734009,58.392941,64.093040,96.904419,93.498688,25.820745,25.661837,35.169998,63.570000,89.532997,71.510582,71.808464
2025-09-17,597.479004,586.560852,58.189342,64.346558,96.914055,93.296684,25.792162,25.623974,34.910000,62.910000,89.525002,71.462074,71.683502
2025-09-18,600.288513,591.849915,58.373550,64.190544,96.933342,92.988869,25.744520,25.699699,34.770000,63.939999,89.519997,71.520294,71.500916
2025-09-19,603.088257,595.856323,58.107609,64.044281,96.971893,92.950401,25.706409,25.709164,35.139999,62.610001,89.529999,71.276596,71.529747
2025-09-22,606.025818,599.383789,58.419334,64.297806,96.971893,92.796478,25.658772,25.813290,35.740002,61.000000,89.540001,71.588516,71.395195
2025-09-23,602.851562,595.402527,58.331661,64.327065,96.991158,93.056206,25.725466,25.841686,35.900002,60.720001,89.570999,71.491035,71.539352
2025-09-24,600.840637,593.312378,57.922520,64.063782,97.000793,92.806129,25.687353,25.803823,35.570000,61.709999,89.544998,71.071892,71.395195
2025-09-25,597.971985,590.754456,57.532864,63.751751,97.010437,92.604103,25.630190,25.794359,35.709999,59.459999,89.570000,70.662468,71.318321
2025-09-26,601.491150,593.182861,57.873814,63.566486,97.039337,92.556007,25.639713,25.851152,35.919998,59.369999,89.540001,70.915916,71.318321
2025-09-29,603.181763,595.929932,58.166054,64.063782,97.048988,92.825325,25.668299,25.956770,36.509998,62.240002,89.559998,71.296074,71.500916
2025-09-30,605.406067,597.562378,58.370625,64.278305,97.048988,92.786865,25.677826,25.985313,36.810001,62.220001,89.532997,71.608009,71.472092
2025-10-01,607.571167,600.428833,58.808987,64.785355,97.065430,93.099487,25.716049,26.080463,36.869999,63.919998,89.539001,72.105156,71.652374
2025-10-02,608.243408,602.897217,58.935627,65.087639,97.075089,93.195961,25.706497,26.118523,36.750000,65.800003,89.550003,72.241623,71.729492
2025-10-03,608.292847,600.359253,59.481144,65.263153,97.113770,93.012650,25.677826,26.223188,37.040001,66.820000,89.589996,72.777763,71.642731
2025-10-06,610.368958,604.868042,59.598045,65.536179,97.113770,92.742485,25.639599,26.736996,37.759998,68.269997,89.559998,72.933723,71.478836
2025-10-07,608.194031,601.682983,59.081753,65.068130,97.133110,92.974045,25.696939,26.794083,37.950001,66.139999,89.610001,72.368347,71.613815
2025-10-08,611.723389,608.580505,59.266838,65.555687,97.142784,92.993340,25.735165,27.136621,38.570000,67.120003,89.586998,72.651039,71.613815
2025-10-09,610.072266,607.844116,58.760281,64.941368,97.152458,92.925804,25.696939,26.822630,37.869999,65.830002,89.610001,72.017426,71.565620
2025-10-10,593.671265,586.743164,57.649761,62.620644,97.200806,93.504723,25.792500,25.861620,38.240002,63.400002,89.940002,70.350533,71.845207
2025-10-13,602.667664,599.194702,58.253727,64.434326,97.191139,93.552971,25.830727,26.613298,39.180000,63.049999,89.864998,71.422806,71.960892
2025-10-14,601.817444,595.203369,58.429073,63.849262,97.200806,93.794167,25.821169,26.651360,39.480000,61.250000,89.940002,71.432549,72.066940
2025-10-15,604.466919,599.403625,58.838215,64.921867,97.220154,93.688049,25.802057,26.832144,40.139999,60.520000,90.000000,72.056419,72.018738
2025-10-16,600.472961,597.184082,59.091496,65.321655,97.229813,94.122246,25.868952,27.003412,41.060001,58.860001,90.160004,72.378098,72.288689
2025-10-17,603.804565,601.105652,59.140198,65.253395,97.258835,93.967850,25.830727,26.851171,40.299999,57.880001,90.300003,72.329361,72.192276
2025-10-20,610.141541,608.680054,59.656494,66.111488,97.268517,94.093285,25.849838,27.307892,41.740002,60.290001,90.099998,73.040955,72.288689
2025-10-21,610.062561,608.520874,59.120712,65.399666,97.287857,94.266960,25.907177,27.050987,39.169998,60.840000,90.010002,72.348846,72.375465
2025-10-22,606.977966,602.658386,59.140198,65.389915,97.297523,94.286263,25.945402,26.974869,39.099998,58.599998,90.099998,72.407341,72.375465
2025-10-23,610.408508,607.724609,59.442181,65.926216,97.307198,93.977509,25.897621,27.003412,39.240002,59.939999,90.059998,72.826492,72.230843
2025-10-24,615.460266,614.214111,59.637012,66.345505,97.336205,94.064346,25.878506,27.117592,39.110001,60.160000,90.029999,73.060440,72.327248
2025-10-27,622.825439,625.152771,60.075375,67.076828,97.345879,94.064346,25.878506,27.184196,38.029999,62.520000,89.959999,73.616081,72.365822
2025-10-28,624.496216,629.960144,60.065632,67.057327,97.355537,94.151184,25.907177,27.098562,37.740002,61.810001,89.970001,73.606331,72.404381
2025-10-29,624.753296,632.796814,59.724682,67.418114,97.365227,93.543312,25.763832,27.003412,37.619999,60.119999,89.949997,73.382133,72.047661
2025-10-30,618.119629,623.122192,59.451923,66.686790,97.374878,93.408234,25.716049,27.031958,38.340000,57.830002,89.980003,72.923981,71.922333
2025-10-31,619.899109,626.128113,59.403217,66.569778,97.403908,93.446831,25.763832,26.993900,38.130001,59.669998,90.019997,72.748512,71.903046
2025-11-03,621.115173,629.124084,59.549335,67.018326,97.431061,93.402306,25.727396,27.041471,38.220001,57.980000,89.860001,72.953217,71.819870
2025-11-04,613.918030,616.354004,58.760281,65.799454,97.431061,93.518456,25.746574,26.679905,37.540001,54.770000,90.080002,71.988182,71.858551
2025-11-05,615.766724,620.365234,59.130463,66.374763,97.450470,93.073227,25.650681,26.822630,37.970001,56.480000,90.050003,72.475571,71.655434
2025-11-06,609.222107,608.809509,58.857693,65.848206,97.460182,93.547485,25.708216,26.708448,37.939999,54.849998,90.120003,72.192886,71.935921
2025-11-07,609.864746,606.888489,59.042786,65.614182,97.489296,93.586205,25.717804,26.784569,38.169998,56.389999,90.110001,72.329361,71.897255
2025-11-10,619.335571,620.315430,59.763645,66.745293,97.498985,93.460388,25.727396,27.089046,39.200001,57.630001,90.379997,73.235909,71.877892
2025-11-11,620.759155,618.663269,60.133823,66.794052,97.508690,93.750755,25.823286,27.260317,39.360001,55.880001,90.419998,73.625824,72.081024
2025-11-12,621.065674,618.175537,60.523483,66.823303,97.518402,93.770111,25.775341,27.507704,40.000000,55.200001,90.375000,73.908516,72.051994
2025-11-13,610.952148,605.554810,59.812355,66.082230,97.528107,93.499100,25.727396,27.212742,39.680000,53.250000,90.120003,73.099434,71.839195
2025-11-14,610.794067,606.012695,59.734428,66.179749,97.557220,93.344231,25.698627,27.031958,38.950001,51.240002,89.860001,73.040955,71.732803
2025-11-17,605.069946,600.836975,58.964851,65.399666,97.566917,93.450714,25.698627,26.974869,38.509998,49.919998,89.949997,72.134399,71.771492
2025-11-18,600.087463,593.521301,58.360886,65.038879,97.566917,93.605576,25.727396,26.955839,38.779999,50.439999,90.099998,71.500786,71.829529
2025-11-19,602.262268,597.064636,58.166054,64.843857,97.586334,93.537819,25.689041,27.117592,38.849998,48.619999,90.099998,71.315582,71.800514
2025-11-20,593.127563,582.931152,57.377003,64.005272,97.605751,93.760429,25.698627,27.127108,38.849998,46.910000,90.250000,70.370033,71.906898
2025-11-21,599.029602,587.310547,58.224506,63.946777,97.625160,94.070168,25.756161,27.089046,38.759998,45.950001,90.169998,71.081627,72.081024
2025-11-24,607.936951,602.329895,58.507008,64.600082,97.634865,94.215347,25.775341,27.307892,39.389999,48.450001,89.949997,71.383820,72.206764
2025-11-25,613.591797,606.042542,59.062267,64.804863,97.654259,94.457314,25.813696,27.374495,39.380001,47.480000,89.889999,72.046669,72.371201
2025-11-26,617.832947,611.397400,59.695457,65.263153,97.663971,94.534752,25.871227,27.526735,39.689999,48.860001,89.900002,72.729019,72.448570
2025-11-28,621.253540,616.354004,59.977959,65.428917,97.693077,94.370201,25.804106,27.507704,40.189999,49.320000,89.901001,73.050705,72.332512
2025-12-01,618.396423,614.283752,59.675976,65.370415,97.715462,93.863472,25.720390,27.279346,40.380001,46.470001,89.910004,72.768013,72.050156
2025-12-02,619.444397,619.091187,59.870804,65.370415,97.734940,93.941132,25.730013,27.355463,40.130001,49.500000,89.900002,72.884987,72.118065
2025-12-03,621.609497,620.604126,60.192272,65.428917,97.744682,94.135277,25.778130,27.374495,40.090000,50.520000,89.889999,73.177422,72.224800
2025-12-04,622.133362,620.026794,60.348137,65.399666,97.764145,93.844048,25.749262,27.269831,40.130001,50.299999,89.900002,73.333389,72.088951
2025-12-05,623.299927,622.554871,60.435806,65.750702,97.793343,93.649895,25.701145,27.288860,40.040001,48.549999,89.900002,73.479607,72.001610
2025-12-08,621.451172,621.360596,60.309170,65.672691,97.793343,93.455750,25.662659,27.269831,39.950001,49.369999,89.919998,73.323647,71.894867
2025-12-09,620.947144,622.126892,60.240978,65.604439,97.803078,93.319832,25.624170,27.431585,40.150002,50.599998,89.879997,73.226166,71.846359
2025-12-10,624.960815,624.674927,60.922878,66.238243,97.803078,93.620773,25.701145,27.536251,40.320000,50.290001,89.820000,74.015739,72.059837
2025-12-11,626.493225,622.654480,61.176155,65.965225,97.822556,93.630486,25.681904,27.621883,40.750000,49.889999,89.820000,74.210701,72.059837
2025-12-12,619.731140,610.750366,60.864429,65.224144,97.861488,93.378098,25.643414,27.564795,40.980000,49.040001,89.860001,73.703819,71.836655
2025-12-15,618.831482,607.684692,61.215122,65.058388,97.861488,93.455750,25.624170,27.526735,41.029999,46.610001,89.910004,73.957253,71.923981
2025-12-16,617.101379,608.889160,60.844948,64.630821,97.871223,93.717857,25.643414,27.441101,41.029999,47.590000,89.879997,73.557587,72.059837
2025-12-17,610.319519,597.602112,60.416328,64.204247,97.890686,93.698425,25.662659,27.498190,41.380001,46.630001,89.879997,73.070198,72.040428
2025-12-18,614.926514,606.261414,60.893654,64.878830,97.890686,93.941132,25.701145,27.536251,41.290001,45.930000,89.900002,73.664818,72.193283
2025-12-19,620.413208,614.164307,61.260185,65.563324,97.932678,93.729790,25.649807,27.878786,41.360001,47.799999,89.900002,74.124435,72.086205
2025-12-22,624.320374,617.108337,61.547470,65.910538,97.932678,93.632393,25.630436,27.983452,42.310001,47.970001,89.849998,74.541359,72.066711
2025-12-23,627.235107,619.998413,61.953621,66.307350,97.942444,93.593437,25.640121,28.040541,42.849998,47.610001,89.860001,74.998009,72.056992
2025-12-24,629.327026,621.812256,62.092312,66.406555,97.961983,93.836914,25.688555,28.011997,42.680000,47.400002,89.855003,75.057571,72.232239
2025-12-26,629.386536,621.772461,62.221088,66.852966,97.991287,93.924568,25.678871,28.192781,43.189999,47.540001,89.852997,75.295815,72.232239
2025-12-29,627.165710,618.762634,62.131935,66.684326,98.010811,94.060928,25.717615,27.859758,41.310001,47.310001,89.830002,75.057571,72.339348
2025-12-30,626.293213,617.327576,62.201279,66.852966,98.020584,93.963531,25.707930,27.887505,41.369999,47.730000,89.830002,75.206467,72.310120
2025-12-31,621.742737,612.224915,61.884277,66.684326,98.030342,93.651878,25.659496,27.808224,41.080002,47.560001,89.777000,74.888817,72.115402
2026-01-02,622.902649,611.038940,62.607433,68.450134,98.059647,93.573959,25.649807,27.897417,41.279999,48.799999,89.735001,75.980774,72.086205
2026-01-05,627.026917,615.892395,63.350403,69.144554,98.069397,93.856400,25.717615,28.105532,42.360001,51.209999,89.870003,76.784851,72.222496
2026-01-06,630.744751,621.303955,63.538620,69.670341,98.079178,93.788231,25.698242,28.184814,42.830002,50.250000,89.949997,77.052879,72.222496
2026-01-07,628.722229,621.902039,63.281059,69.213997,98.088951,93.963531,25.746672,28.075802,42.439999,49.410000,89.889999,76.665733,72.300392
2026-01-08,628.613159,618.363953,63.340492,69.223923,98.098709,93.681084,25.698242,28.026251,42.660000,49.349998,89.949997,76.715363,72.173820
2026-01-09,632.826721,624.523071,63.924961,69.481850,98.118240,93.788231,25.717615,28.244276,42.959999,49.000000,90.199997,77.261345,72.329597
2026-01-12,633.847900,625.041260,64.311302,70.394516,98.137772,93.671349,25.727299,28.591135,43.779999,49.689999,90.190002,77.976089,72.261452
2026-01-13,632.549133,624.114441,63.954681,69.908424,98.147537,93.788231,25.756361,28.551493,43.700001,51.340000,90.205002,77.559158,72.319855
2026-01-14,629.485596,617.447144,64.261772,70.245712,98.157310,93.983009,25.766048,28.650597,44.150002,53.080002,90.264999,77.896667,72.465904
2026-01-15,631.151184,619.669617,64.350929,70.612762,98.167061,93.788231,25.736988,28.601048,43.869999,51.720001,90.230003,78.025719,72.358803
2026-01-16,630.625793,619.151367,64.529243,70.354836,98.206139,93.427872,25.688555,28.452391,43.669998,51.900002,90.209999,78.065430,72.241966
2026-01-20,617.796936,605.996155,63.667397,69.809219,98.206139,93.057785,25.630436,28.501944,45.340000,48.630001,90.459999,77.162079,71.979103
2026-01-21,624.875549,614.188293,64.400459,70.811165,98.206139,93.301270,25.698242,28.928085,45.990002,48.950001,90.300003,78.025719,72.183556
2026-01-22,628.127380,618.653015,64.747177,71.386551,98.225670,93.291519,25.688555,29.225393,46.860001,48.549999,90.250000,78.502213,72.212761
2026-01-23,628.385193,620.606384,65.163239,71.823044,98.254974,93.447342,25.746672,29.096560,47.470001,48.590000,90.262001,78.948929,72.290665
2026-01-26,631.617126,623.337097,65.460434,72.021446,98.264732,93.583694,25.775732,29.037096,48.169998,47.549999,90.300003,79.276512,72.378258
2026-01-27,634.204712,628.987854,66.530304,73.360687,98.264732,93.476570,25.775732,29.601984,49.349998,48.509998,90.290001,80.507446,72.319855
2026-01-28,634.105591,631.070679,66.094437,73.856705,98.284256,93.398666,25.795107,29.800188,51.240002,48.380001,90.345001,80.150078,72.290665
2026-01-29,632.787109,627.293640,66.441147,73.499573,98.294022,93.496040,25.804792,29.919113,51.410000,45.669998,90.260002,80.358551,72.300392
2026-01-30,630.754639,619.759216,65.579300,71.981766,98.313560,93.437622,25.804792,28.928085,46.250000,45.509998,90.320000,79.077980,72.271179
2026-02-02,634.184875,624.014771,65.836868,72.249619,98.322372,93.253914,25.736988,28.809160,44.340000,42.340000,90.289001,79.524689,72.197914
2026-02-03,628.702393,614.427429,66.094437,72.567070,98.341965,93.341850,25.766048,29.334406,47.099998,41.470001,90.345001,79.723228,72.217461
2026-02-04,625.490234,603.693970,66.173683,71.713921,98.351768,93.322319,25.746672,29.413689,47.070000,39.840000,90.389999,79.663666,72.188164
2026-02-05,617.747314,595.003601,65.282127,71.297272,98.351768,93.869484,25.814478,28.937996,45.820000,34.560001,90.459999,78.710678,72.500740
2026-02-06,629.783020,607.580750,66.738342,73.082924,98.381142,93.869484,25.833853,29.889381,47.180000,38.040001,90.347000,80.457825,72.510506
2026-02-09,632.747314,612.234924,67.728958,73.648376,98.400742,93.889023,25.862909,30.345255,48.400002,38.439999,90.330002,81.549782,72.530052
2026-02-10,630.972717,609.394592,67.897362,73.777344,98.410545,94.299416,25.921032,30.246151,47.930000,37.349998,90.263000,81.748314,72.744942
2026-02-11,630.883423,611.028992,68.402588,74.888420,98.410545,94.035599,25.882284,30.355164,48.470001,36.689999,90.250000,82.383644,72.598419
2026-02-12,621.108215,598.601318,67.857735,74.055115,98.430138,94.612076,25.979151,29.889381,46.799999,35.500000,90.300003,81.529922,72.930550
2026-02-13,621.504822,599.876953,68.115311,74.372566,98.469322,94.983368,25.998522,30.107405,47.939999,37.349998,90.379997,81.797958,73.145439
2026-02-17,622.595337,599.259033,67.936996,74.094795,98.469322,94.973610,25.979151,29.909203,46.470001,36.790001,90.320000,81.629204,73.135681
2026-02-18,625.728210,603.733826,68.164833,74.491600,98.488907,94.778183,25.959774,30.275881,47.490002,35.959999,90.339996,81.907158,73.057526
2026-02-19,624.122131,601.421692,68.145020,74.332878,98.498703,94.866112,25.969463,30.335344,47.639999,36.450001,90.430000,81.778099,73.086830
2026-02-20,628.573547,606.743652,68.868172,75.830849,98.518288,94.866112,25.969463,30.692112,48.570000,36.790001,90.400002,82.760872,73.077072
2026-02-23,622.238464,599.368652,68.531364,75.037224,98.537888,95.208115,25.988836,30.672293,49.900002,35.009998,90.449997,82.324089,73.233360
2026-02-24,626.779053,605.806763,68.808739,76.178062,98.537888,95.188553,25.988836,30.830856,49.200001,35.009998,90.400002,82.810501,73.194290
2026-02-25,632.053467,614.586853,69.601234,76.951843,98.547684,95.110390,26.017895,31.038973,49.080002,37.590000,90.389999,83.584801,73.174759
2026-02-26,628.504150,607.172180,69.650764,76.207817,98.567284,95.364441,26.085699,30.959692,49.509998,36.650002,90.400002,83.346558,73.282204
2026-02-27,625.619080,605.228760,69.581429,76.148300,98.586861,95.745506,26.105074,31.187626,50.130001,35.630001,90.370003,83.197647,73.428726
2026-03-02,625.857056,606.026001,68.362961,74.828896,98.598648,95.170288,26.056643,31.009243,50.810001,37.560001,90.529999,81.797958,73.132828
2026-03-03,620.344788,599.538147,65.985458,71.207985,98.618301,95.062508,26.027584,30.047947,48.560001,37.060001,90.639999,78.978706,73.054436
2026-03-04,624.766541,608.677063,66.748245,71.892487,98.618301,94.866501,25.959774,30.335344,48.910000,39.720001,90.370003,79.753006,73.005455
2026-03-05,621.425476,606.843262,65.173149,70.325073,98.628120,94.572540,25.969463,29.978573,48.340000,38.700001,90.669998,78.144844,72.838875
2026-03-06,613.117432,597.714294,64.667931,69.928261,98.667412,94.513741,26.008211,30.533548,49.099998,36.980000,90.870003,77.410248,72.740898
2026-03-09,618.441345,605.697144,65.292030,71.257584,98.677238,94.807716,26.056643,30.593012,48.980000,37.500000,90.660004,78.373161,72.946655
2026-03-10,617.370544,605.707153,65.351456,71.535355,98.677238,94.503937,25.979151,30.652472,49.529999,38.049999,90.639999,78.541924,72.721306
2026-03-11,616.686584,605.627441,65.242500,71.694077,98.696884,94.072769,25.940405,30.612831,49.389999,38.369999,90.629997,78.462509,72.397972
2026-03-12,607.238403,595.232849,63.964588,69.412407,98.706703,93.769005,25.911343,30.622742,48.430000,38.270000,90.559998,76.903976,72.133423
2026-03-13,603.857727,591.704773,63.221622,69.174324,98.736176,93.671005,25.862909,30.384893,47.779999,38.669998,90.595001,76.179314,72.064835
2026-03-16,609.905212,598.342224,64.578781,71.039337,98.736176,94.092377,25.921032,30.543459,47.750000,40.180000,90.570000,77.698135,72.339180
2026-03-17,611.590698,601.262268,64.796715,71.485748,98.755814,94.258957,26.027584,30.791216,47.619999,40.509998,90.519997,78.035645,72.486153
2026-03-18,603.153809,592.880798,63.677307,70.047310,98.765633,93.827789,25.969463,30.533548,46.130001,38.580002,90.595001,76.685585,72.192215
2026-03-19,601.537781,591.007202,63.558434,70.176270,98.765633,93.817993,25.940405,29.968664,44.230000,38.160000,90.589996,76.586311,72.270599
2026-03-20,592.803406,580.084412,61.562897,67.825157,98.795113,92.975258,25.746672,29.542521,42.880001,38.130001,90.644997,74.241127,71.692513
2026-03-23,599.237732,586.743164,63.170437,69.898499,98.795113,93.269234,25.727299,29.284855,41.900002,38.380001,90.589996,76.099396,71.966850
2026-03-24,597.205322,582.731689,62.664364,68.797348,98.824577,92.955658,25.640121,29.443419,41.910000,37.650002,90.580002,75.473343,71.780701
2026-03-25,600.457092,586.563538,63.478054,69.948105,98.824577,93.445618,25.717615,29.641624,43.160000,38.470001,90.459999,76.596260,72.055031
2026-03-26,589.809387,572.563477,61.999512,67.616837,98.834404,92.691078,25.630436,29.592073,41.570000,37.209999,90.550003,74.728050,71.633720
2026-03-27,579.776550,561.377441,61.572819,67.319221,98.863869,92.700882,25.601376,29.958752,43.000000,35.840000,90.860001,74.221260,71.633720
2026-03-30,577.757568,557.086731,61.552971,66.783524,98.873688,93.357422,25.746672,30.057251,43.000000,36.110001,90.699997,74.161629,71.996246
2026-03-31,594.286865,575.946228,63.587208,69.194160,98.873688,93.524010,25.775732,29.997555,44.619999,36.810001,90.760002,76.626068,72.153023
2026-04-01,599.010864,583.061035,64.639053,69.719933,98.896339,93.442413,25.753433,30.057251,45.400002,37.009998,90.639999,77.520416,72.182503
2026-04-02,599.697083,583.729553,64.142899,69.005669,98.935753,93.658707,25.869787,30.156746,44.509998,36.389999,90.769997,76.993744,72.339813
2026-04-06,602.362427,587.242065,64.619217,69.581055,98.945602,93.412910,25.860092,30.286089,44.349998,37.869999,90.730003,77.480667,72.231667
2026-04-07,602.730469,587.331909,64.589432,69.769539,98.955444,93.648888,25.879484,30.276140,44.779999,37.470001,90.760002,77.530350,72.339813
2026-04-08,617.946960,604.794495,67.298447,73.549179,98.955444,93.855362,25.889179,30.027405,45.070000,38.740002,90.660004,80.720215,72.477463
2026-04-09,621.606812,608.885681,67.030525,73.350777,98.965302,93.825859,25.898874,30.116949,45.430000,39.180000,90.620003,80.561211,72.506950
2026-04-10,621.189087,609.763794,67.219063,73.658302,99.004707,93.668549,25.918266,30.176645,45.340000,39.820000,90.639999,80.759949,72.398804
2026-04-13,627.275696,616.070374,67.685448,74.342804,99.014565,93.875023,25.976450,30.286089,45.169998,39.849998,90.599998,81.376068,72.556114
2026-04-14,634.864014,627.256287,68.360214,75.691963,99.014565,94.179802,26.044321,30.146797,46.160000,40.349998,90.529999,82.290291,72.733078
2026-04-15,639.936218,636.037537,68.171677,75.682045,99.034271,93.973335,26.015232,30.107000,45.680000,40.759998,90.550003,82.131294,72.634758
2026-04-16,641.338501,639.100952,68.102219,76.029251,99.034271,93.806190,25.966751,30.266190,45.650002,40.939999,90.519997,82.111420,72.526611
2026-04-17,649.215271,647.463013,69.094528,77.477615,99.063812,94.317451,26.034626,29.818464,46.240002,42.090000,90.550003,83.224396,72.811729
2026-04-20,647.981995,645.407410,68.796829,76.922081,99.073662,94.228966,26.024927,30.017454,45.840000,41.459999,90.540001,82.956093,72.762566
2026-04-21,643.715393,642.952759,67.298447,75.830849,99.093369,93.816017,25.966751,30.176645,44.560001,40.759998,90.629997,81.366127,72.536446
2026-04-22,650.329163,653.709656,67.824371,77.279213,99.103226,93.914345,26.005535,30.256241,45.139999,42.840000,90.589996,82.071671,72.615097
2026-04-23,647.703552,650.027527,67.169449,75.959808,99.113075,93.766861,26.054020,30.315937,44.720001,42.230000,90.540001,81.207138,72.487289
2026-04-24,652.835327,662.460938,67.615982,77.547058,99.142616,93.953674,26.092802,30.355736,44.939999,42.180000,90.570000,81.972298,72.615097
2026-04-27,653.909485,662.810181,67.546524,77.398254,99.142616,93.737366,26.092802,30.465179,44.580002,41.750000,90.559998,81.823235,72.497124
2026-04-28,650.687195,656.144470,67.209145,76.654228,99.162331,93.648888,26.092802,30.564672,43.759998,41.450001,90.589996,81.376068,72.477463
2026-04-29,650.667297,660.155884,66.564140,76.356628,99.172173,93.206444,26.015232,30.962652,43.299999,40.980000,90.610001,80.720215,72.153015
2026-04-30,656.972656,666.312683,68.270912,77.864510,99.172173,93.383423,26.054020,30.405481,43.959999,41.480000,90.580002,82.538719,72.261162
2026-05-01,658.902100,672.709045,68.191528,78.023239,99.209724,93.454445,26.137707,30.375635,43.900002,42.590000,90.589996,82.449287,72.361778
2026-05-04,656.515076,671.441711,67.387756,77.953796,99.219604,93.109192,26.079319,30.544775,43.020000,43.480000,90.589996,81.733810,72.115173
2026-05-05,661.666870,680.153015,68.449532,79.511284,99.229485,93.247299,26.059856,30.584572,43.380001,44.320000,90.514999,82.886528,72.243408
2026-05-06,670.975708,694.282776,70.324997,81.892159,99.239365,93.710922,26.089050,30.296040,44.680000,44.220001,90.559998,85.082657,72.549194
2026-05-07,668.867310,693.454529,69.134216,80.820763,99.249237,93.424850,26.059856,30.395533,44.770000,43.520000,90.565002,83.721252,72.361778
2026-05-08,674.337219,709.709717,70.285301,82.348495,99.278893,93.671455,26.137707,30.534826,44.990002,43.540001,90.570000,84.893852,72.549194
2026-05-11,675.809204,711.765320,70.275375,82.308815,99.288773,93.355812,26.127974,30.863157,45.090000,44.509998,90.550003,84.854095,72.371635
2026-05-12,674.963806,705.728210,69.431908,79.808891,99.298653,93.040154,26.059856,30.863157,44.910000,43.869999,90.559998,83.701378,72.154633
2026-05-13,678.683411,713.182312,70.086830,81.396141,99.308533,93.040154,26.069590,30.962652,44.660000,43.220001,90.559998,84.546051,72.184227
2026-05-14,683.974304,718.251404,70.017372,81.634232,99.318413,92.980957,26.050125,31.082045,44.299999,44.220001,90.559998,84.486420,72.164497
2026-05-15,675.729675,707.414612,68.548759,78.856537,99.348053,92.241142,25.943083,31.072094,43.279999,42.950001,90.650002,82.588409,71.750198
2026-05-18,675.202515,704.371155,68.985367,78.777184,99.357925,92.201675,25.923620,31.151690,43.400002,41.730000,90.589996,83.005775,71.700890
2026-05-19,670.906128,700.030518,68.459450,77.904190,99.367805,91.846573,25.836040,31.161640,42.689999,41.680000,90.589996,82.280357,71.464157
2026-05-20,677.848022,711.625610,69.660133,79.302956,99.377701,92.468018,25.894428,30.952702,43.299999,42.150002,90.529999,83.641754,71.858711
2026-05-21,679.111084,712.982727,70.146378,79.937859,99.377701,92.527199,25.904160,30.952702,43.240002,42.139999,90.529999,84.049187,71.937630
2026-05-22,681.806274,716.006226,69.918144,79.927933,99.427086,92.606117,25.913889,30.932802,42.939999,41.139999,90.519997,83.929932,72.006676
2026-05-26,686.241882,728.718994,71.227989,82.904030,99.436966,93.000687,26.001471,31.012398,42.930000,41.209999,90.500000,85.569580,72.213814
2026-05-27,686.192261,727.890747,70.860840,82.794907,99.446854,93.040154,26.030663,30.853207,42.380001,40.660000,90.449997,85.311211,72.282860
2026-05-28,690.120605,734.027649,71.108917,82.894104,99.446854,93.257156,26.098780,30.883057,42.830002,39.820000,90.489998,85.450325,72.420959
2026-05-29,691.691956,736.731812,71.218063,82.804825,99.466606,93.365662,26.108511,30.843258,43.279999,39.869999,90.470001,85.519890,72.460411
2026-06-01,693.492065,741.152344,71.317299,84.501198,99.495361,93.204338,26.111454,31.131792,42.660000,38.810001,90.370003,85.768326,72.427757
2026-06-02,694.446899,744.565002,71.763840,85.304741,99.495361,93.273613,26.111454,31.251184,42.720001,36.490002,90.400002,86.414246,72.447548
2026-06-03,689.573608,742.619263,71.118843,84.163902,99.505272,93.036079,26.072231,31.261135,42.299999,35.490002,90.510002,85.559639,72.308983
2026-06-04,692.258850,739.026917,71.287529,83.340523,99.515175,93.154854,26.072231,31.131792,42.660000,34.509998,90.470001,85.708702,72.407959
2026-06-05,674.297485,703.552856,68.638062,78.003395,99.544907,92.659988,25.954567,30.504976,41.119999,32.740002,90.580002,82.508911,72.081352
2026-06-08,675.968323,714.539429,69.322762,79.332718,99.554817,92.561005,25.905542,30.713917,41.209999,34.400002,90.500000,83.214447,72.061554
2026-06-09,673.999146,706.317017,69.302902,79.402161,99.564728,92.818336,25.964375,30.624371,40.549999,33.680000,90.535004,83.293953,72.219910
2026-06-10,663.407288,692.207214,68.280830,77.993477,99.574638,92.729263,25.925154,30.644268,38.880001,33.610001,90.570000,82.071671,72.160530
2026-06-11,674.526184,715.587158,70.761604,81.415985,99.584541,93.372589,26.013403,30.584572,40.060001,34.509998,90.559998,84.804405,72.576210
2026-06-12,678.225952,719.798157,70.999763,81.911995,99.604362,93.214233,26.023207,30.664167,40.099998,34.520000,90.440002,85.142281,72.487137
2026-06-15,690.041077,742.409668,71.833298,84.410004,99.624184,93.313210,26.052620,30.723864,41.150002,36.150002,90.430000,86.434120,72.546516
2026-06-16,685.983337,728.299866,71.763840,83.150002,99.634094,93.550751,26.052620,30.475128,41.270000,35.630001,90.379997,86.086311,72.655388
2026-06-17,677.688843,720.965637,71.446297,83.019997,99.644005,93.055870,25.885931,30.514927,40.320000,34.860001,90.349998,85.609337,72.388161
2026-06-18,684.352234,739.036926,72.131599,85.629997,99.683640,93.392395,25.974178,30.763662,40.160000,34.130001,90.349998,86.613510,72.586105
2026-06-22,682.353271,737.181824,72.211403,86.000000,99.693550,93.036079,25.866322,30.803459,39.889999,34.970001,90.449997,86.902992,72.388161
2026-06-23,672.646606,712.907166,69.996880,81.320000,99.703461,93.154854,25.866322,30.415432,39.150002,33.840000,90.410004,84.257774,72.467339
2026-06-24,672.000122,709.880310,70.106613,81.449997,99.713371,93.758598,25.954567,30.286089,37.959999,32.480000,90.489998,84.187889,72.793953
2026-06-25,672.020020,715.634277,70.984444,82.169998,99.723274,93.817986,26.003595,30.365685,38.340000,32.119999,90.410004,84.926567,72.843437
2026-06-26,668.540955,705.784607,70.385918,81.300003,99.743095,94.055519,26.052620,30.107000,38.770000,32.369999,90.459999,84.327644,72.912712
2026-06-29,679.263428,723.326294,70.745033,81.720001,99.762924,94.085205,26.082037,30.370001,38.240002,32.740002,90.309998,84.776833,72.952309
2026-06-30,685.048523,735.633484,71.074219,82.839996,99.762924,93.600243,25.983986,30.610001,38.230000,31.860001,90.360001,85.335823,72.655388
2026-07-01,683.702026,724.415100,70.186417,80.629997,99.788765,93.372841,25.945423,30.520000,38.450001,32.549999,90.279999,84.377556,72.550125
2026-07-02,683.083618,711.858215,70.635300,79.839996,99.828522,93.462212,25.994864,30.330000,39.240002,33.349998,90.470001,84.686989,72.599785
2026-07-06,688.848755,722.067627,71.712639,82.000000,99.828522,93.521790,26.004749,30.650000,39.650002,34.580002,90.339996,86.014595,72.629570
2026-07-07,685.317871,708.691528,70.605377,79.790001,99.848396,93.045135,25.945423,30.680000,39.180000,34.630001,90.550003,84.497337,72.341591
2026-07-08,683.502502,710.699463,70.166458,80.300003,99.858337,92.856476,25.915758,30.799999,38.849998,33.770000,90.473999,84.287720,72.192642
2026-07-09,688.918579,722.527161,70.555504,81.019997,99.868279,93.055077,25.935535,30.760000,39.230000,34.310001,90.392998,84.746887,72.321732
2026-07-10,692.080444,724.754822,70.814857,81.320000,99.888153,92.975632,25.935535,30.799999,39.119999,34.700001,90.404999,85.186089,72.262154
2026-07-13,686.734192,710.999084,69.587898,78.489998,99.908028,92.638008,25.886097,30.990000,38.099998,33.779999,90.430000,83.628906,71.994041
2026-07-14,689.327515,718.940857,70.425819,79.720001,99.908028,92.896194,25.905872,31.020000,38.610001,35.049999,90.485001,84.507324,72.192642
2026-07-15,692.020569,716.992859,70.645279,79.680000,99.927910,93.124588,25.915758,30.990000,38.630001,35.250000,90.535004,84.836723,72.311806
2026-07-16,688.369995,705.205139,69.857231,78.110001,99.937851,93.065002,25.895987,30.879999,37.880001,34.880001,90.499001,83.908401,72.301865
2026-07-17,681.417847,694.606201,69.528038,76.980003,99.967667,93.184166,25.965199,30.870001,38.220001,34.820000,90.639999,83.219650,72.351524
2026-07-20,680.460327,695.335449,69.059204,77.209999,99.977600,92.886269,25.915758,30.940001,38.160000,35.349998,90.760002,82.920189,72.172783
2026-07-21,686.105774,708.231995,70.296143,79.300003,99.987541,92.657867,25.886097,31.320000,38.910000,36.070000,90.625000,84.297691,72.013893
2026-07-22,685.268005,704.615723,70.316093,78.970001,99.987541,92.449333,25.846544,31.389999,39.340000,35.779999,90.510002,84.307678,71.894737
2026-07-23,676.869507,691.239746,69.607841,78.449997,99.997490,92.201080,25.777330,31.490000,38.560001,35.150002,90.620003,83.469200,71.745781
2026-07-24,677.398193,683.517761,69.538017,77.050003,100.027306,92.379829,25.797106,31.410000,38.590000,34.840000,90.565002,83.249596,71.805359
2026-07-27,677.567749,681.409973,69.827301,77.349998,100.037247,92.628082,25.757557,31.270000,38.869999,35.230000,90.559998,83.638885,71.954315
2026-07-28,679.213562,674.786865,69.428291,75.800003,100.047188,92.906120,25.816883,31.040001,38.340000,34.630001,90.510002,83.099861,72.133057
2026-07-29,668.910034,661.041138,68.779892,74.150002,100.067062,92.518845,25.846544,31.030001,38.509998,34.480000,90.519997,82.241409,71.874870
2026-07-30,680.041382,682.838440,70.914612,77.050003,100.077003,92.558563,25.826773,30.840000,39.139999,35.139999,90.510002,84.617119,71.914589
2026-07-31,684.888977,687.273865,70.445778,77.610001,100.096878,92.300377,25.797106,30.920000,38.570000,34.130001,90.459999,84.437439,71.725929
2026-08-03,694.613953,699.341309,70.864738,78.110001,100.113823,92.487709,25.803089,30.629999,38.580002,34.650002,90.449997,84.866669,71.897316
2026-08-04,707.161621,723.096497,72.041824,80.239998,100.123795,92.916176,25.852942,30.690001,38.830002,34.860001,90.400002,86.294090,72.186302
2026-08-05,705.785156,716.553345,72.171501,79.959999,100.143730,92.975952,25.852942,30.700001,40.439999,35.180000,90.360001,86.353989,72.206230
2026-08-06,704.588318,713.906128,71.942078,79.339996,100.153702,92.617241,25.833000,30.940001,40.450001,34.950001,90.370003,86.164322,71.996964
2026-08-07,708.887268,722.277405,72.710175,79.989998,100.173645,92.836456,25.882851,30.930000,41.349998,35.240002,90.440002,87.052719,72.146446
2026-08-10,708.827393,720.119629,72.321136,79.559998,100.193581,92.427933,25.833000,31.320000,41.799999,34.709999,90.463997,86.673409,71.897316
2026-08-11,706.603088,717.702148,72.510666,79.889999,100.203552,92.537537,25.823029,31.330000,41.619999,34.430000,90.389999,86.763245,71.957108
2026-08-12,708.348572,722.946716,73.119164,81.019997,100.213516,92.627213,25.833000,31.430000,42.029999,34.380001,90.419998,87.382126,72.026863
2026-08-13,713.116333,731.307983,73.358574,81.290001,100.223488,92.965996,25.882851,31.320000,41.400002,34.389999,90.404999,87.561798,72.226166
2026-08-14,711.779785,730.309021,73.398476,81.190002,100.253395,92.706924,25.862911,31.350000,41.669998,34.130001,90.470001,87.541832,72.056755
2026-08-17,708.448364,729.110229,73.508202,81.949997,100.253395,92.507637,25.803089,31.540001,42.080002,34.900002,90.459999,87.711533,71.907288
2026-08-18,703.590881,716.763123,72.211403,79.629997,100.263367,92.597321,25.862911,31.270000,41.360001,35.070000,90.415001,86.284111,71.967072
2026-08-19,705.096924,715.334595,72.650322,80.570000,100.283302,93.045708,25.982553,30.940001,42.950001,37.160000,90.360001,86.813156,72.305878
2026-08-20,699.212097,710.189941,72.660294,81.050003,100.283302,92.667068,25.992523,31.160000,43.119999,39.450001,90.459999,86.873047,72.086647
2026-08-21,701.905212,712.697388,73.238861,81.570000,100.323181,92.487709,25.882851,31.370001,43.959999,41.820000,90.430000,87.551819,71.977043
2026-08-24,700.030029,705.584778,72.879753,80.489998,100.333153,92.677032,25.912762,31.250000,44.290001,42.740002,90.410004,87.042732,72.116547
2026-08-25,702.214417,709.980164,73.607956,81.889999,100.333153,93.175247,26.012465,31.010000,44.430000,42.840000,90.440002,87.961082,72.415497
2026-08-26,702.393921,710.629517,73.268791,81.849998,100.343124,92.985924,25.982553,31.080000,43.730000,42.590000,90.400002,87.661621,72.325813
2026-08-27,706.932251,720.359375,73.238861,82.419998,100.353096,92.896248,25.962614,31.219999,43.869999,43.389999,90.440002,87.771423,72.285950
2026-08-28,705.426086,715.684265,72.879753,81.820000,100.383003,92.517601,25.852942,31.410000,42.439999,42.090000,90.370003,87.362160,72.056755
2026-08-31,703.082153,716.013916,72.740097,81.730003,100.383003,92.407997,25.833000,31.379999,42.400002,42.810001,90.430000,87.162521,71.987000
2026-09-01,698.484009,706.903381,71.932098,81.430000,100.410004,92.099998,25.820000,31.590000,41.189999,41.930000,90.519997,86.553619,71.790001
2026-09-02,701.605896,708.501709,72.410912,81.930000,100.419998,92.180000,25.820000,31.500000,41.810001,41.950001,90.500000,87.002815,71.830002
2026-09-03,708.897156,716.922913,73.258820,82.290001,100.430000,92.279999,25.850000,31.410000,42.590000,44.369999,90.480003,87.811348,71.930000
2026-09-04,706.194153,718.211609,73.578026,83.650002,100.470001,92.250000,25.840000,31.440001,42.230000,43.310001,90.500000,88.250557,71.949997
2026-09-08,702.264282,717.612244,73.268791,83.699997,100.480003,92.160004,25.870001,31.160000,41.480000,42.570000,90.510002,87.921150,71.889999
2026-09-09,699.072449,715.564392,72.640343,83.250000,100.489998,91.900002,25.809999,31.330000,41.880001,42.430000,90.550003,87.252365,71.730003
2026-09-10,694.863281,707.952332,71.742561,81.580002,100.500000,91.180000,25.700001,31.920000,41.160000,41.860001,90.580002,86.124397,71.269997
2026-09-11,700.758118,714.135864,72.510666,82.570000,100.519997,91.010002,25.590000,31.990000,41.389999,41.939999,90.510002,86.982849,71.220001
2026-09-14,697.506470,708.441772,71.543060,80.400002,100.529999,90.930000,25.590000,31.969999,40.770000,42.860001,90.510002,85.884834,71.169998
2026-09-15,694.414429,703.806580,71.353531,80.099998,100.529999,90.820000,25.570000,32.240002,40.900002,41.320000,90.540001,85.535461,71.150002
2026-09-16,691.462036,703.986389,71.084198,80.110001,100.550003,90.730003,25.469999,32.119999,40.660000,41.240002,90.550003,85.255974,71.110001
2026-09-17,699.232056,716.173706,71.972000,81.500000,100.559998,91.250000,25.540001,32.020000,41.360001,41.529999,90.480003,86.344002,71.470001
2026-09-18,699.980164,720.699036,71.379997,81.660004,100.589996,90.800003,25.440001,32.230000,41.639999,44.099998,90.489998,85.879997,71.199997
2026-09-21,710.951965,741.469971,72.300003,83.760002,100.599998,91.150002,25.540001,32.060001,41.349998,46.959999,90.480003,87.150002,71.400002
2026-09-22,710.951965,747.460022,72.709999,83.900002,100.610001,91.160004,25.520000,31.900000,41.549999,46.799999,90.459999,87.489998,71.410004
2026-09-23,705.785156,741.210022,71.419998,82.220001,100.620003,90.190002,25.330000,32.459999,40.770000,45.889999,90.500000,85.919998,70.809998
2026-09-24,705.176758,741.099976,71.050003,81.699997,100.620003,89.690002,25.200001,32.770000,40.669998,45.790001,90.500000,85.589996,70.449997
2026-09-25,708.966980,744.500000,71.839996,82.550003,100.660004,90.000000,25.270000,32.490002,40.830002,45.570000,90.529999,86.349998,70.629997
2026-09-28,703.609985,736.530029,71.309998,81.620003,100.669998,89.529999,25.170000,32.610001,39.230000,45.220001,90.410004,85.750000,70.279999
2026-09-29,702.460022,737.929993,71.180000,81.889999,100.680000,89.449997,25.150000,32.430000,39.759998,45.340000,90.529999,85.519997,70.230003
2026-09-30,700.859985,739.770020,70.610001,81.160004,100.680000,89.309998,25.129999,32.529999,39.560001,45.360001,90.550003,84.959999,70.150002
