date,me_net_value,me_gross_value,benchmark_value,me_drawdown_pct,benchmark_drawdown_pct
2014-09-17,100.0,100.0,112.2231,0.0,0.0
2014-09-18,99.9603,99.9603,112.5954,-0.04,0.0
2014-09-19,99.6159,99.6159,112.516,-0.384,-0.071
2014-09-22,99.3176,99.3176,112.0742,-0.682,-0.463
2014-09-23,99.5015,99.5015,111.69,-0.499,-0.804
2014-09-24,99.7605,99.7605,112.1498,-0.24,-0.396
2014-09-25,98.8375,98.8375,111.1715,-1.162,-1.265
2014-09-26,99.1153,99.1153,111.6107,-0.885,-0.875
2014-09-29,98.5507,98.5507,111.3435,-1.449,-1.112
2014-09-30,98.6148,98.6148,111.1494,-1.385,-1.284
2014-10-01,97.839,98.0351,110.4865,-2.161,-1.873
2014-10-02,97.6101,97.8057,110.2988,-2.39,-2.04
2014-10-03,97.8108,98.0069,110.7921,-2.189,-1.602
2014-10-06,97.4747,97.6701,111.0069,-2.525,-1.411
2014-10-07,96.9178,97.1121,110.1277,-3.082,-2.192
2014-10-08,98.081,98.2776,111.3157,-1.919,-1.137
2014-10-09,97.2472,97.4421,109.8258,-2.753,-2.46
2014-10-10,96.5367,96.7301,109.019,-3.463,-3.176
2014-10-13,96.3977,96.5909,108.4691,-3.602,-3.665
2014-10-14,96.6193,96.8129,108.6371,-3.381,-3.516
2014-10-15,96.2628,96.4557,108.2422,-3.737,-3.866
2014-10-16,95.8956,96.0877,108.0212,-4.104,-4.062
2014-10-17,96.485,96.6784,108.7958,-3.515,-3.375
2014-10-20,97.0315,97.226,109.4006,-2.968,-2.837
2014-10-21,97.871,98.0671,110.3878,-2.129,-1.961
2014-10-22,97.5333,97.7288,109.9178,-2.467,-2.378
2014-10-23,97.6217,97.8174,110.4516,-2.378,-1.904
2014-10-24,97.9849,98.1812,110.9416,-2.015,-1.469
2014-10-27,97.7845,97.9805,110.7336,-2.215,-1.654
2014-10-28,98.4049,98.6021,111.5604,-1.595,-0.919
2014-10-29,97.9076,98.1038,111.2887,-2.092,-1.161
2014-10-30,98.3012,98.4982,111.7439,-1.699,-0.756
2014-10-31,98.7038,98.9016,112.5217,-1.296,-0.065
2014-11-03,98.5371,98.7346,112.3282,-1.463,-0.237
2014-11-04,98.4228,98.62,112.0415,-1.577,-0.492
2014-11-05,98.595,98.7925,112.4156,-1.405,-0.16
2014-11-06,98.7181,98.9159,112.3442,-1.282,-0.223
2014-11-07,98.8877,99.0859,112.5797,-1.112,-0.014
2014-11-10,99.2406,99.4394,112.6817,-0.759,0.0
2014-11-11,99.36,99.5591,112.8524,-0.64,0.0
2014-11-12,100.008,100.2084,112.6879,0.0,-0.146
2014-11-13,100.0888,100.2893,112.8061,0.0,-0.041
2014-11-14,100.0218,100.2222,112.9083,-0.067,0.0
2014-11-17,99.7603,99.9602,112.8152,-0.328,-0.082
2014-11-18,100.0031,100.2035,113.3557,-0.086,0.0
2014-11-19,99.863,100.0632,113.114,-0.226,-0.213
2014-11-20,99.6707,99.8705,113.1781,-0.418,-0.157
2014-11-21,100.0567,100.2572,113.803,-0.032,0.0
2014-11-24,100.5758,100.7773,113.9291,0.0,0.0
2014-11-25,100.5457,100.7472,114.044,-0.03,0.0
2014-11-26,100.6929,100.8947,114.3311,0.0,0.0
2014-11-28,100.6623,100.864,114.0362,-0.03,-0.258
2014-12-01,100.4054,100.6066,113.5481,-0.286,-0.685
2014-12-02,100.5075,100.709,113.7908,-0.184,-0.473
2014-12-03,100.6004,100.802,113.9901,-0.092,-0.298
2014-12-04,100.5244,100.7259,113.9544,-0.167,-0.329
2014-12-05,100.5918,100.7934,113.9245,-0.1,-0.356
2014-12-08,100.0601,100.2607,113.4357,-0.628,-0.783
2014-12-09,99.9961,100.1965,113.2931,-0.692,-0.908
2014-12-10,99.1627,99.3614,112.39,-1.52,-1.698
2014-12-11,99.3254,99.5245,112.5082,-1.358,-1.594
2014-12-12,98.7243,98.9222,111.5247,-1.955,-2.455
2014-12-15,97.9692,98.1655,110.8182,-2.705,-3.072
2014-12-16,97.4491,97.6444,110.6751,-3.222,-3.198
2014-12-17,98.2019,98.3987,111.7459,-2.474,-2.261
2014-12-18,98.9772,99.1756,112.8533,-1.704,-1.292
2014-12-19,99.3105,99.5095,113.1875,-1.373,-1.0
2014-12-22,99.6371,99.8368,113.4824,-1.049,-0.742
2014-12-23,99.4753,99.6747,113.2866,-1.209,-0.914
2014-12-24,99.3279,99.5269,113.364,-1.356,-0.846
2014-12-26,99.7675,99.9675,113.7221,-0.919,-0.533
2014-12-29,99.5935,99.7931,113.7247,-1.092,-0.53
2014-12-30,99.3104,99.5094,113.3258,-1.373,-0.879
2014-12-31,98.9147,99.1129,112.8053,-1.766,-1.335
2015-01-02,98.615,99.0107,112.898,-2.064,-1.253
2015-01-05,97.3615,97.7522,111.742,-3.308,-2.265
2015-01-06,97.1504,97.5401,111.2696,-3.518,-2.678
2015-01-07,97.9108,98.3036,112.1021,-2.763,-1.95
2015-01-08,98.5275,98.9228,113.0917,-2.151,-1.084
2015-01-09,98.3873,98.782,112.6942,-2.29,-1.432
2015-01-12,97.7833,98.1757,112.3329,-2.89,-1.748
2015-01-13,97.1039,97.4935,112.3761,-3.564,-1.71
2015-01-14,96.1472,96.5329,112.1257,-4.514,-1.929
2015-01-15,96.491,96.8781,112.0752,-4.173,-1.973
2015-01-16,96.9912,97.3803,112.6988,-3.676,-1.428
2015-01-20,97.3797,97.7704,112.7877,-3.29,-1.35
2015-01-21,97.8715,98.2641,113.1471,-2.802,-1.036
2015-01-22,98.7973,99.1937,113.9946,-1.883,-0.294
2015-01-23,98.7067,99.1027,113.7348,-1.973,-0.522
2015-01-26,99.3813,99.78,114.0113,-1.303,-0.28
2015-01-27,98.6108,99.0064,113.4238,-2.068,-0.794
2015-01-28,97.6783,98.0702,112.7027,-2.994,-1.424
2015-01-29,98.0031,98.3962,113.299,-2.671,-0.903
2015-01-30,97.4746,97.8657,112.6549,-3.196,-1.466
2015-02-02,98.1739,98.5678,113.439,-2.502,-0.78
2015-02-03,98.3857,98.7804,114.2977,-2.291,-0.029
2015-02-04,98.2951,98.6895,113.9741,-2.381,-0.312
2015-02-05,98.5261,98.9214,114.5964,-2.152,0.0
2015-02-06,97.9893,98.3824,113.8557,-2.685,-0.646
2015-02-09,97.7633,98.1555,113.582,-2.91,-0.885
2015-02-10,98.1793,98.5732,114.0953,-2.496,-0.437
2015-02-11,98.1057,98.4993,114.0144,-2.569,-0.508
2015-02-12,98.6739,99.0697,114.8313,-2.005,0.0
2015-02-13,99.1651,99.563,115.0821,-1.517,0.0
2015-02-17,99.1401,99.5378,115.05,-1.542,-0.028
2015-02-18,99.1686,99.5665,115.2791,-1.514,0.0
2015-02-19,99.2082,99.6063,115.1816,-1.474,-0.085
2015-02-20,99.5704,99.9699,115.6501,-1.115,0.0
2015-02-23,99.5141,99.9134,115.6334,-1.171,-0.014
2015-02-24,99.7942,100.1946,116.1059,-0.893,0.0
2015-02-25,99.7627,100.163,116.1509,-0.924,0.0
2015-02-26,99.7407,100.1408,115.9299,-0.946,-0.19
2015-02-27,99.9384,100.3394,115.8032,-0.749,-0.299
2015-03-02,100.4431,100.8461,115.96,-0.248,-0.164
2015-03-03,100.3086,100.711,115.5849,-0.382,-0.487
2015-03-04,99.9423,100.3433,115.2742,-0.745,-0.755
2015-03-05,100.0669,100.4684,115.366,-0.622,-0.676
2015-03-06,99.1168,99.5145,114.1215,-1.565,-1.747
2015-03-09,99.5349,99.9342,114.3845,-1.15,-1.521
2015-03-10,98.7294,99.1255,113.3184,-1.95,-2.439
2015-03-11,98.7283,99.1244,113.3232,-1.951,-2.435
2015-03-12,99.2084,99.6064,114.1878,-1.474,-1.69
2015-03-13,98.7765,99.1728,113.7073,-1.903,-2.104
2015-03-16,99.5153,99.9146,114.6559,-1.17,-1.287
2015-03-17,99.4284,99.8273,114.5294,-1.256,-1.396
2015-03-18,99.8274,100.2279,115.8482,-0.86,-0.261
2015-03-19,99.6404,100.0401,115.2082,-1.045,-0.812
2015-03-20,100.1755,100.5774,116.208,-0.514,0.0
2015-03-23,100.1984,100.6004,116.2588,-0.491,0.0
2015-03-24,99.7913,100.1916,116.0754,-0.895,-0.158
2015-03-25,98.9783,99.3754,115.0926,-1.703,-1.003
2015-03-26,98.798,99.1944,114.6952,-1.882,-1.345
2015-03-27,98.9355,99.3324,114.8518,-1.745,-1.21
2015-03-30,99.4697,99.8688,115.5709,-1.215,-0.592
2015-03-31,99.0552,99.4526,114.9678,-1.626,-1.11
2015-04-01,99.0219,99.6184,115.1852,-1.66,-0.923
2015-04-02,99.2101,99.8078,115.4706,-1.473,-0.678
2015-04-06,99.7351,100.3359,116.0974,-0.951,-0.139
2015-04-07,99.6188,100.2189,115.9874,-1.067,-0.233
2015-04-08,99.7684,100.3695,116.2955,-0.918,0.0
2015-04-09,99.979,100.5813,116.489,-0.709,0.0
2015-04-10,100.0912,100.6941,116.7496,-0.598,0.0
2015-04-13,99.6757,100.2761,116.4167,-1.01,-0.285
2015-04-14,99.6084,100.2085,116.7673,-1.077,0.0
2015-04-15,99.991,100.5934,117.1671,-0.697,0.0
2015-04-16,100.092,100.6949,117.2303,-0.597,0.0
2015-04-17,99.3873,99.986,116.439,-1.297,-0.675
2015-04-20,99.8171,100.4184,116.8259,-0.87,-0.345
2015-04-21,100.1198,100.723,116.9025,-0.569,-0.28
2015-04-22,100.2198,100.8236,117.0306,-0.47,-0.17
2015-04-23,100.4799,101.0852,117.3639,-0.212,0.0
2015-04-24,100.6567,101.2631,117.6356,-0.036,0.0
2015-04-27,100.6254,101.2316,117.5431,-0.067,-0.079
2015-04-28,100.5526,101.1583,117.5726,-0.139,-0.054
2015-04-29,100.0975,100.7005,117.0496,-0.591,-0.498
2015-04-30,99.658,100.2583,116.3861,-1.028,-1.062
2015-05-01,100.0022,100.6047,116.9204,-0.686,-0.608
2015-05-04,100.2898,100.8939,117.0454,-0.4,-0.502
2015-05-05,99.5661,100.1659,116.0907,-1.119,-1.313
2015-05-06,99.1048,99.7019,115.7624,-1.577,-1.592
2015-05-07,99.3838,99.9825,115.9479,-1.3,-1.435
2015-05-08,100.2819,100.886,117.1502,-0.408,-0.413
2015-05-11,99.8044,100.4056,116.4896,-0.882,-0.974
2015-05-12,99.7504,100.3513,116.2798,-0.936,-1.153
2015-05-13,99.8197,100.4211,116.4047,-0.867,-1.046
2015-05-14,100.4388,101.0438,117.2696,-0.252,-0.311
2015-05-15,100.6342,101.2405,117.5695,-0.058,-0.056
2015-05-18,100.5127,101.1182,117.4304,-0.179,-0.174
2015-05-19,100.2953,100.8995,117.2379,-0.395,-0.338
2015-05-20,100.4275,101.0325,117.2382,-0.264,-0.338
2015-05-21,100.7049,101.3116,117.6262,0.0,-0.008
2015-05-22,100.697,101.3037,117.3798,-0.008,-0.217
2015-05-26,99.9896,100.592,116.5646,-0.71,-0.91
2015-05-27,100.4668,101.072,117.202,-0.236,-0.369
2015-05-28,100.3429,100.9473,117.0496,-0.36,-0.498
2015-05-29,100.0413,100.6439,116.5201,-0.659,-0.948
2015-06-01,99.7488,100.3497,116.4043,-0.949,-1.047
2015-06-02,99.6911,100.2916,116.3605,-1.007,-1.084
2015-06-03,99.6337,100.2339,116.3671,-1.064,-1.078
2015-06-04,99.0921,99.689,115.811,-1.602,-1.551
2015-06-05,98.9152,99.511,115.3331,-1.777,-1.957
2015-06-08,98.6544,99.2487,115.0491,-2.036,-2.199
2015-06-09,98.5543,99.148,114.7941,-2.136,-2.415
2015-06-10,99.2425,99.8403,115.6853,-1.452,-1.658
2015-06-11,99.4449,100.044,116.0741,-1.251,-1.327
2015-06-12,99.0878,99.6847,115.5404,-1.606,-1.781
2015-06-15,98.9854,99.5817,115.1697,-1.707,-2.096
2015-06-16,99.5052,100.1047,115.5631,-1.191,-1.762
2015-06-17,99.6021,100.2021,115.6417,-1.095,-1.695
2015-06-18,100.2062,100.8098,116.2873,-0.495,-1.146
2015-06-19,99.8558,100.4573,116.0307,-0.843,-1.364
2015-06-22,100.2056,100.8093,116.5435,-0.496,-0.928
2015-06-23,100.2434,100.8472,116.5681,-0.458,-0.907
2015-06-24,99.8121,100.4134,116.1247,-0.887,-1.284
2015-06-25,99.6266,100.2268,115.8897,-1.071,-1.484
2015-06-26,99.4593,100.0584,115.7866,-1.237,-1.572
2015-06-29,98.6356,99.2298,114.3603,-2.055,-2.784
2015-06-30,98.826,99.4213,114.4448,-1.866,-2.712
2015-07-01,98.7526,99.5466,114.794,-1.939,-2.416
2015-07-02,98.7644,99.5585,114.9275,-1.927,-2.302
2015-07-06,98.6214,99.4143,114.4656,-2.069,-2.695
2015-07-07,98.6318,99.4249,114.7262,-2.059,-2.473
2015-07-08,97.7226,98.5083,113.4749,-2.961,-3.537
2015-07-09,97.9281,98.7155,113.7459,-2.757,-3.307
2015-07-10,99.0156,99.8117,114.7248,-1.677,-2.474
2015-07-13,99.6299,100.4309,115.2339,-1.067,-2.042
2015-07-14,99.8079,100.6104,115.6793,-0.891,-1.663
2015-07-15,99.6923,100.4938,115.6533,-1.006,-1.685
2015-07-16,100.0163,100.8205,116.1849,-0.684,-1.233
2015-07-17,100.1637,100.9691,116.2008,-0.537,-1.22
2015-07-20,100.0071,100.8112,116.1832,-0.693,-1.235
2015-07-21,99.8703,100.6733,116.0403,-0.829,-1.356
2015-07-22,99.5398,100.3401,115.7605,-1.157,-1.594
2015-07-23,99.2566,100.0546,115.5168,-1.438,-1.801
2015-07-24,98.9519,99.7475,114.7713,-1.741,-2.435
2015-07-27,98.6163,99.4092,114.4133,-2.074,-2.739
2015-07-28,99.1618,99.959,115.1511,-1.532,-2.112
2015-07-29,99.3659,100.1648,115.5276,-1.33,-1.792
2015-07-30,99.308,100.1064,115.5155,-1.387,-1.802
2015-07-31,99.3195,100.118,115.7163,-1.376,-1.632
2015-08-03,99.0281,99.8243,115.555,-1.665,-1.769
2015-08-04,98.9921,99.7881,115.3181,-1.701,-1.97
2015-08-05,99.0805,99.8771,115.5389,-1.613,-1.782
2015-08-06,98.6133,99.4062,115.0926,-2.077,-2.162
2015-08-07,98.5547,99.3471,115.0493,-2.135,-2.199
2015-08-10,98.8351,99.6298,115.8309,-1.857,-1.534
2015-08-11,98.4583,99.2499,115.186,-2.231,-2.082
2015-08-12,98.4028,99.1939,115.0648,-2.286,-2.185
2015-08-13,98.2324,99.0222,114.8586,-2.455,-2.361
2015-08-14,98.3878,99.1788,115.0437,-2.301,-2.203
2015-08-17,98.4769,99.2686,115.347,-2.212,-1.945
2015-08-18,97.3616,98.1444,114.9464,-3.32,-2.286
2015-08-19,97.3703,98.1531,114.5191,-3.311,-2.649
2015-08-20,96.4741,97.2498,113.0954,-4.201,-3.86
2015-08-21,94.8998,95.6628,111.2176,-5.764,-5.456
2015-08-24,92.5897,93.3341,108.6577,-8.058,-7.632
2015-08-25,92.5077,93.2514,108.1481,-8.14,-8.065
2015-08-26,94.2565,95.0143,110.1331,-6.403,-6.378
2015-08-27,95.3879,96.1548,111.6433,-5.28,-5.094
2015-08-28,95.4919,96.2597,111.6478,-5.177,-5.09
2015-08-31,95.0098,95.7737,111.0407,-5.655,-5.606
2015-09-01,93.6608,94.4138,109.1074,-6.995,-7.25
2015-09-02,94.5629,95.3232,110.2317,-6.099,-6.294
2015-09-03,94.4733,95.2329,110.3248,-6.188,-6.215
2015-09-04,93.7973,94.5514,109.264,-6.859,-7.117
2015-09-08,95.1576,95.9227,110.8375,-5.508,-5.779
2015-09-09,94.5204,95.2804,110.1483,-6.141,-6.365
2015-09-10,94.8322,95.5946,110.4263,-5.832,-6.128
2015-09-11,95.101,95.8656,110.6954,-5.565,-5.9
2015-09-14,94.7296,95.4913,110.4372,-5.933,-6.119
2015-09-15,95.0889,95.8534,110.9482,-5.577,-5.685
2015-09-16,95.5993,96.368,111.6555,-5.07,-5.084
2015-09-17,95.7573,96.5272,111.8181,-4.913,-4.945
2015-09-18,95.1822,95.9475,110.7352,-5.484,-5.866
2015-09-21,95.0687,95.8331,110.8082,-5.597,-5.804
2015-09-22,94.5033,95.2631,109.834,-6.158,-6.632
2015-09-23,94.3928,95.1517,109.6332,-6.268,-6.803
2015-09-24,94.4124,95.1715,109.457,-6.248,-6.952
2015-09-25,94.2368,94.9945,109.4771,-6.423,-6.935
2015-09-28,93.2155,93.965,108.082,-7.437,-8.121
2015-09-29,93.1841,93.9333,108.1791,-7.468,-8.039
2015-09-30,94.0596,94.8159,109.5198,-6.599,-6.899
2015-10-01,94.122,95.0689,109.715,-6.537,-6.733
2015-10-02,95.0298,95.9858,110.9567,-5.635,-5.678
2015-10-05,95.8262,96.7902,112.0452,-4.845,-4.752
2015-10-06,95.8473,96.8116,111.9472,-4.824,-4.836
2015-10-07,96.2223,97.1903,112.7067,-4.451,-4.19
2015-10-08,96.5421,97.5133,113.2015,-4.134,-3.769
2015-10-09,96.7283,97.7014,113.2853,-3.949,-3.698
2015-10-12,96.8362,97.8104,113.257,-3.842,-3.722
2015-10-13,96.5293,97.5004,112.6509,-4.146,-4.237
2015-10-14,96.658,97.6304,112.7257,-4.019,-4.174
2015-10-15,97.4552,98.4356,113.7334,-3.227,-3.317
2015-10-16,97.762,98.7456,113.8944,-2.922,-3.18
2015-10-19,97.7572,98.7406,113.7911,-2.927,-3.268
2015-10-20,97.7032,98.6861,113.6468,-2.981,-3.391
2015-10-21,97.3528,98.3322,113.3167,-3.329,-3.671
2015-10-22,98.3824,99.3722,114.5355,-2.306,-2.635
2015-10-23,99.0871,100.0839,115.1071,-1.607,-2.149
2015-10-26,99.1953,100.1932,114.9147,-1.499,-2.313
2015-10-27,99.2721,100.2709,114.6156,-1.423,-2.567
2015-10-28,99.7496,100.7531,115.1645,-0.949,-2.101
2015-10-29,99.7151,100.7183,114.7841,-0.983,-2.424
2015-10-30,99.7985,100.8025,114.6041,-0.9,-2.577
2015-11-02,101.0311,102.0475,115.3332,0.0,-1.957
2015-11-03,101.9604,102.9862,115.4941,0.0,-1.82
2015-11-04,101.9121,102.9374,115.2455,-0.047,-2.032
2015-11-05,101.3275,102.3469,115.0111,-0.621,-2.231
2015-11-06,100.834,101.8485,114.681,-1.105,-2.512
2015-11-09,100.395,101.405,113.9476,-1.535,-3.135
2015-11-10,99.5591,100.5607,114.0263,-2.355,-3.068
2015-11-11,98.927,99.9223,113.9238,-2.975,-3.155
2015-11-12,98.8693,99.8639,113.0414,-3.032,-3.905
2015-11-13,98.2177,99.2058,112.3585,-3.671,-4.486
2015-11-16,98.9113,99.9064,113.3804,-2.99,-3.617
2015-11-17,98.8907,99.8855,113.4208,-3.011,-3.583
2015-11-18,99.6729,100.6756,114.3673,-2.244,-2.778
2015-11-19,99.6761,100.6788,114.52,-2.24,-2.648
2015-11-20,99.8191,100.8233,114.6863,-2.1,-2.507
2015-11-23,99.6725,100.6753,114.4351,-2.244,-2.721
2015-11-24,99.7127,100.7158,114.573,-2.205,-2.603
2015-11-25,99.827,100.8313,114.5633,-2.092,-2.612
2015-11-27,100.3353,101.3448,114.5333,-1.594,-2.637
2015-11-30,100.613,101.6252,114.3273,-1.322,-2.812
2015-12-01,100.8334,101.8478,115.1909,-1.105,-2.078
2015-12-02,100.2271,101.2354,114.3764,-1.7,-2.771
2015-12-03,99.4687,100.4694,113.2556,-2.444,-3.723
2015-12-04,100.5058,101.5169,114.538,-1.427,-2.633
2015-12-07,100.829,101.8433,114.0744,-1.11,-3.027
2015-12-08,100.9014,101.9165,113.44,-1.039,-3.567
2015-12-09,100.4307,101.4411,113.0056,-1.5,-3.936
2015-12-10,100.4263,101.4366,113.0728,-1.505,-3.879
2015-12-11,100.1896,101.1976,111.7843,-1.737,-4.974
2015-12-14,100.2659,101.2747,111.9356,-1.662,-4.845
2015-12-15,101.1574,102.175,112.5438,-0.788,-4.328
2015-12-16,101.7404,102.764,113.6034,-0.216,-3.428
2015-12-17,101.0507,102.0673,112.6805,-0.892,-4.212
2015-12-18,100.4247,101.435,111.7441,-1.506,-5.008
2015-12-21,100.3805,101.3904,112.2554,-1.55,-4.574
2015-12-22,100.7117,101.7249,112.7645,-1.225,-4.141
2015-12-23,101.3618,102.3816,113.7102,-0.587,-3.337
2015-12-24,101.5517,102.5734,113.62,-0.401,-3.414
2015-12-28,100.7522,101.7658,113.4325,-1.185,-3.573
2015-12-29,101.4548,102.4755,114.0235,-0.496,-3.071
2015-12-30,100.8829,101.8978,113.5151,-1.057,-3.503
2015-12-31,100.4824,101.4933,112.9232,-1.45,-4.006
2016-01-04,99.6314,100.8354,111.8772,-2.284,-4.895
2016-01-05,99.6301,100.8341,111.9729,-2.286,-4.814
2016-01-06,99.094,100.2915,111.2333,-2.811,-5.442
2016-01-07,98.2812,99.4689,109.7154,-3.608,-6.733
2016-01-08,97.7071,98.8878,109.0643,-4.172,-7.286
2016-01-11,97.6698,98.8501,108.924,-4.208,-7.406
2016-01-12,97.9303,99.1138,109.4444,-3.953,-6.963
2016-01-13,96.7678,97.9372,108.2171,-5.093,-8.006
2016-01-14,97.4569,98.6347,109.1206,-4.417,-7.238
2016-01-15,95.5029,96.657,107.4719,-6.333,-8.64
2016-01-19,95.8365,96.9946,107.7021,-6.006,-8.444
2016-01-20,95.8506,97.0089,106.7587,-5.992,-9.246
2016-01-21,95.8747,97.0333,107.1015,-5.969,-8.955
2016-01-22,96.5943,97.7616,108.5387,-5.263,-7.733
2016-01-25,96.1021,97.2634,107.5624,-5.746,-8.563
2016-01-26,96.7613,97.9306,108.5881,-5.099,-7.691
2016-01-27,96.2144,97.3771,108.0095,-5.636,-8.183
2016-01-28,96.3869,97.5517,108.4053,-5.466,-7.847
2016-01-29,97.5046,98.6829,110.0159,-4.37,-6.477
2016-02-01,97.4158,98.593,109.794,-4.457,-6.666
2016-02-02,96.5906,97.7578,108.6873,-5.267,-7.607
2016-02-03,96.9087,98.0798,109.2327,-4.955,-7.143
2016-02-04,97.3277,98.5038,109.4197,-4.544,-6.984
2016-02-05,96.4183,97.5834,108.292,-5.436,-7.943
2016-02-08,95.8286,96.9866,107.5451,-6.014,-8.578
2016-02-09,95.7301,96.8869,107.2712,-6.111,-8.811
2016-02-10,95.9734,97.1332,107.3348,-5.872,-8.756
2016-02-11,95.8278,96.9858,106.5257,-6.015,-9.444
2016-02-12,96.5021,97.6683,107.536,-5.353,-8.585
2016-02-16,97.3472,98.5235,108.5828,-4.525,-7.696
2016-02-17,98.2657,99.4532,109.6608,-3.624,-6.779
2016-02-18,98.3097,99.4977,109.5464,-3.581,-6.876
2016-02-19,98.2521,99.4395,109.4,-3.637,-7.001
2016-02-22,99.0546,100.2516,110.2554,-2.85,-6.274
2016-02-23,98.3046,99.4926,109.4268,-3.586,-6.978
2016-02-24,98.5809,99.7722,109.6109,-3.315,-6.822
2016-02-25,99.1517,100.3499,110.4081,-2.755,-6.144
2016-02-26,98.9637,100.1596,110.2235,-2.939,-6.301
2016-02-29,98.8504,100.045,109.7897,-3.05,-6.67
2016-03-01,99.9604,101.1683,111.282,-1.962,-5.401
2016-03-02,100.1137,101.3235,111.6453,-1.811,-5.092
2016-03-03,100.3494,101.5621,112.06,-1.58,-4.74
2016-03-04,100.3648,101.5777,112.4104,-1.565,-4.442
2016-03-07,100.3197,101.532,112.4174,-1.609,-4.436
2016-03-08,99.8606,101.0673,111.7635,-2.059,-4.992
2016-03-09,100.0056,101.2141,112.0817,-1.917,-4.721
2016-03-10,100.0339,101.2427,112.0433,-1.89,-4.754
2016-03-11,100.7984,102.0165,113.2599,-1.14,-3.72
2016-03-14,100.5792,101.7947,113.1732,-1.355,-3.793
2016-03-15,100.4249,101.6385,112.8257,-1.506,-4.089
2016-03-16,101.0942,102.3159,113.575,-0.85,-3.452
2016-03-17,101.449,102.6749,114.2023,-0.502,-2.919
2016-03-18,101.483,102.7093,114.3756,-0.468,-2.771
2016-03-21,101.5505,102.7777,114.386,-0.402,-2.762
2016-03-22,101.5709,102.7983,114.3052,-0.382,-2.831
2016-03-23,101.0891,102.3107,113.8235,-0.855,-3.241
2016-03-24,100.9637,102.1838,113.6152,-0.978,-3.418
2016-03-28,101.1003,102.322,113.8149,-0.844,-3.248
2016-03-29,101.8362,103.0669,114.6718,-0.122,-2.519
2016-03-30,102.0068,103.2395,115.0729,0.0,-2.179
2016-03-31,102.0,103.2326,114.8776,-0.007,-2.345
2016-04-01,102.0179,103.4577,114.994,0.0,-2.246
2016-04-04,101.8044,103.2411,114.7506,-0.209,-2.452
2016-04-05,101.3936,102.8245,113.9723,-0.612,-3.114
2016-04-06,101.9803,103.4195,114.7899,-0.037,-2.419
2016-04-07,101.4079,102.8391,114.0488,-0.598,-3.049
2016-04-08,101.6446,103.0791,114.5893,-0.366,-2.59
2016-04-11,101.6955,103.1307,114.5053,-0.316,-2.661
2016-04-12,102.2332,103.676,115.255,0.0,-2.024
2016-04-13,102.7904,104.241,116.0861,0.0,-1.317
2016-04-14,102.6596,104.1084,116.0167,-0.127,-1.376
2016-04-15,102.7378,104.1877,116.0149,-0.051,-1.378
2016-04-18,103.0686,104.5232,116.5136,0.0,-0.954
2016-04-19,103.4666,104.9268,117.1124,0.0,-0.445
2016-04-20,103.4534,104.9134,116.9723,-0.013,-0.564
2016-04-21,103.2639,104.7212,116.5025,-0.196,-0.963
2016-04-22,102.8158,104.2668,116.4827,-0.629,-0.98
2016-04-25,102.9348,104.3874,116.2339,-0.514,-1.192
2016-04-26,103.0845,104.5393,116.3326,-0.369,-1.108
2016-04-27,102.8978,104.35,116.6406,-0.55,-0.846
2016-04-28,102.695,104.1443,116.0263,-0.746,-1.368
2016-04-29,102.6674,104.1163,115.7197,-0.772,-1.629
2016-05-02,102.7881,104.2387,116.1598,-0.656,-1.255
2016-05-03,102.2448,103.6877,115.415,-1.181,-1.888
2016-05-04,101.7601,103.1963,114.8953,-1.649,-2.329
2016-05-05,101.7496,103.1856,114.9433,-1.659,-2.289
2016-05-06,102.1033,103.5442,115.1481,-1.318,-2.115
2016-05-09,101.8798,103.3176,115.1075,-1.534,-2.149
2016-05-10,102.5666,104.0141,116.0512,-0.87,-1.347
2016-05-11,102.3133,103.7572,115.4726,-1.115,-1.839
2016-05-12,102.1978,103.64,115.505,-1.226,-1.811
2016-05-13,101.8039,103.2406,114.8167,-1.607,-2.396
2016-05-16,102.343,103.7873,115.5045,-1.086,-1.812
2016-05-17,101.9445,103.3833,114.8903,-1.471,-2.334
2016-05-18,101.7091,103.1445,114.6298,-1.699,-2.555
2016-05-19,101.2168,102.6453,114.3574,-2.174,-2.787
2016-05-20,101.6858,103.1209,114.8267,-1.721,-2.388
2016-05-23,101.6209,103.055,114.6951,-1.784,-2.5
2016-05-24,102.2329,103.6756,115.5622,-1.192,-1.763
2016-05-25,102.7073,104.1567,116.1026,-0.734,-1.303
2016-05-26,102.873,104.3248,116.2588,-0.574,-1.17
2016-05-27,103.2012,104.6577,116.3737,-0.256,-1.073
2016-05-31,103.8434,105.3089,116.2953,0.0,-1.139
2016-06-01,103.9806,105.448,116.4043,0.0,-1.047
2016-06-02,104.2031,105.6736,116.681,0.0,-0.811
2016-06-03,104.8646,106.3445,117.0446,0.0,-0.502
2016-06-06,105.3112,106.7974,117.3725,0.0,-0.224
2016-06-07,105.4174,106.9051,117.6629,0.0,0.0
2016-06-08,105.7997,107.2928,117.9616,0.0,0.0
2016-06-09,105.5314,107.0207,117.616,-0.254,-0.293
2016-06-10,104.8622,106.3421,116.5708,-0.886,-1.179
2016-06-13,105.9936,107.4895,115.9012,0.0,-1.747
2016-06-14,105.5682,107.058,115.5225,-0.401,-2.068
2016-06-15,105.7549,107.2473,115.7364,-0.225,-1.886
2016-06-16,106.6602,108.1654,115.917,0.0,-1.733
2016-06-17,106.386,107.8874,115.8479,-0.257,-1.792
2016-06-20,106.632,108.1368,116.5621,-0.026,-1.186
2016-06-21,105.7713,107.2641,116.7889,-0.833,-0.994
2016-06-22,104.8551,106.3349,116.7221,-1.692,-1.051
2016-06-23,105.9113,107.406,117.8595,-0.702,-0.087
2016-06-24,104.4941,105.9688,114.5365,-2.031,-2.904
2016-06-27,103.632,105.0946,113.5666,-2.839,-3.726
2016-06-28,104.5285,106.0037,114.9938,-1.999,-2.516
2016-06-29,105.3263,106.8127,116.2033,-1.251,-1.491
2016-06-30,106.4155,107.9173,117.1661,-0.229,-0.674
2016-07-01,106.6215,108.3429,117.4572,-0.036,-0.428
2016-07-05,106.105,107.818,116.8839,-0.521,-0.914
2016-07-06,106.475,108.194,117.1956,-0.174,-0.649
2016-07-07,106.0391,107.7511,116.9911,-0.582,-0.823
2016-07-08,107.1836,108.9141,118.2208,0.0,0.0
2016-07-11,107.1951,108.9257,118.5318,0.0,0.0
2016-07-12,107.5956,109.3327,119.0056,0.0,0.0
2016-07-13,107.5477,109.2841,119.0668,-0.044,0.0
2016-07-14,107.8205,109.5613,119.4803,0.0,0.0
2016-07-15,107.681,109.4195,119.1566,-0.129,-0.271
2016-07-18,107.9707,109.7139,119.3966,0.0,-0.07
2016-07-19,107.8251,109.5659,119.1941,-0.135,-0.24
2016-07-20,107.9667,109.7098,119.5287,-0.004,0.0
2016-07-21,107.9211,109.6635,119.3805,-0.046,-0.124
2016-07-22,107.9767,109.7199,119.6472,0.0,0.0
2016-07-25,107.7472,109.4868,119.4233,-0.213,-0.187
2016-07-26,107.8769,109.6186,119.5154,-0.092,-0.11
2016-07-27,108.1715,109.9179,119.7389,0.0,0.0
2016-07-28,108.2493,109.997,119.7594,0.0,0.0
2016-07-29,108.6304,110.3842,120.2322,0.0,0.0
2016-08-01,108.0769,109.8218,119.9123,-0.509,-0.266
2016-08-02,107.2751,109.007,119.4705,-1.248,-0.634
2016-08-03,107.5412,109.2774,119.5673,-1.003,-0.553
2016-08-04,107.8754,109.617,119.8291,-0.695,-0.335
2016-08-05,108.1003,109.8456,120.1736,-0.488,-0.049
2016-08-08,108.237,109.9845,120.2443,-0.362,0.0
2016-08-09,108.4196,110.17,120.5996,-0.194,0.0
2016-08-10,108.411,110.1613,120.5841,-0.202,-0.013
2016-08-11,108.592,110.3452,120.9004,-0.035,0.0
2016-08-12,108.5758,110.3287,120.8681,-0.05,-0.027
2016-08-15,108.5937,110.3469,121.0842,-0.034,0.0
2016-08-16,108.3994,110.1495,120.7188,-0.213,-0.302
2016-08-17,108.416,110.1663,120.8718,-0.197,-0.175
2016-08-18,108.6594,110.4137,121.1707,0.0,0.0
2016-08-19,108.3913,110.1412,120.839,-0.247,-0.274
2016-08-22,108.4326,110.1832,120.8695,-0.209,-0.249
2016-08-23,108.5272,110.2794,121.0558,-0.122,-0.095
2016-08-24,108.1884,109.9351,120.7557,-0.433,-0.342
2016-08-25,108.0944,109.8395,120.6191,-0.52,-0.455
2016-08-26,107.8652,109.6067,120.2301,-0.731,-0.776
2016-08-29,108.1547,109.9008,120.7331,-0.465,-0.361
2016-08-30,107.9801,109.7235,120.5328,-0.625,-0.526
2016-08-31,107.7322,109.4715,120.2534,-0.853,-0.757
2016-09-01,107.9298,109.6723,120.4666,-0.672,-0.581
2016-09-02,108.3715,110.1212,120.901,-0.265,-0.223
2016-09-06,109.2866,111.051,121.4526,0.0,0.0
2016-09-07,109.2921,111.0566,121.4874,0.0,0.0
2016-09-08,109.0839,110.8451,121.1569,-0.19,-0.272
2016-09-09,107.5142,109.25,119.2061,-1.627,-1.878
2016-09-12,108.1116,109.8571,120.1111,-1.08,-1.133
2016-09-13,107.169,108.8993,118.6744,-1.943,-2.315
2016-09-14,107.3217,109.0544,118.7277,-1.803,-2.272
2016-09-15,107.9228,109.6652,119.4951,-1.253,-1.64
2016-09-16,107.6776,109.4161,119.086,-1.477,-1.977
2016-09-19,107.7653,109.5051,119.2315,-1.397,-1.857
2016-09-20,107.8852,109.627,119.3217,-1.287,-1.783
2016-09-21,108.7338,110.4893,120.477,-0.511,-0.832
2016-09-22,109.1953,110.9583,121.1126,-0.089,-0.309
2016-09-23,108.8322,110.5893,120.5743,-0.421,-0.752
2016-09-26,108.4025,110.1526,120.0325,-0.814,-1.198
2016-09-27,108.849,110.6064,120.536,-0.405,-0.783
2016-09-28,109.1017,110.8631,121.0153,-0.174,-0.389
2016-09-29,108.532,110.2843,120.2768,-0.695,-0.997
2016-09-30,108.9652,110.7244,120.7348,-0.299,-0.62
2016-10-03,108.6333,110.6084,120.5151,-0.603,-0.8
2016-10-04,108.091,110.0562,120.0435,-1.099,-1.189
2016-10-05,108.3333,110.303,120.3362,-0.877,-0.948
2016-10-06,108.2342,110.202,120.2726,-0.968,-1.0
2016-10-07,108.0988,110.0642,119.9819,-1.092,-1.239
2016-10-10,108.4667,110.4388,120.2587,-0.755,-1.011
2016-10-11,107.8702,109.8314,119.2197,-1.301,-1.867
2016-10-12,107.8574,109.8184,119.2785,-1.313,-1.818
2016-10-13,107.7028,109.661,119.0858,-1.454,-1.977
2016-10-14,107.7371,109.6959,119.0411,-1.423,-2.014
2016-10-17,107.6741,109.6318,118.9576,-1.48,-2.082
2016-10-18,108.1903,110.1573,119.5816,-1.008,-1.569
2016-10-19,108.3226,110.292,119.8293,-0.887,-1.365
2016-10-20,108.1739,110.1406,119.7125,-1.023,-1.461
2016-10-21,108.2247,110.1923,119.7342,-0.977,-1.443
2016-10-24,108.6291,110.6042,119.8852,-0.607,-1.319
2016-10-25,108.5573,110.531,119.7236,-0.672,-1.452
2016-10-26,108.4332,110.4047,119.3974,-0.786,-1.72
2016-10-27,108.2712,110.2397,119.0824,-0.934,-1.98
2016-10-28,108.0602,110.0249,118.8832,-1.127,-2.144
2016-10-31,108.1872,110.1542,118.9554,-1.011,-2.084
2016-11-01,108.1186,110.0843,118.5172,-1.074,-2.445
2016-11-02,107.8729,109.8342,118.0527,-1.299,-2.827
2016-11-03,107.1565,109.1047,117.8211,-1.954,-3.018
2016-11-04,107.1146,109.062,117.6193,-1.992,-3.184
2016-11-07,108.1758,110.1426,119.0166,-1.021,-2.034
2016-11-08,108.4243,110.3956,119.2257,-0.794,-1.862
2016-11-09,108.4459,110.4176,119.1051,-0.774,-1.961
2016-11-10,107.8487,109.8096,118.8618,-1.321,-2.161
2016-11-11,107.3915,109.344,118.445,-1.739,-2.504
2016-11-14,106.9726,108.9175,118.1304,-2.122,-2.763
2016-11-15,107.7166,109.675,118.8102,-1.442,-2.204
2016-11-16,107.9099,109.8718,118.5852,-1.265,-2.389
2016-11-17,108.0561,110.0207,118.7691,-1.131,-2.237
2016-11-18,107.8742,109.8355,118.3721,-1.297,-2.564
2016-11-21,108.2863,110.2551,118.9306,-0.92,-2.105
2016-11-22,108.6068,110.5815,119.1734,-0.627,-1.905
2016-11-23,108.249,110.2171,118.9887,-0.954,-2.057
2016-11-25,108.3103,110.2795,119.2949,-0.898,-1.805
2016-11-28,108.2656,110.234,119.0841,-0.939,-1.978
2016-11-29,108.3606,110.3307,119.309,-0.852,-1.793
2016-11-30,108.1668,110.1334,119.0154,-1.03,-2.035
2016-12-01,107.821,109.7814,118.5888,-1.346,-2.386
2016-12-02,108.1112,110.0768,118.8516,-1.081,-2.17
2016-12-05,108.2979,110.2669,119.3755,-0.91,-1.738
2016-12-06,108.6008,110.5753,119.665,-0.633,-1.5
2016-12-07,109.3602,111.3485,120.7394,0.0,-0.616
2016-12-08,109.5336,111.525,120.7936,0.0,-0.571
2016-12-09,109.7392,111.7344,121.0329,0.0,-0.374
2016-12-12,109.564,111.5561,120.787,-0.16,-0.577
2016-12-13,110.0595,112.0605,121.4193,0.0,-0.056
2016-12-14,109.3459,111.334,120.3274,-0.648,-0.955
2016-12-15,109.3549,111.3431,120.4299,-0.64,-0.87
2016-12-16,109.2868,111.2738,120.3368,-0.702,-0.947
2016-12-19,109.4778,111.4682,120.5467,-0.529,-0.774
2016-12-20,109.6833,111.6775,120.8191,-0.342,-0.55
2016-12-21,109.9413,111.9402,120.7138,-0.107,-0.637
2016-12-22,110.0421,112.0428,120.5039,-0.016,-0.81
2016-12-23,110.6869,112.6993,120.6381,0.0,-0.699
2016-12-27,111.0089,113.0272,120.7332,0.0,-0.621
2016-12-28,111.1313,113.1518,120.4324,0.0,-0.868
2016-12-29,111.306,113.3297,120.679,0.0,-0.665
2016-12-30,110.9288,112.9457,120.645,-0.339,-0.693
2017-01-03,111.5528,113.8086,121.1606,0.0,-0.269
2017-01-04,112.6037,114.8808,121.7514,0.0,0.0
2017-01-05,112.1116,114.3787,122.1428,-0.437,0.0
2017-01-06,111.5618,113.8177,122.0894,-0.925,-0.044
2017-01-09,111.5127,113.7677,122.0065,-0.969,-0.112
2017-01-10,111.6645,113.9225,122.0295,-0.834,-0.093
2017-01-11,111.2155,113.4645,122.3762,-1.233,0.0
2017-01-12,111.3888,113.6413,122.3168,-1.079,-0.049
2017-01-13,111.6058,113.8626,122.4092,-0.886,0.0
2017-01-17,112.0057,114.2706,122.3215,-0.531,-0.072
2017-01-18,111.7488,114.0085,122.0425,-0.759,-0.3
2017-01-19,111.6475,113.9052,121.7733,-0.849,-0.519
2017-01-20,111.8284,114.0898,122.0665,-0.689,-0.28
2017-01-23,112.1294,114.3968,122.2008,-0.421,-0.17
2017-01-24,112.2582,114.5282,122.5394,-0.307,0.0
2017-01-25,112.6962,114.9751,123.068,0.0,0.0
2017-01-26,112.7526,115.0326,122.9694,0.0,-0.08
2017-01-27,112.7402,115.02,122.8947,-0.011,-0.141
2017-01-30,112.3437,114.6155,122.4212,-0.363,-0.525
2017-01-31,112.7349,115.0146,122.5783,-0.016,-0.398
2017-02-01,112.9661,115.2505,122.5845,0.0,-0.393
2017-02-02,113.1936,115.4825,122.6671,0.0,-0.326
2017-02-03,113.6176,115.9151,123.1591,0.0,0.0
2017-02-06,113.7098,116.0092,123.0581,0.0,-0.082
2017-02-07,113.8509,116.1532,123.1214,0.0,-0.031
2017-02-08,114.0848,116.3918,123.3954,0.0,0.0
2017-02-09,113.9009,116.2041,123.6141,-0.161,0.0
2017-02-10,114.1398,116.4479,123.9387,0.0,0.0
2017-02-13,114.3883,116.7015,124.2504,0.0,0.0
2017-02-14,114.5929,116.9102,124.3368,0.0,0.0
2017-02-15,114.9167,117.2405,124.6572,0.0,0.0
2017-02-16,115.0161,117.3419,124.728,0.0,0.0
2017-02-17,115.1959,117.5253,124.8089,0.0,0.0
2017-02-21,115.9489,118.2935,125.2487,0.0,0.0
2017-02-22,115.9859,118.3313,125.2604,0.0,0.0
2017-02-23,116.3322,118.6846,125.4047,0.0,0.0
2017-02-24,116.41,118.764,125.4402,0.0,0.0
2017-02-27,116.4108,118.7648,125.3927,0.0,-0.038
2017-02-28,116.2286,118.5789,125.1169,-0.157,-0.258
2017-03-01,117.1061,119.4742,125.9362,0.0,0.0
2017-03-02,116.6488,119.0077,125.3222,-0.39,-0.488
2017-03-03,116.9748,119.3402,125.5126,-0.112,-0.336
2017-03-06,116.7827,119.1443,125.2597,-0.276,-0.537
2017-03-07,116.2803,118.6317,124.9567,-0.705,-0.778
2017-03-08,115.5423,117.8788,124.5821,-1.335,-1.075
2017-03-09,115.662,118.0009,124.5178,-1.233,-1.126
2017-03-10,115.5323,117.8685,125.0291,-1.344,-0.72
2017-03-13,116.3098,118.6618,125.1057,-0.68,-0.66
2017-03-14,116.0923,118.4399,124.7469,-0.866,-0.944
2017-03-15,117.0632,119.4304,125.8877,-0.037,-0.039
2017-03-16,116.7138,119.074,125.8813,-0.335,-0.044
2017-03-17,116.2337,118.5842,125.8686,-0.745,-0.054
2017-03-20,116.0366,118.3831,125.9724,-0.913,0.0
2017-03-21,115.7114,118.0513,125.2466,-1.191,-0.576
2017-03-22,115.5755,117.9127,125.4633,-1.307,-0.404
2017-03-23,115.4241,117.7582,125.4452,-1.436,-0.419
2017-03-24,114.9532,117.2778,125.5116,-1.838,-0.366
2017-03-27,115.5975,117.9351,125.5679,-1.288,-0.321
2017-03-28,115.933,118.2774,125.9378,-1.002,-0.028
2017-03-29,116.1461,118.4947,126.141,-0.82,0.0
2017-03-30,116.0426,118.3892,126.0944,-0.908,-0.037
2017-03-31,116.2014,118.5512,125.9278,-0.773,-0.169
2017-04-03,116.4326,119.0252,126.0429,-0.575,-0.078
2017-04-04,116.4012,118.9931,126.0351,-0.602,-0.084
2017-04-05,116.1942,118.7814,125.8134,-0.779,-0.26
2017-04-06,116.5792,119.175,125.9625,-0.45,-0.142
2017-04-07,116.4648,119.058,125.7809,-0.548,-0.285
2017-04-10,116.557,119.1523,125.8453,-0.469,-0.234
2017-04-11,116.7448,119.3442,126.0153,-0.309,-0.1
2017-04-12,116.6263,119.2232,125.9314,-0.41,-0.166
2017-04-13,116.2583,118.847,125.5313,-0.724,-0.483
2017-04-17,116.8694,119.4717,126.1383,-0.202,-0.002
2017-04-18,116.8064,119.4072,126.0092,-0.256,-0.105
2017-04-19,116.5933,119.1894,125.6948,-0.438,-0.354
2017-04-20,117.1808,119.79,126.2618,0.0,0.0
2017-04-21,117.0568,119.6633,126.1175,-0.106,-0.114
2017-04-24,117.8263,120.4498,127.1168,0.0,0.0
2017-04-25,118.1764,120.8077,127.4182,0.0,0.0
2017-04-26,118.2293,120.8618,127.37,0.0,-0.038
2017-04-27,118.5014,121.14,127.4114,0.0,-0.005
2017-04-28,118.553,121.1928,127.3697,0.0,-0.038
2017-05-01,119.2919,121.9481,127.5148,0.0,0.0
2017-05-02,119.6078,122.271,127.7706,0.0,0.0
2017-05-03,119.5911,122.254,127.5871,-0.014,-0.144
2017-05-04,119.7362,122.4023,127.6435,0.0,-0.099
2017-05-05,120.106,122.7803,128.1279,0.0,0.0
2017-05-08,120.9751,123.6688,127.9061,0.0,-0.173
2017-05-09,121.1634,123.8612,127.8007,0.0,-0.255
2017-05-10,121.4538,124.1581,127.9761,0.0,-0.119
2017-05-11,121.7954,124.5074,127.853,0.0,-0.215
2017-05-12,121.2703,123.9706,128.0604,-0.431,-0.053
2017-05-15,121.6333,124.3416,128.4889,-0.133,0.0
2017-05-16,121.6608,124.3698,128.6309,-0.111,0.0
2017-05-17,121.2813,123.9818,127.6453,-0.422,-0.766
2017-05-18,121.6717,124.3809,127.7247,-0.102,-0.704
2017-05-19,122.7366,125.4694,128.4301,0.0,-0.156
2017-05-22,124.0763,126.8391,128.706,0.0,0.0
2017-05-23,124.8373,127.617,128.7,0.0,-0.005
2017-05-24,125.7754,128.576,128.9802,0.0,0.0
2017-05-25,125.3368,128.1275,129.2302,-0.349,0.0
2017-05-26,124.855,127.6351,129.2321,-0.732,0.0
2017-05-30,124.6084,127.383,129.2023,-0.928,-0.023
2017-05-31,125.1932,127.9808,129.2055,-0.463,-0.021
2017-06-01,126.266,129.0774,129.8197,0.0,0.0
2017-06-02,127.2262,130.0591,130.3796,0.0,0.0
2017-06-05,128.2,131.0546,130.157,0.0,-0.171
2017-06-06,129.1308,132.0061,130.046,0.0,-0.256
2017-06-07,128.4198,131.2792,130.0735,-0.551,-0.235
2017-06-08,128.7817,131.6492,130.0292,-0.27,-0.269
2017-06-09,128.2546,131.1103,129.8033,-0.679,-0.442
2017-06-12,127.1994,130.0317,129.6786,-1.496,-0.538
2017-06-13,127.8957,130.7434,130.1628,-0.957,-0.166
2017-06-14,126.6339,129.4535,130.259,-1.934,-0.092
2017-06-15,126.0481,128.8547,129.8343,-2.387,-0.418
2017-06-16,126.3913,129.2056,130.0922,-2.121,-0.22
2017-06-19,127.2783,130.1123,130.5598,-1.435,0.0
2017-06-20,127.5685,130.409,130.0317,-1.21,-0.405
2017-06-21,127.6018,130.443,129.9927,-1.184,-0.434
2017-06-22,127.7862,130.6315,130.0735,-1.041,-0.373
2017-06-23,128.1806,131.0347,130.2414,-0.736,-0.244
2017-06-26,126.7362,129.5581,130.3909,-1.854,-0.129
2017-06-27,126.4515,129.2671,129.7381,-2.075,-0.629
2017-06-28,127.1649,129.9964,130.4527,-1.522,-0.082
2017-06-29,126.1668,128.9761,129.6183,-2.295,-0.721
2017-06-30,125.8558,128.6581,129.7237,-2.536,-0.64
2017-07-03,125.5528,128.6056,129.8639,-2.771,-0.533
2017-07-05,125.8462,128.9062,129.9669,-2.544,-0.454
2017-07-06,125.3193,128.3664,129.2238,-2.952,-1.023
2017-07-07,125.4102,128.4596,129.5682,-2.881,-0.76
2017-07-10,125.2423,128.2875,129.7273,-3.011,-0.638
2017-07-11,125.3408,128.3885,129.8283,-2.935,-0.56
2017-07-12,126.1956,129.2641,130.5892,-2.273,0.0
2017-07-13,126.201,129.2696,130.7587,-2.269,0.0
2017-07-14,126.3592,129.4316,131.2508,-2.146,0.0
2017-07-17,126.3677,129.4404,131.228,-2.14,-0.017
2017-07-18,126.8882,129.9735,131.4587,-1.737,0.0
2017-07-19,127.1102,130.2008,131.8828,-1.565,0.0
2017-07-20,128.5296,131.6547,132.0309,-0.466,0.0
2017-07-21,128.1631,131.2793,131.936,-0.749,-0.072
2017-07-24,128.4572,131.5806,131.8918,-0.522,-0.105
2017-07-25,128.0011,131.1135,131.8506,-0.875,-0.137
2017-07-26,128.1352,131.2508,132.1391,-0.771,0.0
2017-07-27,128.1631,131.2794,131.9374,-0.749,-0.153
2017-07-28,128.5071,131.6317,131.9722,-0.483,-0.126
2017-07-31,128.6263,131.7539,131.9854,-0.391,-0.116
2017-08-01,128.4847,131.6088,132.4865,-0.5,0.0
2017-08-02,128.4558,131.5792,132.48,-0.523,-0.005
2017-08-03,128.6262,131.7538,132.4502,-0.391,-0.027
2017-08-04,128.87,132.0034,132.5058,-0.202,0.0
2017-08-07,130.3154,133.484,132.6414,0.0,0.0
2017-08-08,130.2731,133.4406,132.3661,-0.033,-0.208
2017-08-09,130.0237,133.1853,132.2942,-0.224,-0.262
2017-08-10,129.1271,132.2668,131.2126,-0.912,-1.077
2017-08-11,130.0429,133.2049,131.3324,-0.209,-0.987
2017-08-14,132.2871,135.5036,132.0078,0.0,-0.478
2017-08-15,131.8626,135.0688,131.8681,-0.321,-0.583
2017-08-16,132.6669,135.8927,132.2236,0.0,-0.315
2017-08-17,131.6231,134.8235,131.1701,-0.787,-1.109
2017-08-18,131.1956,134.3856,131.1386,-1.109,-1.133
2017-08-21,130.8786,134.0609,131.2822,-1.348,-1.025
2017-08-22,131.7755,134.9796,131.8512,-0.672,-0.596
2017-08-23,131.8885,135.0953,131.8697,-0.587,-0.582
2017-08-24,132.2338,135.449,131.6764,-0.326,-0.728
2017-08-25,132.4978,135.7194,132.0246,-0.127,-0.465
2017-08-28,132.6498,135.8752,132.0539,-0.013,-0.443
2017-08-29,133.2125,136.4515,132.0413,0.0,-0.452
2017-08-30,133.4859,136.7316,132.2817,0.0,-0.271
2017-08-31,134.4734,137.7431,132.8419,0.0,0.0
2017-09-01,135.034,138.3173,132.9208,0.0,0.0
2017-09-05,133.3147,136.5562,132.5414,-1.273,-0.285
2017-09-06,134.1536,137.4155,132.826,-0.652,-0.071
2017-09-07,134.4796,137.7494,133.1856,-0.411,0.0
2017-09-08,133.2509,136.4909,133.0212,-1.32,-0.123
2017-09-11,133.5885,136.8367,133.6728,-1.07,0.0
2017-09-12,133.6471,136.8967,133.8072,-1.027,0.0
2017-09-13,132.8693,136.1,133.651,-1.603,-0.117
2017-09-14,130.9896,134.1746,133.7242,-2.995,-0.062
2017-09-15,132.3489,135.5669,133.8753,-1.988,0.0
2017-09-18,133.4056,136.6493,133.9753,-1.206,0.0
2017-09-19,133.2262,136.4656,134.0971,-1.339,0.0
2017-09-20,132.9531,136.1858,134.0357,-1.541,-0.046
2017-09-21,131.9667,135.1754,133.82,-2.271,-0.207
2017-09-22,132.0403,135.2509,133.8893,-2.217,-0.155
2017-09-25,132.5352,135.7578,133.7491,-1.85,-0.26
2017-09-26,132.3141,135.5313,133.667,-2.014,-0.321
2017-09-27,133.1906,136.4292,133.6908,-1.365,-0.303
2017-09-28,133.2276,136.467,133.8322,-1.338,-0.198
2017-09-29,133.4706,136.7159,134.1868,-1.158,0.0
2017-10-02,133.6425,137.1664,134.3914,-1.03,0.0
2017-10-03,133.8002,137.3282,134.679,-0.914,0.0
2017-10-04,133.763,137.2901,134.7338,-0.941,0.0
2017-10-05,134.29,137.8309,135.0253,-0.551,0.0
2017-10-06,134.2269,137.7661,134.8807,-0.598,-0.107
2017-10-09,134.8704,138.4266,134.8329,-0.121,-0.142
2017-10-10,135.1976,138.7625,135.2318,0.0,0.0
2017-10-11,135.5583,139.1326,135.469,0.0,0.0
2017-10-12,136.4602,140.0584,135.4067,0.0,-0.046
2017-10-13,137.1065,140.7216,135.7602,0.0,0.0
2017-10-16,137.3133,140.934,135.7643,0.0,0.0
2017-10-17,137.0878,140.7025,135.7322,-0.164,-0.024
2017-10-18,136.9919,140.604,135.7644,-0.234,0.0
2017-10-19,137.0173,140.6301,135.7057,-0.216,-0.043
2017-10-20,137.7198,141.3512,135.8319,0.0,0.0
2017-10-23,137.304,140.9244,135.6043,-0.302,-0.168
2017-10-24,136.7522,140.358,135.6382,-0.703,-0.143
2017-10-25,136.7888,140.3956,135.2314,-0.676,-0.442
2017-10-26,136.903,140.5129,135.1777,-0.593,-0.482
2017-10-27,137.7109,141.342,135.8689,-0.006,0.0
2017-10-30,138.2322,141.877,135.8082,0.0,-0.045
2017-10-31,139.0283,142.6941,135.9657,0.0,0.0
2017-11-01,139.6173,143.2987,136.1842,0.0,0.0
2017-11-02,140.1233,143.8181,136.3189,0.0,0.0
2017-11-03,140.6387,144.347,136.4948,0.0,0.0
2017-11-06,140.6838,144.3933,136.7111,0.0,0.0
2017-11-07,140.8267,144.54,136.6046,0.0,-0.078
2017-11-08,141.4643,145.1944,136.7496,0.0,0.0
2017-11-09,140.6646,144.3736,136.3302,-0.565,-0.307
2017-11-10,139.6182,143.2997,136.0071,-1.305,-0.543
2017-11-13,139.5009,143.1792,135.9562,-1.388,-0.58
2017-11-14,139.4392,143.1159,135.8576,-1.432,-0.652
2017-11-15,140.209,143.906,135.5491,-0.887,-0.878
2017-11-16,141.8428,145.5828,136.2532,0.0,-0.363
2017-11-17,141.4777,145.2082,136.1324,-0.257,-0.451
2017-11-20,142.288,146.0398,136.2158,0.0,-0.39
2017-11-21,142.728,146.4914,136.85,0.0,0.0
2017-11-22,143.1322,146.9063,137.0007,0.0,0.0
2017-11-24,143.3118,147.0906,137.2509,0.0,0.0
2017-11-27,145.6569,149.4975,137.009,0.0,-0.176
2017-11-28,146.5523,150.4166,137.727,0.0,0.0
2017-11-29,145.6672,149.5081,137.3833,-0.604,-0.25
2017-11-30,146.5268,150.3903,137.7595,-0.017,0.0
2017-12-01,147.6623,151.5559,137.7544,0.0,-0.004
2017-12-04,148.4052,152.3183,137.6024,0.0,-0.114
2017-12-05,148.6815,152.6019,137.429,0.0,-0.24
2017-12-06,152.4019,156.4204,137.3291,0.0,-0.312
2017-12-07,158.3052,162.4794,137.5114,0.0,-0.18
2017-12-08,156.5793,160.7079,137.9653,-1.09,0.0
2017-12-11,157.4675,161.6195,138.1684,-0.529,0.0
2017-12-12,158.1862,162.3572,138.2497,-0.075,0.0
2017-12-13,156.809,160.9436,138.5393,-0.945,0.0
2017-12-14,156.8606,160.9967,138.2059,-0.913,-0.241
2017-12-15,159.2341,163.4327,138.6747,0.0,0.0
2017-12-18,162.0226,166.2948,139.2587,0.0,0.0
2017-12-19,159.4964,163.7019,138.8012,-1.559,-0.329
2017-12-20,157.5851,161.7402,138.6467,-2.739,-0.439
2017-12-21,156.5058,160.6325,138.9341,-3.405,-0.233
2017-12-22,153.5127,157.5605,139.033,-5.252,-0.162
2017-12-26,157.1245,161.2675,139.0345,-3.023,-0.161
2017-12-27,156.8483,160.984,139.2819,-3.194,0.0
2017-12-28,155.103,159.1927,139.4059,-4.271,0.0
2017-12-29,155.0817,159.1709,139.3476,-4.284,-0.042
2018-01-02,155.8202,160.2493,139.8791,-3.828,0.0
2018-01-03,156.5992,161.0504,140.4572,-3.347,0.0
2018-01-04,157.1604,161.6276,140.913,-3.001,0.0
2018-01-05,158.6735,163.1837,141.3927,-2.067,0.0
2018-01-08,157.6295,162.11,141.503,-2.711,0.0
2018-01-09,157.2786,161.7492,141.484,-2.928,-0.013
2018-01-10,157.3087,161.7801,141.295,-2.909,-0.147
2018-01-11,157.1249,161.5911,141.8992,-3.023,0.0
2018-01-12,158.1735,162.6696,142.5538,-2.376,0.0
2018-01-16,156.5932,161.0443,142.354,-3.351,-0.14
2018-01-17,157.144,161.6107,143.0526,-3.011,0.0
2018-01-18,157.1987,161.667,142.8294,-2.977,-0.156
2018-01-19,157.5831,162.0623,143.0934,-2.74,0.0
2018-01-22,157.9184,162.4071,143.6847,-2.533,0.0
2018-01-23,158.3154,162.8154,144.0799,-2.288,0.0
2018-01-24,158.6411,163.1504,144.1165,-2.087,0.0
2018-01-25,158.465,162.9692,144.1861,-2.196,0.0
2018-01-26,159.4616,163.9942,145.0665,-1.581,0.0
2018-01-29,158.7368,163.2488,144.2687,-2.028,-0.55
2018-01-30,157.1946,161.6628,143.2526,-2.98,-1.25
2018-01-31,157.4292,161.904,143.3649,-2.835,-1.173
2018-02-01,156.6131,161.0648,143.1286,-3.339,-1.336
2018-02-02,154.3913,158.7798,141.0627,-4.71,-2.76
2018-02-05,150.3259,154.5988,137.7814,-7.219,-5.022
2018-02-06,152.1711,156.4964,139.2908,-6.08,-3.981
2018-02-07,150.9581,155.249,138.3506,-6.829,-4.63
2018-02-08,148.4817,152.7022,135.4672,-8.357,-6.617
2018-02-09,149.7376,153.9938,136.4148,-7.582,-5.964
2018-02-12,150.9784,155.2698,137.561,-6.816,-5.174
2018-02-13,151.184,155.4813,137.7953,-6.69,-5.012
2018-02-14,153.1233,157.4758,138.8399,-5.493,-4.292
2018-02-15,154.6624,159.0586,139.8743,-4.543,-3.579
2018-02-16,154.596,158.9904,140.0231,-4.584,-3.477
2018-02-20,154.6288,159.024,139.3139,-4.563,-3.966
2018-02-21,153.8549,158.2281,138.742,-5.041,-4.36
2018-02-22,153.6526,158.0201,139.0063,-5.166,-4.178
2018-02-23,155.2784,159.6922,140.3863,-4.162,-3.226
2018-02-26,156.2502,160.6915,141.2908,-3.563,-2.603
2018-02-27,155.043,159.4501,139.943,-4.308,-3.532
2018-02-28,154.0191,158.397,139.0563,-4.94,-4.143
2018-03-01,153.3149,157.6728,138.1119,-5.374,-4.794
2018-03-02,153.8791,158.253,138.3852,-5.026,-4.606
2018-03-05,154.8469,159.2483,139.109,-4.429,-4.107
2018-03-06,154.9019,159.3049,139.4837,-4.395,-3.848
2018-03-07,154.3917,158.7803,139.4156,-4.71,-3.895
2018-03-08,154.4031,158.7919,139.8021,-4.703,-3.629
2018-03-09,155.7172,160.1434,140.9891,-3.892,-2.811
2018-03-12,155.7961,160.2246,141.0363,-3.843,-2.778
2018-03-13,155.1074,159.5163,140.4648,-4.268,-3.172
2018-03-14,154.5325,158.9251,140.3506,-4.623,-3.251
2018-03-15,154.3296,158.7163,140.2637,-4.748,-3.311
2018-03-16,154.2548,158.6394,140.2208,-4.794,-3.34
2018-03-19,153.2007,157.5554,139.1662,-5.445,-4.067
2018-03-20,153.5555,157.9203,139.2859,-5.226,-3.985
2018-03-21,153.761,158.1316,139.2326,-5.099,-4.022
2018-03-22,151.6678,155.9788,137.3046,-6.391,-5.351
2018-03-23,150.2609,154.532,135.8273,-7.259,-6.369
2018-03-26,152.0996,156.4229,137.839,-6.124,-4.982
2018-03-27,150.3816,154.6561,136.7609,-7.185,-5.725
2018-03-28,149.9657,154.2284,136.6946,-7.442,-5.771
2018-03-29,150.8159,155.1027,137.927,-6.917,-4.922
2018-04-02,148.8291,153.3662,136.2145,-8.143,-6.102
2018-04-03,149.9505,154.5218,137.0896,-7.451,-5.499
2018-04-04,149.9877,154.5602,137.7625,-7.428,-5.035
2018-04-05,150.3343,154.9174,138.2657,-7.214,-4.688
2018-04-06,148.7413,153.2757,136.8925,-8.197,-5.635
2018-04-09,149.3031,153.8546,137.3738,-7.85,-5.303
2018-04-10,150.7851,155.3819,138.504,-6.936,-4.524
2018-04-11,150.6558,155.2486,138.1685,-7.016,-4.755
2018-04-12,152.0845,156.7209,138.6054,-6.134,-4.454
2018-04-13,151.8679,156.4976,138.4481,-6.267,-4.562
2018-04-16,152.5159,157.1654,138.9599,-5.868,-4.21
2018-04-17,153.2047,157.8752,139.7043,-5.442,-3.696
2018-04-18,153.695,158.3805,139.7172,-5.14,-3.687
2018-04-19,153.2669,157.9394,139.1539,-5.404,-4.076
2018-04-20,152.9673,157.6306,138.384,-5.589,-4.607
2018-04-23,152.8538,157.5136,138.2484,-5.659,-4.7
2018-04-24,152.5513,157.2019,137.2732,-5.846,-5.372
2018-04-25,151.6734,156.2972,137.2506,-6.388,-5.388
2018-04-26,153.118,157.7858,138.1288,-5.496,-4.782
2018-04-27,152.9576,157.6206,138.3394,-5.595,-4.637
2018-04-30,152.7271,157.383,137.7747,-5.737,-5.027
2018-05-01,152.6545,157.3082,137.7452,-5.782,-5.047
2018-05-02,152.3435,156.9878,137.3006,-5.974,-5.353
2018-05-03,152.8995,157.5607,137.2778,-5.631,-5.369
2018-05-04,153.8415,158.5314,138.1247,-5.049,-4.785
2018-05-07,153.7248,158.4112,138.2262,-5.121,-4.715
2018-05-08,153.5128,158.1927,138.2555,-5.252,-4.695
2018-05-09,154.2671,158.9701,138.7648,-4.787,-4.344
2018-05-10,154.8492,159.5699,139.6923,-4.427,-3.705
2018-05-11,154.2599,158.9626,139.921,-4.791,-3.547
2018-05-14,154.6824,159.398,139.9447,-4.53,-3.531
2018-05-15,153.5429,158.2237,139.0327,-5.234,-4.159
2018-05-16,153.8271,158.5166,139.3692,-5.058,-3.927
2018-05-17,153.2583,157.9304,139.2094,-5.409,-4.038
2018-05-18,153.2481,157.92,139.0917,-5.416,-4.119
2018-05-21,153.916,158.6082,139.6942,-5.003,-3.703
2018-05-22,153.4099,158.0867,139.5342,-5.316,-3.814
2018-05-23,153.1747,157.8443,139.6394,-5.461,-3.741
2018-05-24,153.1471,157.8158,139.5434,-5.478,-3.807
2018-05-25,152.8963,157.5574,139.4153,-5.633,-3.896
2018-05-29,152.1829,156.8222,138.5966,-6.073,-4.46
2018-05-30,152.8972,157.5584,139.5244,-5.632,-3.82
2018-05-31,152.6434,157.2968,139.0319,-5.789,-4.16
2018-06-01,153.4636,158.142,139.9119,-5.283,-3.553
2018-06-04,153.7824,158.4706,140.1489,-5.086,-3.39
2018-06-05,153.9788,158.6729,140.2189,-4.965,-3.342
2018-06-06,154.5618,159.2737,140.8089,-4.605,-2.935
2018-06-07,154.375,159.0812,140.7014,-4.72,-3.009
2018-06-08,154.3929,159.0996,140.8531,-4.709,-2.904
2018-06-11,153.785,158.4732,141.0015,-5.084,-2.802
2018-06-12,153.5117,158.1915,140.9754,-5.253,-2.82
2018-06-13,153.0652,157.7314,140.6887,-5.529,-3.018
2018-06-14,153.7466,158.4337,140.8733,-5.108,-2.891
2018-06-15,153.0971,157.7643,140.6447,-5.509,-3.048
2018-06-18,153.1096,157.7772,140.2911,-5.501,-3.292
2018-06-19,152.7727,157.43,139.8777,-5.709,-3.577
2018-06-20,152.8943,157.5554,139.9352,-5.634,-3.537
2018-06-21,152.2655,156.9074,139.3519,-6.022,-3.939
2018-06-22,151.8877,156.518,139.7718,-6.255,-3.65
2018-06-25,150.8195,155.4173,138.5951,-6.915,-4.461
2018-06-26,150.8128,155.4104,138.8455,-6.919,-4.288
2018-06-27,150.1734,154.7515,138.1735,-7.313,-4.752
2018-06-28,150.3645,154.9484,138.6099,-7.195,-4.451
2018-06-29,151.0657,155.671,138.9868,-6.763,-4.191
2018-07-02,151.1748,156.0957,138.724,-6.695,-4.372
2018-07-03,150.8029,155.7117,138.6732,-6.925,-4.407
2018-07-05,151.6063,156.5411,139.405,-6.429,-3.903
2018-07-06,152.3998,157.3605,140.0831,-5.939,-3.435
2018-07-09,153.2247,158.2122,140.8309,-5.43,-2.92
2018-07-10,152.9131,157.8905,140.9941,-5.622,-2.807
2018-07-11,152.2565,157.2125,140.1698,-6.028,-3.375
2018-07-12,152.9209,157.8986,140.9342,-5.618,-2.849
2018-07-13,153.0574,158.0395,141.1198,-5.533,-2.721
2018-07-16,153.4508,158.4457,140.9502,-5.29,-2.838
2018-07-17,154.4305,159.4573,141.2667,-4.686,-2.619
2018-07-18,154.5199,159.5496,141.3381,-4.631,-2.57
2018-07-19,154.2719,159.2935,141.0815,-4.784,-2.747
2018-07-20,154.1974,159.2166,141.1171,-4.83,-2.722
2018-07-23,154.5403,159.5707,140.9579,-4.618,-2.832
2018-07-24,155.8918,160.9662,141.5226,-3.784,-2.443
2018-07-25,156.4891,161.5829,142.3435,-3.415,-1.877
2018-07-26,155.6615,160.7284,142.023,-3.926,-2.098
2018-07-27,155.463,160.5235,141.6734,-4.049,-2.339
2018-07-30,154.8899,159.9317,141.2935,-4.402,-2.601
2018-07-31,154.8077,159.8468,141.6563,-4.453,-2.351
2018-08-01,154.4827,159.5112,141.4261,-4.654,-2.509
2018-08-02,154.7181,159.7543,141.5305,-4.508,-2.438
2018-08-03,154.9334,159.9766,142.0001,-4.375,-2.114
2018-08-06,154.5482,159.5788,142.1445,-4.613,-2.014
2018-08-07,154.6086,159.6412,142.3677,-4.576,-1.86
2018-08-08,153.9669,158.9786,142.3276,-4.972,-1.888
2018-08-09,154.2784,159.3003,142.2828,-4.78,-1.919
2018-08-10,153.2028,158.1897,141.4646,-5.444,-2.483
2018-08-13,152.8422,157.8173,141.0427,-5.666,-2.774
2018-08-14,153.1561,158.1414,141.4309,-5.472,-2.506
2018-08-15,152.279,157.2358,140.6195,-6.014,-3.065
2018-08-16,152.8104,157.7845,141.275,-5.686,-2.614
2018-08-17,153.4006,158.3939,141.7121,-5.321,-2.312
2018-08-20,153.33,158.321,142.0352,-5.365,-2.09
2018-08-21,153.8809,158.8898,142.3344,-5.025,-1.883
2018-08-22,154.0536,159.0681,142.4957,-4.918,-1.772
2018-08-23,153.9723,158.9842,142.149,-4.969,-2.011
2018-08-24,154.9467,159.9903,142.8017,-4.367,-1.561
2018-08-27,155.8861,160.9603,143.5394,-3.787,-1.053
2018-08-28,156.0666,161.1467,143.4368,-3.676,-1.123
2018-08-29,156.6045,161.7021,143.8553,-3.344,-0.835
2018-08-30,156.0672,161.1473,143.3002,-3.676,-1.218
2018-08-31,156.1817,161.2655,143.1984,-3.605,-1.288
2018-09-04,156.1696,161.253,142.6957,-3.612,-1.634
2018-09-05,154.8406,159.8808,142.291,-4.433,-1.913
2018-09-06,154.21,159.2296,142.1455,-4.822,-2.014
2018-09-07,153.7757,158.7812,141.6309,-5.09,-2.368
2018-09-10,153.7224,158.7262,141.8085,-5.123,-2.246
2018-09-11,154.0172,159.0306,141.9522,-4.941,-2.147
2018-09-12,154.1422,159.1596,142.1041,-4.864,-2.042
2018-09-13,154.8974,159.9394,142.7173,-4.398,-1.619
2018-09-14,155.1273,160.1768,142.6516,-4.256,-1.665
2018-09-17,154.0105,159.0236,142.2875,-4.945,-1.916
2018-09-18,154.5956,159.6278,142.7607,-4.584,-1.589
2018-09-19,154.781,159.8192,142.9021,-4.47,-1.492
2018-09-20,155.621,160.6865,143.7395,-3.951,-0.915
2018-09-21,155.7411,160.8106,143.7479,-3.877,-0.909
2018-09-24,155.372,160.4295,143.302,-4.105,-1.216
2018-09-25,155.2454,160.2987,143.3453,-4.183,-1.187
2018-09-26,155.2366,160.2896,143.3259,-4.188,-1.2
2018-09-27,155.7642,160.8344,143.503,-3.863,-1.078
2018-09-28,155.6438,160.7101,143.2949,-3.937,-1.221
2018-10-01,155.4539,160.8357,143.4478,-4.054,-1.116
2018-10-02,155.3293,160.7068,143.3685,-4.131,-1.171
2018-10-03,155.1039,160.4736,143.0197,-4.27,-1.411
2018-10-04,154.0947,159.4294,142.0088,-4.893,-2.108
2018-10-05,153.5729,158.8896,141.4361,-5.215,-2.503
2018-10-08,153.3529,158.6619,141.293,-5.351,-2.601
2018-10-09,153.3421,158.6508,141.2339,-5.358,-2.642
2018-10-10,150.7169,155.9347,138.6906,-6.978,-4.395
2018-10-11,149.2201,154.386,137.3356,-7.902,-5.329
2018-10-12,150.413,155.6202,138.2959,-7.165,-4.667
2018-10-15,150.3223,155.5265,137.8715,-7.221,-4.96
2018-10-16,152.0336,157.2969,139.5827,-6.165,-3.78
2018-10-17,151.7411,156.9943,139.2716,-6.346,-3.995
2018-10-18,150.6716,155.8878,138.007,-7.006,-4.866
2018-10-19,150.4359,155.644,138.0888,-7.151,-4.81
2018-10-22,150.4434,155.6517,137.7991,-7.147,-5.01
2018-10-23,149.9276,155.1181,137.2719,-7.465,-5.373
2018-10-24,147.6489,152.7605,135.0777,-8.871,-6.886
2018-10-25,149.0448,154.2047,136.279,-8.01,-6.058
2018-10-26,147.9293,153.0506,135.2213,-8.698,-6.787
2018-10-29,147.0189,152.1087,134.7512,-9.26,-7.111
2018-10-30,148.0494,153.1748,135.775,-8.624,-6.405
2018-10-31,148.8793,154.0335,136.4296,-8.112,-5.954
2018-11-01,149.8671,155.0555,137.5664,-7.502,-5.17
2018-11-02,149.3193,154.4887,137.1679,-7.84,-5.445
2018-11-05,149.6137,154.7933,137.5219,-7.659,-5.201
2018-11-06,150.0237,155.2175,137.9142,-7.406,-4.93
2018-11-07,151.694,156.9456,139.4725,-6.375,-3.856
2018-11-08,151.1038,156.335,138.9751,-6.739,-4.199
2018-11-09,150.3457,155.5506,138.322,-7.207,-4.649
2018-11-12,148.7212,153.8699,136.9271,-8.21,-5.611
2018-11-13,148.847,154.0001,136.9457,-8.132,-5.598
2018-11-14,148.0809,153.2074,136.7022,-8.605,-5.766
2018-11-15,148.6213,153.7665,137.4522,-8.271,-5.249
2018-11-16,148.8242,153.9765,137.7139,-8.146,-5.068
2018-11-19,146.7687,151.8498,136.5907,-9.415,-5.843
2018-11-20,144.8991,149.9155,135.0415,-10.569,-6.911
2018-11-21,145.5709,150.6105,135.6719,-10.154,-6.476
2018-11-23,144.7454,149.7564,135.1631,-10.663,-6.827
2018-11-26,145.1976,150.2243,136.2777,-10.384,-6.059
2018-11-27,145.3866,150.4198,136.4158,-10.268,-5.963
2018-11-28,147.6507,152.7624,138.1378,-8.87,-4.776
2018-11-29,147.5136,152.6205,137.9374,-8.955,-4.914
2018-11-30,147.4981,152.6045,138.2382,-8.964,-4.707
2018-12-03,148.4747,153.6149,139.3816,-8.362,-3.919
2018-12-04,146.4327,151.5022,137.1544,-9.622,-5.454
2018-12-06,145.8616,150.9113,136.9044,-9.975,-5.627
2018-12-07,144.1358,149.1258,135.4458,-11.04,-6.632
2018-12-10,144.3185,149.3148,135.3438,-10.927,-6.702
2018-12-11,144.2541,149.2482,135.4511,-10.967,-6.628
2018-12-12,144.8964,149.9127,136.0834,-10.57,-6.192
2018-12-13,144.6931,149.7024,136.073,-10.696,-6.2
2018-12-14,143.3268,148.2887,134.7977,-11.539,-7.079
2018-12-17,142.539,147.4736,133.6411,-12.025,-7.876
2018-12-18,142.9792,147.9291,133.7416,-11.754,-7.807
2018-12-19,141.9061,146.8189,132.7496,-12.416,-8.491
2018-12-20,141.6239,146.5269,131.8235,-12.59,-9.129
2018-12-21,140.0397,144.8879,130.4672,-13.568,-10.064
2018-12-24,138.8959,143.7044,128.9066,-14.274,-11.14
2018-12-26,141.4281,146.3243,131.7302,-12.711,-9.193
2018-12-27,141.6855,146.5907,132.3138,-12.552,-8.791
2018-12-28,142.2115,147.1349,132.5304,-12.227,-8.642
2018-12-31,142.4888,147.4217,133.1789,-12.056,-8.195
2019-01-02,142.7842,148.0234,133.2775,-11.874,-8.127
2019-01-03,141.1143,146.2923,131.9144,-12.905,-9.066
2019-01-04,143.3253,148.5844,134.3281,-11.54,-7.402
2019-01-07,144.1124,149.4003,134.7353,-11.054,-7.122
2019-01-08,144.6649,149.9731,135.3917,-10.713,-6.669
2019-01-09,145.2716,150.6021,136.085,-10.339,-6.191
2019-01-10,144.898,150.2148,136.2971,-10.569,-6.045
2019-01-11,144.7963,150.1093,136.1987,-10.632,-6.113
2019-01-14,144.3582,149.6552,135.7295,-10.902,-6.436
2019-01-15,145.1419,150.4676,136.5532,-10.419,-5.869
2019-01-16,145.3815,150.716,136.8091,-10.271,-5.692
2019-01-17,145.8325,151.1835,137.2876,-9.993,-5.362
2019-01-18,146.5356,151.9125,138.2262,-9.559,-4.715
2019-01-22,145.3755,150.7098,137.136,-10.275,-5.467
2019-01-23,145.4938,150.8324,137.4425,-10.202,-5.256
2019-01-24,145.8339,151.185,137.7139,-9.992,-5.068
2019-01-25,146.5767,151.955,138.4412,-9.533,-4.567
2019-01-28,145.7376,151.0852,137.871,-10.051,-4.96
2019-01-29,145.621,150.9644,137.9655,-10.123,-4.895
2019-01-30,147.1321,152.5308,139.2455,-9.19,-4.013
2019-01-31,147.8591,153.2845,140.0316,-8.742,-3.471
2019-02-01,147.7109,153.1308,139.8854,-8.833,-3.572
2019-02-04,148.131,153.5664,140.3444,-8.574,-3.255
2019-02-05,148.7683,154.2271,140.9702,-8.18,-2.824
2019-02-06,148.3223,153.7647,140.6751,-8.456,-3.027
2019-02-07,147.555,152.9693,139.7673,-8.929,-3.653
2019-02-08,148.1636,153.6002,139.8153,-8.554,-3.62
2019-02-11,148.0584,153.4911,139.7687,-8.619,-3.652
2019-02-12,149.0623,154.5319,140.8074,-7.999,-2.936
2019-02-13,149.0042,154.4716,140.8632,-8.035,-2.898
2019-02-14,149.0951,154.5659,140.839,-7.979,-2.914
2019-02-15,149.7898,155.2861,141.7914,-7.55,-2.258
2019-02-19,150.7855,156.3183,142.0928,-6.936,-2.05
2019-02-20,151.0769,156.6204,142.3448,-6.756,-1.876
2019-02-21,150.5769,156.1021,141.931,-7.064,-2.161
2019-02-22,151.2859,156.837,142.5876,-6.627,-1.709
2019-02-25,151.2788,156.8297,142.7852,-6.631,-1.573
2019-02-26,151.3451,156.8985,142.9168,-6.59,-1.482
2019-02-27,151.0457,156.588,142.6378,-6.775,-1.674
2019-02-28,150.6814,156.2104,142.3196,-7.0,-1.894
2019-03-01,150.9186,156.4563,142.6403,-6.853,-1.672
2019-03-04,150.6446,156.1723,142.4716,-7.022,-1.789
2019-03-05,150.9435,156.4821,142.499,-6.838,-1.77
2019-03-06,150.5889,156.1145,142.0905,-7.057,-2.051
2019-03-07,149.888,155.3879,141.3815,-7.489,-2.54
2019-03-08,149.7935,155.2899,141.2688,-7.548,-2.618
2019-03-11,151.013,156.5542,142.4333,-6.795,-1.815
2019-03-12,151.3743,156.9287,142.8177,-6.572,-1.55
2019-03-13,151.9356,157.5106,143.3769,-6.226,-1.165
2019-03-14,151.7589,157.3274,143.2636,-6.335,-1.243
2019-03-15,152.4936,158.089,143.956,-5.881,-0.766
2019-03-18,152.9651,158.5779,144.307,-5.59,-0.524
2019-03-19,153.1428,158.7621,144.3267,-5.481,-0.51
2019-03-20,153.3178,158.9435,144.3533,-5.373,-0.492
2019-03-21,153.9957,159.6463,145.0613,-4.954,-0.004
2019-03-22,152.4248,158.0178,143.5627,-5.924,-1.037
2019-03-25,152.3235,157.9127,143.6027,-5.986,-1.009
2019-03-26,152.7607,158.366,144.2172,-5.716,-0.585
2019-03-27,152.5554,158.1531,143.9483,-5.843,-0.771
2019-03-28,152.7103,158.3138,144.2254,-5.748,-0.58
2019-03-29,153.3175,158.9432,144.7303,-5.373,-0.232
2019-04-01,153.9195,159.8871,145.5422,-5.001,0.0
2019-04-02,155.4308,161.4569,145.6186,-4.068,0.0
2019-04-03,155.7986,161.8391,145.8334,-3.841,0.0
2019-04-04,155.8848,161.9286,146.059,-3.788,0.0
2019-04-05,156.5054,162.5733,146.4632,-3.405,0.0
2019-04-08,157.0934,163.184,146.4518,-3.042,-0.008
2019-04-09,156.672,162.7462,146.1282,-3.302,-0.229
2019-04-10,157.3116,163.4107,146.4991,-2.908,0.0
2019-04-11,156.5614,162.6314,146.2875,-3.371,-0.144
2019-04-12,156.9751,163.0611,146.8026,-3.115,0.0
2019-04-15,156.9035,162.9868,146.7489,-3.159,-0.037
2019-04-16,157.3148,163.414,146.8027,-2.906,0.0
2019-04-17,157.3538,163.4545,146.6912,-2.882,-0.076
2019-04-18,157.554,163.6625,146.8591,-2.758,0.0
2019-04-22,157.7863,163.9038,146.8041,-2.615,-0.037
2019-04-23,158.8132,164.9705,147.4897,-1.981,0.0
2019-04-24,158.403,164.5444,147.2372,-2.234,-0.171
2019-04-25,157.9046,164.0266,147.1504,-2.542,-0.23
2019-04-26,158.3688,164.5088,147.7096,-2.255,0.0
2019-04-29,158.4298,164.5723,147.7364,-2.217,0.0
2019-04-30,158.5807,164.729,147.8545,-2.124,0.0
2019-05-01,158.0889,164.2181,147.2625,-2.428,-0.4
2019-05-02,157.9729,164.0976,146.9707,-2.499,-0.598
2019-05-03,159.4607,165.6431,147.9459,-1.581,0.0
2019-05-06,158.9763,165.14,147.4164,-1.88,-0.358
2019-05-07,157.7982,163.9161,146.0279,-2.607,-1.296
2019-05-08,157.8943,164.016,145.8968,-2.548,-1.385
2019-05-09,157.8918,164.0134,145.5392,-2.549,-1.627
2019-05-10,158.6238,164.7738,146.0183,-2.098,-1.303
2019-05-13,159.208,165.3806,143.9675,-1.737,-2.689
2019-05-14,160.3475,166.5643,144.7874,-1.034,-2.135
2019-05-15,161.5561,167.8198,145.3061,-0.288,-1.784
2019-05-16,161.609,167.8747,145.8893,-0.255,-1.39
2019-05-17,159.9521,166.1536,145.3069,-1.278,-1.784
2019-05-20,160.3312,166.5474,144.7245,-1.044,-2.177
2019-05-21,161.0006,167.2427,145.3784,-0.631,-1.735
2019-05-22,160.2492,166.4621,145.2305,-1.095,-1.835
2019-05-23,159.7514,165.945,144.4635,-1.402,-2.354
2019-05-24,160.1698,166.3798,144.7925,-1.144,-2.131
2019-05-28,161.2001,167.45,144.2162,-0.508,-2.521
2019-05-29,160.6151,166.8423,143.7122,-0.869,-2.862
2019-05-30,160.4195,166.639,144.1286,-0.989,-2.58
2019-05-31,160.1705,166.3804,143.4765,-1.143,-3.021
2019-06-03,159.2439,165.4179,143.6495,-1.715,-2.904
2019-06-04,159.7481,165.9416,145.0657,-1.404,-1.947
2019-06-05,160.4482,166.6689,145.4851,-0.972,-1.663
2019-06-06,160.8977,167.1358,145.9146,-0.694,-1.373
2019-06-07,162.4904,168.7902,146.9839,0.0,-0.65
2019-06-10,162.6637,168.9703,147.2555,0.0,-0.467
2019-06-11,162.6291,168.9343,147.3908,-0.021,-0.375
2019-06-12,162.8248,169.1376,147.1234,0.0,-0.556
2019-06-13,163.468,169.8058,147.5206,0.0,-0.288
2019-06-14,164.1011,170.4634,147.2043,0.0,-0.501
2019-06-17,165.4192,171.8326,147.2857,0.0,-0.446
2019-06-18,166.2143,172.6586,148.4706,0.0,0.0
2019-06-19,167.0734,173.551,149.0253,0.0,0.0
2019-06-20,168.5838,175.12,149.9909,0.0,0.0
2019-06-21,169.2868,175.8502,149.6364,0.0,-0.236
2019-06-24,171.096,177.7295,149.6943,0.0,-0.198
2019-06-25,171.7186,178.3762,148.9093,0.0,-0.721
2019-06-26,173.8483,180.5885,148.8051,0.0,-0.791
2019-06-27,170.8655,177.4901,149.2832,-1.716,-0.472
2019-06-28,173.5395,180.2677,149.7782,-0.178,-0.142
2019-07-01,172.6368,179.6895,150.4596,-0.697,0.0
2019-07-02,173.4185,180.503,150.8591,-0.247,0.0
2019-07-03,175.011,182.1606,151.5406,0.0,0.0
2019-07-05,173.6691,180.7639,150.9821,-0.767,-0.369
2019-07-08,173.9748,181.0821,150.4824,-0.592,-0.698
2019-07-09,174.2615,181.3805,150.3651,-0.428,-0.776
2019-07-10,174.674,181.8099,150.8346,-0.193,-0.466
2019-07-11,173.854,180.9563,150.7789,-0.661,-0.503
2019-07-12,174.6689,181.8045,151.1527,-0.195,-0.256
2019-07-15,174.3068,181.4277,151.3062,-0.402,-0.155
2019-07-16,172.8604,179.9222,150.9298,-1.229,-0.403
2019-07-17,172.8399,179.9009,150.6396,-1.241,-0.595
2019-07-18,174.0134,181.1222,151.0672,-0.57,-0.312
2019-07-19,173.2581,180.3361,150.5784,-1.002,-0.635
2019-07-22,173.4731,180.5599,150.8358,-0.879,-0.465
2019-07-23,173.703,180.7992,151.3343,-0.747,-0.136
2019-07-24,174.2377,181.3557,151.6748,-0.442,0.0
2019-07-25,173.4399,180.5254,151.031,-0.898,-0.424
2019-07-26,174.1291,181.2427,151.549,-0.504,-0.083
2019-07-29,173.7478,180.8458,151.4852,-0.722,-0.125
2019-07-30,173.3569,180.4389,150.9979,-0.945,-0.446
2019-07-31,172.7161,179.772,150.1464,-1.311,-1.008
2019-08-01,172.7948,179.8539,149.8505,-1.266,-1.203
2019-08-02,171.9261,178.9497,149.2519,-1.763,-1.597
2019-08-05,170.1914,177.1441,146.9583,-2.754,-3.11
2019-08-06,171.4044,178.4067,148.0969,-2.061,-2.359
2019-08-07,172.1515,179.1844,148.2619,-1.634,-2.25
2019-08-08,173.9741,181.0814,149.7905,-0.592,-1.242
2019-08-09,173.0018,180.0694,149.0419,-1.148,-1.736
2019-08-12,172.1791,179.213,148.3328,-1.618,-2.203
2019-08-13,173.145,180.2184,149.4636,-1.066,-1.458
2019-08-14,170.511,177.4768,147.0738,-2.571,-3.033
2019-08-15,171.4226,178.4256,147.6556,-2.05,-2.65
2019-08-16,172.4906,179.5372,148.795,-1.44,-1.899
2019-08-19,173.4527,180.5386,149.4613,-0.89,-1.459
2019-08-20,173.0775,180.1482,149.1009,-1.105,-1.697
2019-08-21,173.2367,180.3138,149.7686,-1.014,-1.257
2019-08-22,172.8242,179.8845,149.5224,-1.25,-1.419
2019-08-23,171.3539,178.3541,147.8273,-2.09,-2.537
2019-08-26,172.3267,179.3666,148.6523,-1.534,-1.993
2019-08-27,172.442,179.4867,148.6026,-1.468,-2.026
2019-08-28,172.6138,179.6655,149.0885,-1.37,-1.705
2019-08-29,173.4325,180.5176,150.053,-0.902,-1.069
2019-08-30,173.5806,180.6718,150.1746,-0.817,-0.989
2019-09-03,174.0039,181.1124,149.786,-0.575,-1.245
2019-09-04,175.2129,182.3708,150.9704,0.0,-0.464
2019-09-05,175.589,182.7623,151.667,0.0,-0.005
2019-09-06,175.5413,182.7126,151.875,-0.027,0.0
2019-09-09,175.0337,182.1843,151.6415,-0.316,-0.154
2019-09-10,174.3415,181.4637,151.3936,-0.71,-0.317
2019-09-11,175.153,182.3084,151.9605,-0.248,0.0
2019-09-12,175.5064,182.6763,152.195,-0.047,0.0
2019-09-13,174.8411,181.9838,152.0012,-0.426,-0.127
2019-09-16,174.8324,181.9747,151.7199,-0.431,-0.312
2019-09-17,175.1752,182.3316,152.1157,-0.236,-0.052
2019-09-18,175.1192,182.2732,152.1403,-0.268,-0.036
2019-09-19,175.2656,182.4256,152.2595,-0.184,0.0
2019-09-20,175.1719,182.3281,152.1196,-0.238,-0.092
2019-09-23,175.0593,182.2109,152.1713,-0.302,-0.058
2019-09-24,173.7677,180.8665,151.7145,-1.037,-0.358
2019-09-25,173.7396,180.8373,151.773,-1.053,-0.32
2019-09-26,173.4903,180.5778,151.7826,-1.195,-0.313
2019-09-27,172.8335,179.8942,151.3287,-1.569,-0.611
2019-09-30,173.3449,180.4264,151.7862,-1.278,-0.311
2019-10-01,172.2957,179.6938,150.8386,-1.876,-0.933
2019-10-02,171.1128,178.4601,149.4475,-2.549,-1.847
2019-10-03,172.0129,179.3988,150.3461,-2.037,-1.257
2019-10-04,173.1229,180.5565,151.4709,-1.405,-0.518
2019-10-07,172.5632,179.9728,150.9541,-1.723,-0.857
2019-10-08,171.4802,178.8432,149.7993,-2.34,-1.616
2019-10-09,172.5361,179.9445,150.5124,-1.739,-1.147
2019-10-10,172.782,180.201,150.9537,-1.599,-0.858
2019-10-11,173.2774,180.7176,151.838,-1.317,-0.277
2019-10-14,173.3894,180.8344,151.7598,-1.253,-0.328
2019-10-15,173.8626,181.328,152.5043,-0.983,0.0
2019-10-16,173.6809,181.1385,152.5381,-1.087,0.0
2019-10-17,173.9341,181.4025,152.7851,-0.943,0.0
2019-10-18,173.3181,180.7601,152.5035,-1.293,-0.184
2019-10-21,174.11,181.586,152.9728,-0.842,0.0
2019-10-22,173.7253,181.1848,152.8355,-1.061,-0.09
2019-10-23,173.4216,180.868,153.1564,-1.234,0.0
2019-10-24,173.8227,181.2864,153.3167,-1.006,0.0
2019-10-25,175.4346,182.9675,153.5366,-0.088,0.0
2019-10-28,176.3949,183.9691,153.9006,0.0,0.0
2019-10-29,176.2687,183.8374,153.8221,-0.072,-0.051
2019-10-30,176.6413,184.226,154.3524,0.0,0.0
2019-10-31,176.7174,184.3053,154.3403,0.0,-0.008
2019-11-01,177.6411,185.2687,155.1819,0.0,0.0
2019-11-04,178.14,185.789,155.4402,0.0,0.0
2019-11-05,177.774,185.4073,155.2035,-0.205,-0.152
2019-11-06,177.8967,185.5353,155.314,-0.137,-0.081
2019-11-07,177.7357,185.3674,155.3496,-0.227,-0.058
2019-11-08,177.2328,184.8429,155.3691,-0.509,-0.046
2019-11-11,176.9696,184.5684,155.1769,-0.657,-0.169
2019-11-12,177.2149,184.8242,155.3025,-0.519,-0.089
2019-11-13,177.2239,184.8336,155.32,-0.514,-0.077
2019-11-14,177.3366,184.9512,155.5428,-0.451,0.0
2019-11-15,177.7131,185.3438,156.2048,-0.24,0.0
2019-11-18,177.6625,185.2911,156.3492,-0.268,0.0
2019-11-19,177.6411,185.2687,156.3595,-0.28,0.0
2019-11-20,177.1499,184.7565,156.1361,-0.556,-0.143
2019-11-21,176.4675,184.0447,155.8783,-0.939,-0.308
2019-11-22,176.2909,183.8605,156.1194,-1.038,-0.154
2019-11-25,177.028,184.6293,156.8955,-0.624,0.0
2019-11-26,177.3488,184.9638,157.1258,-0.444,0.0
2019-11-27,178.0262,185.6703,157.4053,-0.064,0.0
2019-11-29,177.7214,185.3524,156.876,-0.235,-0.336
2019-12-02,176.2396,183.807,156.0641,-1.067,-0.852
2019-12-03,176.0116,183.5693,155.8364,-1.195,-0.997
2019-12-04,176.4705,184.0478,156.389,-0.937,-0.646
2019-12-05,176.7198,184.3079,156.4419,-0.797,-0.612
2019-12-06,177.5795,185.2044,157.2005,-0.315,-0.13
2019-12-09,177.0796,184.6831,156.8545,-0.595,-0.35
2019-12-10,176.8445,184.4379,156.8097,-0.727,-0.378
2019-12-11,177.4482,185.0676,157.3909,-0.388,-0.009
2019-12-12,178.1337,185.7825,157.9844,-0.004,0.0
2019-12-13,178.6608,186.3322,158.4191,0.0,0.0
2019-12-16,178.9934,186.679,159.0229,0.0,0.0
2019-12-17,178.7494,186.4246,159.0024,-0.136,-0.013
2019-12-18,179.394,187.0969,158.9508,0.0,-0.045
2019-12-19,179.7538,187.4721,159.2482,0.0,0.0
2019-12-20,180.2303,187.9691,159.6086,0.0,0.0
2019-12-23,180.5263,188.2778,159.6871,0.0,0.0
2019-12-24,180.6203,188.3759,159.7511,0.0,0.0
2019-12-26,181.3132,189.0985,160.2897,0.0,0.0
2019-12-27,181.4166,189.2063,160.5372,0.0,0.0
2019-12-30,180.6958,188.4545,159.8951,-0.397,-0.4
2019-12-31,180.8186,188.5827,160.1307,-0.33,-0.253
2020-01-02,181.7124,189.8946,161.1385,0.0,0.0
2020-01-03,181.54,189.7145,160.4988,-0.095,-0.397
2020-01-06,182.4756,190.6922,160.7088,0.0,-0.267
2020-01-07,182.7769,191.0071,160.4203,0.0,-0.446
2020-01-08,183.0208,191.2619,160.7098,0.0,-0.266
2020-01-09,183.4401,191.7001,161.376,0.0,0.0
2020-01-10,183.7461,192.0199,161.2565,0.0,-0.074
2020-01-13,184.4948,192.8023,161.8885,0.0,0.0
2020-01-14,185.1951,193.5342,161.8993,0.0,0.0
2020-01-15,185.328,193.6731,162.0575,0.0,0.0
2020-01-16,186.0086,194.3843,162.7375,0.0,0.0
2020-01-17,186.7025,195.1094,163.0564,0.0,0.0
2020-01-21,186.0582,194.4361,162.7238,-0.345,-0.204
2020-01-22,186.1851,194.5687,162.9097,-0.277,-0.09
2020-01-23,185.9802,194.3546,162.9626,-0.387,-0.057
2020-01-24,185.3136,193.658,162.2759,-0.744,-0.479
2020-01-27,184.0487,192.3361,160.7488,-1.421,-1.415
2020-01-28,185.5786,193.9349,161.5673,-0.602,-0.913
2020-01-29,185.8329,194.2007,161.7029,-0.466,-0.83
2020-01-30,186.1241,194.505,161.8067,-0.31,-0.766
2020-01-31,184.2714,192.5688,160.2879,-1.302,-1.698
2020-02-03,185.0064,193.3369,160.752,-0.908,-1.413
2020-02-04,186.3492,194.7402,162.0932,-0.189,-0.591
2020-02-05,187.6364,196.0854,163.0141,0.0,-0.026
2020-02-06,188.3675,196.8494,163.3753,0.0,0.0
2020-02-07,188.0333,196.5001,162.9203,-0.177,-0.279
2020-02-10,189.0636,197.5769,163.5573,0.0,0.0
2020-02-11,189.7116,198.254,163.8013,0.0,0.0
2020-02-12,190.5936,199.1758,164.3835,0.0,0.0
2020-02-13,190.2097,198.7745,164.1326,-0.201,-0.153
2020-02-14,190.6467,199.2312,164.2968,0.0,-0.053
2020-02-18,190.4256,199.0001,164.0167,-0.116,-0.223
2020-02-19,190.5644,199.1452,164.4813,-0.043,0.0
2020-02-20,190.0142,198.5703,164.119,-0.332,-0.22
2020-02-21,189.2681,197.7906,163.4179,-0.723,-0.646
2020-02-24,185.8346,194.2024,160.2434,-2.524,-2.577
2020-02-25,182.6994,190.926,157.9557,-4.169,-3.967
2020-02-26,182.0569,190.2546,157.7,-4.506,-4.123
2020-02-27,177.9948,186.0096,154.1797,-6.636,-6.263
2020-02-28,177.3182,185.3026,154.1494,-6.991,-6.281
2020-03-02,181.2968,189.4603,157.0486,-4.904,-4.519
2020-03-03,179.8716,187.9709,155.4874,-5.652,-5.468
2020-03-04,183.1928,191.4417,158.6969,-3.91,-3.517
2020-03-05,181.2619,189.4238,156.1516,-4.923,-5.064
2020-03-06,180.2945,188.4129,155.1714,-5.43,-5.66
2020-03-09,171.97,179.7136,148.2067,-9.796,-9.894
2020-03-10,175.2429,183.1338,151.1212,-8.08,-8.123
2020-03-11,170.6365,178.3199,145.6606,-10.496,-11.442
2020-03-12,158.1745,165.2968,134.0524,-17.033,-18.5
2020-03-13,164.9699,172.3982,142.7281,-13.468,-13.225
2020-03-16,155.729,162.7413,134.3355,-18.315,-18.328
2020-03-17,159.4244,166.6031,137.2395,-16.377,-16.562
2020-03-18,154.8831,161.8572,131.3718,-18.759,-20.13
2020-03-19,156.5917,163.6428,131.6164,-17.863,-19.981
2020-03-20,155.6162,162.6233,130.5038,-18.375,-20.657
2020-03-23,155.5385,162.5422,130.0515,-18.415,-20.932
2020-03-24,162.1837,169.4866,136.1348,-14.93,-17.234
2020-03-25,162.7655,170.0946,138.4563,-14.625,-15.822
2020-03-26,166.9853,174.5044,142.6528,-12.411,-13.271
2020-03-27,164.2176,171.612,140.5465,-13.863,-14.552
2020-03-30,166.4446,173.9393,142.6978,-12.695,-13.244
2020-03-31,165.3452,172.7905,141.1806,-13.271,-14.166
2020-04-01,161.8124,169.4374,137.8514,-15.124,-16.19
2020-04-02,164.1614,171.8971,140.0039,-13.892,-14.882
2020-04-03,162.8356,170.5088,138.5831,-14.588,-15.745
2020-04-06,169.0549,177.0212,143.8536,-11.326,-12.541
2020-04-07,168.8287,176.7843,144.1329,-11.444,-12.371
2020-04-08,171.0397,179.0995,146.5334,-10.284,-10.912
2020-04-09,172.2706,180.3884,148.5196,-9.639,-9.704
2020-04-13,171.5568,179.641,147.6348,-10.013,-10.242
2020-04-14,174.4215,182.6407,149.9963,-8.511,-8.806
2020-04-15,172.5057,180.6347,148.0858,-9.515,-9.968
2020-04-16,173.7853,181.9745,148.4334,-8.844,-9.757
2020-04-17,175.4824,183.7516,150.8024,-7.954,-8.316
2020-04-20,173.9712,182.1692,149.1463,-8.747,-9.323
2020-04-21,171.3063,179.3787,146.7004,-10.145,-10.81
2020-04-22,173.9591,182.1566,148.5557,-8.753,-9.682
2020-04-23,174.3472,182.5629,148.5694,-8.55,-9.674
2020-04-24,175.7014,183.9809,149.6788,-7.839,-8.999
2020-04-27,177.0525,185.3957,150.7871,-7.131,-8.326
2020-04-28,176.6342,184.9577,150.8839,-7.35,-8.267
2020-04-29,180.4575,188.9612,153.3321,-5.345,-6.778
2020-04-30,179.0146,187.4503,152.1063,-6.101,-7.524
2020-05-01,176.7459,185.0746,149.6128,-7.291,-9.04
2020-05-04,177.3729,185.7312,149.9153,-6.963,-8.856
2020-05-05,178.2517,186.6514,150.5421,-6.502,-8.475
2020-05-06,178.0731,186.4644,149.7398,-6.595,-8.962
2020-05-07,180.333,188.8308,151.026,-5.41,-8.18
2020-05-08,181.5647,190.1205,152.4119,-4.764,-7.338
2020-05-11,180.0067,188.4891,152.2151,-5.581,-7.457
2020-05-12,178.712,187.1334,150.8015,-6.26,-8.317
2020-05-13,178.2495,186.6491,149.5323,-6.503,-9.089
2020-05-14,179.7554,188.226,150.3079,-5.713,-8.617
2020-05-15,179.5107,187.9697,150.5216,-5.841,-8.487
2020-05-18,182.2456,190.8335,153.4899,-4.407,-6.682
2020-05-19,181.6339,190.193,152.6363,-4.727,-7.201
2020-05-20,182.9394,191.56,154.3517,-4.043,-6.158
2020-05-21,181.4634,190.0145,153.6346,-4.817,-6.594
2020-05-22,181.6957,190.2576,153.5779,-4.695,-6.629
2020-05-26,181.9849,190.5606,155.2248,-4.543,-5.628
2020-05-27,183.5283,192.1766,156.497,-3.734,-4.854
2020-05-28,183.7717,192.4315,156.5271,-3.606,-4.836
2020-05-29,184.5429,193.2391,157.0317,-3.202,-4.529
2020-06-01,186.2569,195.0338,157.9617,-2.303,-3.964
2020-06-02,186.1931,194.967,159.0436,-2.336,-3.306
2020-06-03,187.1814,196.0019,160.5156,-1.818,-2.411
2020-06-04,186.7721,195.5733,159.9662,-2.032,-2.745
2020-06-05,188.6783,197.5693,162.3578,-1.032,-1.291
2020-06-08,190.1135,199.0722,163.6637,-0.28,-0.497
2020-06-09,189.8349,198.7804,162.8237,-0.426,-1.008
2020-06-10,190.3131,199.2812,162.5908,-0.175,-1.149
2020-06-11,183.9437,192.6116,156.6105,-3.516,-4.785
2020-06-12,185.3865,194.1224,158.0903,-2.759,-3.886
2020-06-15,185.9939,194.7584,158.8519,-2.441,-3.423
2020-06-16,187.6885,196.5329,160.4718,-1.552,-2.438
2020-06-17,187.5612,196.3996,160.2578,-1.618,-2.568
2020-06-18,187.5522,196.3902,160.3123,-1.623,-2.535
2020-06-19,187.2418,196.0652,159.7948,-1.786,-2.849
2020-06-22,188.7281,197.6215,160.6529,-1.006,-2.328
2020-06-23,189.3646,198.288,161.1392,-0.673,-2.032
2020-06-24,186.5961,195.389,158.658,-2.125,-3.54
2020-06-25,187.5471,196.3848,159.7643,-1.626,-2.868
2020-06-26,185.4196,194.1571,157.8454,-2.742,-4.034
2020-06-29,186.676,195.4727,159.1134,-2.083,-3.264
2020-06-30,187.7914,196.6407,160.0065,-1.498,-2.721
2020-07-01,188.0929,197.351,160.6233,-1.34,-2.346
2020-07-02,188.8377,198.1325,161.5252,-0.949,-1.797
2020-07-06,191.2806,200.6957,163.2372,0.0,-0.756
2020-07-07,190.3003,199.667,162.1948,-0.513,-1.39
2020-07-08,191.5832,201.0132,163.0648,0.0,-0.861
2020-07-09,191.3651,200.7843,162.6119,-0.114,-1.137
2020-07-10,191.9568,201.4051,163.3634,0.0,-0.68
2020-07-13,190.8283,200.2211,162.5815,-0.588,-1.155
2020-07-14,191.9245,201.3712,163.9062,-0.017,-0.35
2020-07-15,192.6037,202.0839,164.7934,0.0,0.0
2020-07-16,191.8654,201.3093,164.3434,-0.383,-0.273
2020-07-17,192.2758,201.7398,164.7736,-0.17,-0.012
2020-07-20,193.718,203.253,165.6223,0.0,0.0
2020-07-21,194.25,203.8112,165.9873,0.0,0.0
2020-07-22,194.9935,204.5913,166.4713,0.0,0.0
2020-07-23,193.7816,203.3197,165.4584,-0.622,-0.608
2020-07-24,193.1942,202.7034,164.8866,-0.923,-0.952
2020-07-27,196.0805,205.7318,165.8102,0.0,-0.397
2020-07-28,195.4084,205.0266,165.1829,-0.343,-0.774
2020-07-29,196.9866,206.6825,166.5202,0.0,0.0
2020-07-30,196.6001,206.2769,165.8808,-0.196,-0.384
2020-07-31,197.4936,207.2145,166.0291,0.0,-0.295
2020-08-03,198.4731,208.2422,166.915,0.0,0.0
2020-08-04,199.4917,209.3109,167.6002,0.0,0.0
2020-08-05,200.7225,210.6023,168.1415,0.0,0.0
2020-08-06,201.6637,211.5898,168.8104,0.0,0.0
2020-08-07,200.4817,210.3497,168.4679,-0.586,-0.203
2020-08-10,200.8195,210.7041,168.7206,-0.419,-0.053
2020-08-11,198.4457,208.2134,168.011,-1.596,-0.474
2020-08-12,200.214,210.0688,169.4148,-0.719,0.0
2020-08-13,200.4151,210.2798,168.9345,-0.619,-0.283
2020-08-14,200.2294,210.0849,168.6926,-0.711,-0.426
2020-08-17,201.828,211.7622,169.3238,0.0,-0.054
2020-08-18,202.2041,212.1568,169.5448,0.0,0.0
2020-08-19,200.7328,210.613,168.9228,-0.728,-0.367
2020-08-20,201.4522,211.3679,169.1621,-0.372,-0.226
2020-08-21,201.49,211.4076,169.4728,-0.353,-0.042
2020-08-24,202.6268,212.6003,170.513,0.0,0.0
2020-08-25,202.7119,212.6896,170.7679,0.0,0.0
2020-08-26,204.2618,214.3158,171.6432,0.0,0.0
2020-08-27,203.5492,213.5681,171.2492,-0.349,-0.23
2020-08-28,204.8827,214.9672,172.0886,0.0,0.0
2020-08-31,204.8263,214.9081,171.619,-0.028,-0.273
2020-09-01,206.4721,216.6349,172.6817,0.0,0.0
2020-09-02,207.0651,217.257,174.1788,0.0,0.0
2020-09-03,201.7803,211.7121,170.8483,-2.552,-1.912
2020-09-04,201.0496,210.9455,169.9676,-2.905,-2.418
2020-09-08,197.527,207.2495,167.6144,-4.606,-3.769
2020-09-09,199.9258,209.7664,169.5138,-3.448,-2.678
2020-09-10,198.2472,208.0051,167.8659,-4.259,-3.624
2020-09-11,198.4087,208.1746,168.3023,-4.18,-3.374
2020-09-14,200.2935,210.1521,169.5027,-3.27,-2.685
2020-09-15,201.1691,211.0708,170.1412,-2.847,-2.318
2020-09-16,200.5472,210.4184,169.7901,-3.148,-2.52
2020-09-17,199.5352,209.3565,169.1628,-3.636,-2.88
2020-09-18,198.3625,208.1262,168.019,-4.203,-3.537
2020-09-21,196.5892,206.2656,166.6458,-5.059,-4.325
2020-09-22,197.4668,207.1863,167.2908,-4.635,-3.955
2020-09-23,194.4836,204.0563,165.1383,-6.076,-5.19
2020-09-24,195.1937,204.8014,165.2718,-5.733,-5.114
2020-09-25,196.5295,206.2029,166.4683,-5.088,-4.427
2020-09-28,198.6503,208.428,168.1322,-4.064,-3.471
2020-09-29,198.5005,208.271,167.733,-4.136,-3.701
2020-09-30,198.9711,208.7647,168.1967,-3.909,-3.434
2020-10-01,199.5242,209.7645,168.9627,-3.642,-2.995
2020-10-02,198.1158,208.2838,168.1387,-4.322,-3.468
2020-10-05,199.8845,210.1433,169.5554,-3.468,-2.654
2020-10-06,198.2725,208.4486,168.4485,-4.246,-3.29
2020-10-07,199.8033,210.058,169.8532,-3.507,-2.483
2020-10-08,200.9203,211.2323,170.8121,-2.968,-1.933
2020-10-09,202.4353,212.825,171.6805,-2.236,-1.434
2020-10-12,204.7959,215.3068,173.1102,-1.096,-0.614
2020-10-13,203.9366,214.4034,172.408,-1.511,-1.017
2020-10-14,203.1992,213.6281,171.8905,-1.867,-1.314
2020-10-15,202.7024,213.1058,171.4082,-2.107,-1.591
2020-10-16,202.5274,212.9219,171.4375,-2.191,-1.574
2020-10-19,201.4286,211.7667,170.1676,-2.722,-2.303
2020-10-20,202.1375,212.512,170.582,-2.38,-2.065
2020-10-21,203.1155,213.5401,170.2843,-1.907,-2.236
2020-10-22,203.3406,213.7767,170.5545,-1.799,-2.081
2020-10-23,203.7727,214.2311,171.0681,-1.59,-1.786
2020-10-26,202.0806,212.4521,169.3078,-2.407,-2.797
2020-10-27,202.667,213.0687,169.1205,-2.124,-2.904
2020-10-28,198.6829,208.88,165.7216,-4.048,-4.855
2020-10-29,199.8201,210.0757,166.4675,-3.499,-4.427
2020-10-30,198.4113,208.5945,165.3363,-4.179,-5.077
2020-11-02,199.5199,209.76,166.6499,-3.644,-4.323
2020-11-03,201.6,211.9468,168.4494,-2.639,-3.289
2020-11-04,204.5815,215.0814,170.9572,-1.199,-1.85
2020-11-05,208.6534,219.3623,173.1254,0.0,-0.605
2020-11-06,208.8044,219.521,173.0733,0.0,-0.635
2020-11-09,208.2358,218.9232,174.378,-0.272,0.0
2020-11-10,207.54,218.1917,174.2721,-0.606,-0.061
2020-11-11,209.0266,219.7546,175.0703,0.0,0.0
2020-11-12,208.8382,219.5565,174.1396,-0.09,-0.532
2020-11-13,210.4576,221.259,175.6299,0.0,0.0
2020-11-16,211.9925,222.8727,176.9985,0.0,0.0
2020-11-17,212.5737,223.4838,176.7503,0.0,-0.14
2020-11-18,211.6873,222.5519,175.7736,-0.417,-0.692
2020-11-19,212.227,223.1193,176.4237,-0.163,-0.325
2020-11-20,212.6286,223.5415,176.1199,0.0,-0.496
2020-11-23,212.4308,223.3335,176.5399,-0.093,-0.259
2020-11-24,214.6799,225.698,178.1825,0.0,0.0
2020-11-25,214.2682,225.2652,177.9027,-0.192,-0.157
2020-11-27,213.5136,224.4719,178.5331,-0.543,0.0
2020-11-30,214.7042,225.7236,177.4716,0.0,-0.595
2020-12-01,215.749,226.8221,178.9056,0.0,0.0
2020-12-02,216.3236,227.4261,178.9717,0.0,0.0
2020-12-03,217.0339,228.1729,179.2542,0.0,0.0
2020-12-04,217.119,228.2623,180.0603,0.0,0.0
2020-12-07,217.6845,228.8569,179.8211,0.0,-0.133
2020-12-08,217.2361,228.3855,180.1551,-0.206,0.0
2020-12-09,216.0108,227.0973,179.3345,-0.769,-0.455
2020-12-10,216.2682,227.3679,179.6051,-0.651,-0.305
2020-12-11,215.7566,226.8301,179.4314,-0.886,-0.402
2020-12-14,216.6333,227.7518,179.0781,-0.483,-0.598
2020-12-15,218.5134,229.7283,180.534,0.0,0.0
2020-12-16,220.7345,232.0634,180.6754,0.0,0.0
2020-12-17,223.0314,234.4783,181.3662,0.0,0.0
2020-12-18,222.8141,234.2497,180.8888,-0.097,-0.263
2020-12-21,221.6825,233.0601,180.1849,-0.605,-0.651
2020-12-22,222.1791,233.5822,180.0351,-0.382,-0.734
2020-12-23,222.103,233.5022,180.3764,-0.416,-0.546
2020-12-24,222.8871,234.3265,180.8077,-0.065,-0.308
2020-12-28,226.9008,238.5462,181.6668,0.0,0.0
2020-12-29,227.5295,239.2072,181.8574,0.0,0.0
2020-12-30,229.5,241.2788,182.2195,0.0,0.0
2020-12-31,229.9049,241.7045,182.4618,0.0,0.0
2021-01-04,229.9286,242.2138,181.5913,0.0,-0.477
2021-01-05,232.3379,244.7519,182.4745,0.0,0.0
2021-01-06,232.9885,245.4372,182.7915,0.0,0.0
2021-01-07,235.4876,248.0698,183.8896,0.0,0.0
2021-01-08,236.985,249.6472,184.7188,0.0,0.0
2021-01-11,233.317,245.7833,183.6546,-1.548,-0.576
2021-01-12,233.1012,245.5559,183.8385,-1.639,-0.477
2021-01-13,234.7458,247.2884,184.2075,-0.945,-0.277
2021-01-14,235.4852,248.0673,184.1996,-0.633,-0.281
2021-01-15,233.002,245.4514,183.1485,-1.681,-0.85
2021-01-19,234.2904,246.8087,184.2036,-1.137,-0.279
2021-01-20,236.4538,249.0877,185.6123,-0.224,0.0
2021-01-21,234.998,247.5541,185.6316,-0.838,0.0
2021-01-22,235.0337,247.5917,185.1363,-0.823,-0.267
2021-01-25,235.5447,248.13,185.66,-0.608,0.0
2021-01-26,235.306,247.8785,185.4664,-0.708,-0.104
2021-01-27,231.065,243.4109,182.763,-2.498,-1.56
2021-01-28,233.2451,245.7075,183.5797,-1.578,-1.121
2021-01-29,230.7017,243.0282,181.1784,-2.651,-2.414
2021-02-01,233.0183,245.4687,183.0507,-1.674,-1.405
2021-02-02,235.4514,248.0317,184.4638,-0.647,-0.644
2021-02-03,236.4042,249.0355,184.5533,-0.245,-0.596
2021-02-04,236.9285,249.5878,185.4409,-0.024,-0.118
2021-02-05,238.2879,251.0198,185.9038,0.0,0.0
2021-02-08,242.5083,255.4656,186.7817,0.0,0.0
2021-02-09,243.0083,255.9924,186.9478,0.0,0.0
2021-02-10,242.4343,255.3877,186.9856,-0.236,0.0
2021-02-11,244.0835,257.125,187.3253,0.0,0.0
2021-02-12,244.6339,257.7049,187.7113,0.0,0.0
2021-02-16,245.08,258.1747,187.4752,0.0,-0.126
2021-02-17,245.8176,258.9518,187.4716,0.0,-0.128
2021-02-18,244.7497,257.8268,186.7756,-0.434,-0.499
2021-02-19,246.3931,259.5581,186.6051,0.0,-0.589
2021-02-22,244.2496,257.3,185.3948,-0.87,-1.234
2021-02-23,242.2773,255.2223,185.5709,-1.67,-1.14
2021-02-24,243.5767,256.5912,186.3782,-1.143,-0.71
2021-02-25,238.7896,251.5483,183.2242,-3.086,-2.39
2021-02-26,237.1929,249.8662,182.9,-3.734,-2.563
2021-03-01,241.6781,254.5911,185.4381,-1.914,-1.211
2021-03-02,240.1113,252.9406,184.69,-2.55,-1.61
2021-03-03,239.1468,251.9246,183.2879,-2.941,-2.357
2021-03-04,236.5269,249.1646,181.6611,-4.004,-3.223
2021-03-05,238.6447,251.3957,183.2471,-3.145,-2.378
2021-03-08,237.9271,250.6397,182.1617,-3.436,-2.956
2021-03-09,241.7567,254.6739,184.0131,-1.882,-1.97
2021-03-10,242.7899,255.7623,184.7162,-1.462,-1.596
2021-03-11,245.7232,258.8523,186.061,-0.272,-0.879
2021-03-12,245.0702,258.1645,185.6246,-0.537,-1.112
2021-03-15,245.2949,258.4012,186.2324,-0.446,-0.788
2021-03-16,245.8406,258.976,186.2281,-0.224,-0.79
2021-03-17,247.2814,260.4938,186.6136,0.0,-0.585
2021-03-18,243.9435,256.9775,184.7277,-1.35,-1.589
2021-03-19,244.5163,257.581,184.8441,-1.118,-1.527
2021-03-22,243.9859,257.0222,185.6433,-1.333,-1.102
2021-03-23,242.5377,255.4967,184.6524,-1.918,-1.63
2021-03-24,240.618,253.4744,183.9303,-2.695,-2.014
2021-03-25,240.6445,253.5023,184.5506,-2.684,-1.684
2021-03-26,244.2993,257.3524,186.2915,-1.206,-0.756
2021-03-29,244.9667,258.0554,185.9405,-0.936,-0.943
2021-03-30,244.7758,257.8544,185.8292,-1.013,-1.003
2021-03-31,245.7496,258.8801,186.0907,-0.619,-0.863
2021-04-01,247.1685,260.8967,187.6234,-0.046,-0.047
2021-04-05,249.045,262.8774,189.0094,0.0,0.0
2021-04-06,248.933,262.7592,189.0111,-0.045,0.0
2021-04-07,248.3851,262.1808,188.93,-0.265,-0.043
2021-04-08,249.9862,263.8709,189.7066,0.0,0.0
2021-04-09,250.4216,264.3305,190.1555,0.0,0.0
2021-04-12,250.479,264.391,189.9471,0.0,-0.11
2021-04-13,252.1714,266.1774,190.5709,0.0,0.0
2021-04-14,251.6357,265.6119,190.3697,-0.212,-0.106
2021-04-15,253.5059,267.586,191.7774,0.0,0.0
2021-04-16,253.7011,267.7921,192.104,0.0,0.0
2021-04-19,252.0322,266.0305,191.555,-0.658,-0.286
2021-04-20,250.6104,264.5297,190.572,-1.218,-0.797
2021-04-21,251.4555,265.4218,191.7407,-0.885,-0.189
2021-04-22,249.7405,263.6115,190.8985,-1.561,-0.628
2021-04-23,251.3252,265.2843,192.1661,-0.936,0.0
2021-04-26,252.2816,266.2937,192.3303,-0.56,0.0
2021-04-27,252.3328,266.3477,192.0527,-0.539,-0.144
2021-04-28,252.4183,266.438,192.2114,-0.506,-0.062
2021-04-29,252.7363,266.7737,192.667,-0.38,0.0
2021-04-30,252.2356,266.2452,191.7055,-0.578,-0.499
2021-05-03,252.6315,266.6631,192.2282,-0.422,-0.228
2021-05-04,250.2662,264.1664,191.3485,-1.354,-0.684
2021-05-05,251.711,265.6914,191.7987,-0.784,-0.451
2021-05-06,252.6287,266.6601,192.7662,-0.423,0.0
2021-05-07,254.4086,268.5389,193.7941,0.0,0.0
2021-05-10,252.2939,266.3068,192.5206,-0.831,-0.657
2021-05-11,251.2998,265.2574,191.2607,-1.222,-1.307
2021-05-12,246.2074,259.8822,188.5811,-3.224,-2.69
2021-05-13,247.5873,261.3387,189.838,-2.681,-2.041
2021-05-14,250.5798,264.4974,191.8326,-1.505,-1.012
2021-05-17,249.068,262.9017,191.5147,-2.099,-1.176
2021-05-18,248.3887,262.1847,190.9925,-2.366,-1.446
2021-05-19,246.2957,259.9754,190.4358,-3.189,-1.733
2021-05-20,248.9457,262.7726,191.9217,-2.147,-0.966
2021-05-21,247.9473,261.7187,191.7732,-2.54,-1.043
2021-05-24,249.9821,263.8665,192.927,-1.74,-0.447
2021-05-25,250.2308,264.1291,193.0624,-1.642,-0.378
2021-05-26,250.6986,264.6229,193.268,-1.458,-0.271
2021-05-27,250.634,264.5546,193.2859,-1.484,-0.262
2021-05-28,250.4813,264.3934,193.5194,-1.544,-0.142
2021-06-01,250.6566,264.5785,193.8268,-1.475,0.0
2021-06-02,251.3902,265.3528,194.1281,-1.186,0.0
2021-06-03,250.3969,264.3044,193.3837,-1.577,-0.383
2021-06-04,251.8404,265.828,194.777,-1.009,0.0
2021-06-07,251.095,265.0412,194.6862,-1.302,-0.047
2021-06-08,251.0949,265.0411,194.7746,-1.303,-0.001
2021-06-09,251.9652,265.9598,194.6636,-0.96,-0.058
2021-06-10,252.767,266.8061,195.3664,-0.645,0.0
2021-06-11,252.7872,266.8274,195.5352,-0.637,0.0
2021-06-14,253.7789,267.8742,195.5886,-0.248,0.0
2021-06-15,253.5288,267.6102,195.3854,-0.346,-0.104
2021-06-16,251.4329,265.3979,194.3919,-1.17,-0.612
2021-06-17,251.0957,265.042,194.4354,-1.302,-0.59
2021-06-18,248.9312,262.7572,192.9924,-2.153,-1.327
2021-06-21,249.8162,263.6915,194.2743,-1.805,-0.672
2021-06-22,250.7907,264.72,194.7952,-1.422,-0.406
2021-06-23,250.8851,264.8197,194.5368,-1.385,-0.538
2021-06-24,252.0968,266.0987,195.3808,-0.909,-0.106
2021-06-25,251.8081,265.7939,195.7152,-1.022,0.0
2021-06-28,252.7661,266.8052,195.9244,-0.646,0.0
2021-06-29,253.1167,267.1753,195.9832,-0.508,0.0
2021-06-30,252.8591,266.9034,195.8468,-0.609,-0.07
2021-07-01,252.411,266.9643,196.3172,-0.785,0.0
2021-07-02,253.8569,268.4935,197.1071,-0.217,0.0
2021-07-06,253.5864,268.2074,196.9189,-0.323,-0.095
2021-07-07,253.8384,268.474,197.4813,-0.224,0.0
2021-07-08,252.1116,266.6475,196.325,-0.903,-0.586
2021-07-09,253.9608,268.6035,197.5724,-0.176,0.0
2021-07-12,254.3405,269.005,197.9172,-0.027,0.0
2021-07-13,253.6795,268.3059,197.2864,-0.287,-0.319
2021-07-14,254.2862,268.9476,197.7265,-0.048,-0.096
2021-07-15,253.4022,268.0126,197.4587,-0.396,-0.232
2021-07-16,252.086,266.6205,196.4683,-0.913,-0.732
2021-07-19,249.6682,264.0633,195.0795,-1.863,-1.434
2021-07-20,250.9112,265.378,196.3168,-1.375,-0.809
2021-07-21,253.0775,267.6692,197.2129,-0.523,-0.356
2021-07-22,253.7655,268.3969,197.6034,-0.253,-0.159
2021-07-23,255.2566,269.9739,198.3501,0.0,0.0
2021-07-26,256.6056,271.4008,198.3485,0.0,-0.001
2021-07-27,256.353,271.1335,197.8512,-0.098,-0.252
2021-07-28,257.3118,272.1477,198.2919,0.0,-0.029
2021-07-29,257.9059,272.776,198.7398,0.0,0.0
2021-07-30,257.9919,272.8669,198.2378,0.0,-0.253
2021-08-02,256.99,271.8073,198.4241,-0.388,-0.159
2021-08-03,257.5308,272.3792,199.3458,-0.179,0.0
2021-08-04,257.5328,272.3813,198.9238,-0.178,-0.212
2021-08-05,258.4783,273.3814,199.3558,0.0,0.0
2021-08-06,258.2724,273.1636,198.9351,-0.08,-0.211
2021-08-09,258.8956,273.8228,198.7171,0.0,-0.32
2021-08-10,258.7265,273.6439,198.7712,-0.065,-0.293
2021-08-11,259.1895,274.1335,199.2598,0.0,-0.048
2021-08-12,258.9659,273.8971,199.3746,-0.086,0.0
2021-08-13,260.8543,275.8944,199.9782,0.0,0.0
2021-08-16,260.4908,275.5099,199.984,-0.139,0.0
2021-08-17,258.4737,273.3765,198.8851,-0.913,-0.549
2021-08-18,257.1023,271.9261,197.9154,-1.438,-1.034
2021-08-19,257.8001,272.6641,197.7494,-1.171,-1.117
2021-08-20,259.7267,274.7017,198.4696,-0.432,-0.757
2021-08-23,261.6703,276.7575,199.618,0.0,-0.183
2021-08-24,261.4525,276.5271,199.9437,-0.083,-0.02
2021-08-25,261.9931,277.0988,200.0027,0.0,0.0
2021-08-26,260.3384,275.3487,199.2697,-0.632,-0.367
2021-08-27,262.8695,278.0258,200.6464,0.0,0.0
2021-08-30,262.8736,278.0301,201.1281,0.0,0.0
2021-08-31,262.6848,277.8304,201.0233,-0.072,-0.052
2021-09-01,264.348,279.5895,201.4705,0.0,0.0
2021-09-02,264.3238,279.5639,201.9347,-0.009,0.0
2021-09-03,264.942,280.2178,201.9466,0.0,0.0
2021-09-07,263.2729,278.4525,201.399,-0.63,-0.271
2021-09-08,262.4913,277.6258,201.0422,-0.925,-0.448
2021-09-09,262.4235,277.5541,200.9201,-0.951,-0.508
2021-09-10,260.5035,275.5233,200.0211,-1.675,-0.953
2021-09-13,261.0845,276.1378,200.5878,-1.456,-0.673
2021-09-14,261.3913,276.4623,200.1534,-1.34,-0.888
2021-09-15,262.7036,277.8503,200.8544,-0.845,-0.541
2021-09-16,261.9783,277.0832,200.3756,-1.119,-0.778
2021-09-17,259.9779,274.9675,199.0491,-1.874,-1.435
2021-09-20,256.0097,270.7704,197.1279,-3.371,-2.386
2021-09-21,255.441,270.1689,197.3737,-3.586,-2.264
2021-09-22,257.86,272.7274,198.5304,-2.673,-1.692
2021-09-23,259.3385,274.2912,199.4701,-2.115,-1.226
2021-09-24,258.3172,273.211,199.0688,-2.5,-1.425
2021-09-27,257.598,272.4503,198.8062,-2.772,-1.555
2021-09-28,253.8787,268.5166,196.0932,-4.176,-2.899
2021-09-29,254.1163,268.7679,196.0658,-4.086,-2.912
2021-09-30,254.3786,269.0453,195.0069,-3.987,-3.436
2021-10-01,256.2577,271.5758,196.3165,-3.278,-2.788
2021-10-04,254.5986,269.8176,194.8837,-3.904,-3.497
2021-10-05,256.5615,271.8979,195.6835,-3.163,-3.101
2021-10-06,257.985,273.4064,195.842,-2.626,-3.023
2021-10-07,258.6212,274.0807,196.7468,-2.386,-2.575
2021-10-08,258.5468,274.0018,196.4539,-2.414,-2.72
2021-10-11,258.7623,274.2302,195.6384,-2.332,-3.124
2021-10-12,258.0911,273.5189,195.7389,-2.586,-3.074
2021-10-13,259.7431,275.2696,196.6462,-1.962,-2.625
2021-10-14,261.9357,277.5933,198.4453,-1.135,-1.734
2021-10-15,264.0834,279.8694,199.2256,-0.324,-1.347
2021-10-18,264.3867,280.1908,199.3038,-0.21,-1.309
2021-10-19,266.2313,282.1456,200.0378,0.0,-0.945
2021-10-20,267.2146,283.1877,200.3696,0.0,-0.781
2021-10-21,266.3249,282.2449,200.2212,-0.333,-0.854
2021-10-22,265.7045,281.5874,200.426,-0.565,-0.753
2021-10-25,267.3981,283.3822,200.9329,0.0,-0.502
2021-10-26,266.7259,282.6698,201.1366,-0.251,-0.401
2021-10-27,265.8398,281.7308,200.8443,-0.583,-0.546
2021-10-28,267.4827,283.4719,201.8466,0.0,-0.05
2021-10-29,268.1949,284.2267,201.6741,0.0,-0.135
2021-11-01,268.4305,284.4763,202.1781,0.0,0.0
2021-11-02,269.3041,285.4022,202.4455,0.0,0.0
2021-11-03,269.7842,285.911,203.0796,0.0,0.0
2021-11-04,270.2179,286.3706,203.7891,0.0,0.0
2021-11-05,271.1549,287.3637,204.4022,0.0,0.0
2021-11-08,273.1502,289.4781,204.4605,0.0,0.0
2021-11-09,272.8264,289.135,204.2584,-0.119,-0.099
2021-11-10,270.7371,286.9208,202.6361,-0.883,-0.892
2021-11-11,271.1195,287.3261,202.8007,-0.743,-0.812
2021-11-12,272.0482,288.3103,203.6711,-0.403,-0.386
2021-11-15,271.8127,288.0608,203.3038,-0.49,-0.566
2021-11-16,271.2933,287.5102,203.4869,-0.68,-0.476
2021-11-17,270.9414,287.1374,203.3536,-0.809,-0.541
2021-11-18,270.5463,286.7187,203.6289,-0.953,-0.407
2021-11-19,270.3557,286.5166,203.3745,-1.023,-0.531
2021-11-22,268.6641,284.7239,202.5117,-1.642,-0.953
2021-11-23,268.9795,285.0582,202.2865,-1.527,-1.063
2021-11-24,268.8049,284.8732,202.519,-1.591,-0.95
2021-11-26,264.1778,279.9695,200.0768,-3.285,-2.144
2021-11-29,266.9137,282.8689,201.2428,-2.283,-1.574
2021-11-30,265.1864,281.0383,199.5126,-2.916,-2.42
2021-12-01,263.1059,278.8334,198.4248,-3.677,-2.952
2021-12-02,264.4833,280.2932,200.1895,-3.173,-2.089
2021-12-03,262.5913,278.2882,199.4789,-3.866,-2.436
2021-12-06,262.8835,278.5978,200.629,-3.759,-1.874
2021-12-07,266.2522,282.1679,202.9154,-2.525,-0.756
2021-12-08,266.6112,282.5483,203.0088,-2.394,-0.71
2021-12-09,264.3848,280.1888,202.1681,-3.209,-1.121
2021-12-10,265.4394,281.3064,203.0662,-2.823,-0.682
2021-12-13,263.9236,279.7001,202.0917,-3.378,-1.159
2021-12-14,262.7806,278.4887,201.2317,-3.796,-1.579
2021-12-15,265.6337,281.5123,202.7686,-2.752,-0.828
2021-12-16,264.037,279.8202,202.1455,-3.336,-1.132
2021-12-17,262.3206,278.0013,200.9899,-3.965,-1.697
2021-12-20,261.0009,276.6026,199.6915,-4.448,-2.333
2021-12-21,264.0749,279.8604,201.5956,-3.322,-1.401
2021-12-22,265.3229,281.183,202.8822,-2.866,-0.772
2021-12-23,266.9653,282.9235,203.5087,-2.264,-0.466
2021-12-27,269.0373,285.1194,205.0581,-1.506,0.0
2021-12-28,268.1998,284.2318,204.9396,-1.812,-0.058
2021-12-29,267.2257,283.1995,204.7496,-2.169,-0.15
2021-12-30,267.7507,283.7559,204.7346,-1.977,-0.158
2021-12-31,267.041,283.0038,204.4217,-2.237,-0.31
2022-01-03,267.1979,283.7376,204.6374,-2.179,-0.205
2022-01-04,266.3958,282.8858,204.6455,-2.473,-0.201
2022-01-05,262.7317,278.9949,202.3789,-3.814,-1.307
2022-01-06,262.3112,278.5484,202.0677,-3.968,-1.458
2022-01-07,261.6041,277.7975,201.7468,-4.227,-1.615
2022-01-10,261.0937,277.2555,201.2721,-4.414,-1.846
2022-01-11,263.2498,279.5451,202.7173,-3.625,-1.142
2022-01-12,264.1957,280.5495,203.4123,-3.278,-0.803
2022-01-13,261.5738,277.7653,202.069,-4.238,-1.458
2022-01-14,261.9908,278.2081,201.611,-4.085,-1.681
2022-01-18,259.4443,275.504,199.0955,-5.018,-2.908
2022-01-19,258.4955,274.4965,198.4946,-5.365,-3.201
2022-01-20,257.1576,273.0757,197.6097,-5.855,-3.632
2022-01-21,253.2213,268.8958,195.8121,-7.296,-4.509
2022-01-24,253.236,268.9114,195.5382,-7.291,-4.643
2022-01-25,252.0129,267.6126,194.3645,-7.738,-5.215
2022-01-26,251.2376,266.7893,193.5013,-8.022,-5.636
2022-01-27,250.4159,265.9167,193.1069,-8.323,-5.828
2022-01-28,253.437,269.1249,195.2104,-7.217,-4.802
2022-01-31,256.1913,272.0496,197.2902,-6.209,-3.788
2022-02-01,257.0405,272.9514,198.1049,-5.898,-3.391
2022-02-02,257.6497,273.5983,199.1702,-5.675,-2.871
2022-02-03,254.3553,270.0999,196.4618,-6.881,-4.192
2022-02-04,256.4044,272.276,196.3948,-6.131,-4.225
2022-02-07,256.4292,272.3023,196.2656,-6.122,-4.288
2022-02-08,257.4267,273.3614,196.8599,-5.756,-3.998
2022-02-09,259.8787,275.9652,198.7127,-4.859,-3.094
2022-02-10,257.1913,273.1115,196.1407,-5.843,-4.349
2022-02-11,255.3933,271.2022,194.5564,-6.501,-5.121
2022-02-14,255.0068,270.7918,193.6267,-6.642,-5.575
2022-02-15,257.1951,273.1156,195.3964,-5.841,-4.712
2022-02-16,257.485,273.4235,195.7746,-5.735,-4.527
2022-02-17,253.9142,269.6315,193.7539,-7.042,-5.513
2022-02-18,252.9468,268.6043,193.157,-7.396,-5.804
2022-02-22,251.3469,266.9054,191.8207,-7.982,-6.455
2022-02-23,249.0545,264.471,189.7069,-8.821,-7.486
2022-02-24,251.1158,266.66,190.5019,-8.067,-7.099
2022-02-25,253.6815,269.3844,193.0485,-7.127,-5.857
2022-02-28,254.9136,270.6928,192.9376,-6.676,-5.911
2022-03-01,254.5376,270.2936,191.505,-6.814,-6.609
2022-03-02,255.8688,271.7071,192.2859,-6.327,-6.229
2022-03-03,254.4272,270.1763,191.6707,-6.854,-6.529
2022-03-04,252.3082,267.9261,190.47,-7.63,-7.114
2022-03-07,249.217,264.6437,186.7152,-8.762,-8.945
2022-03-08,249.5815,265.0307,186.0082,-8.628,-9.29
2022-03-09,252.636,268.2743,188.9406,-7.51,-7.86
2022-03-10,251.0364,266.5756,187.7335,-8.096,-8.449
2022-03-11,249.2457,264.6741,186.3035,-8.751,-9.146
2022-03-14,247.4889,262.8086,185.0075,-9.395,-9.778
2022-03-15,249.0202,264.4346,186.9593,-8.834,-8.826
2022-03-16,253.0369,268.7,190.2919,-7.363,-7.201
2022-03-17,254.5577,270.3149,191.4704,-6.807,-6.626
2022-03-18,256.33,272.1969,192.9759,-6.158,-5.892
2022-03-21,256.2904,272.1549,191.9024,-6.172,-6.416
2022-03-22,258.72,274.7348,193.0127,-5.283,-5.874
2022-03-23,258.1247,274.1027,191.9616,-5.501,-6.387
2022-03-24,259.7621,275.8414,193.2685,-4.901,-5.749
2022-03-25,260.0349,276.1311,192.9599,-4.801,-5.9
2022-03-28,261.3581,277.5363,193.651,-4.317,-5.563
2022-03-29,263.2715,279.5681,195.7395,-3.617,-4.544
2022-03-30,262.4233,278.6674,195.2823,-3.927,-4.767
2022-03-31,259.8012,275.883,193.4977,-4.887,-5.638
2022-04-01,259.9252,276.5678,193.9654,-4.842,-5.41
2022-04-04,261.9246,278.6952,194.9995,-4.11,-4.905
2022-04-05,259.4261,276.0368,192.7138,-5.024,-6.02
2022-04-06,256.8687,273.3156,191.2108,-5.961,-6.753
2022-04-07,257.3357,273.8125,191.4147,-5.79,-6.653
2022-04-08,256.6056,273.0356,190.8316,-6.057,-6.938
2022-04-11,253.6886,269.9319,188.6977,-7.125,-7.978
2022-04-12,253.7092,269.9538,188.4583,-7.117,-8.095
2022-04-13,256.0517,272.4463,189.8414,-6.26,-7.421
2022-04-14,253.8914,270.1476,188.1489,-7.051,-8.246
2022-04-18,254.3391,270.624,187.7755,-6.887,-8.428
2022-04-19,256.0726,272.4685,188.5838,-6.252,-8.034
2022-04-20,255.4546,271.8109,189.1302,-6.478,-7.768
2022-04-21,253.4225,269.6488,187.1082,-7.222,-8.754
2022-04-22,250.0175,266.0257,184.3788,-8.469,-10.085
2022-04-25,250.3359,266.3645,184.9934,-8.352,-9.785
2022-04-26,246.2665,262.0345,182.15,-9.842,-11.172
2022-04-27,246.9503,262.7621,182.3402,-9.592,-11.079
2022-04-28,250.7012,266.7532,184.6336,-8.219,-9.96
2022-04-29,246.2747,262.0433,181.1104,-9.839,-11.678
2022-05-02,247.0509,262.8692,181.0638,-9.555,-11.701
2022-05-03,246.9266,262.737,181.8583,-9.6,-11.314
2022-05-04,250.788,266.8455,185.0263,-8.187,-9.769
2022-05-05,245.2605,260.9642,180.5226,-10.21,-11.965
2022-05-06,244.3711,260.0178,179.395,-10.536,-12.515
2022-05-09,238.436,253.7027,176.371,-12.709,-13.99
2022-05-10,238.8891,254.1847,176.9362,-12.543,-13.714
2022-05-11,236.9614,252.1336,175.9007,-13.249,-14.219
2022-05-12,236.4409,251.5798,175.8655,-13.439,-14.236
2022-05-13,239.7882,255.1415,178.0982,-12.214,-13.147
2022-05-16,239.8089,255.1635,177.9629,-12.206,-13.213
2022-05-17,241.737,257.215,179.6143,-11.5,-12.408
2022-05-18,237.1315,252.3146,176.334,-13.186,-14.008
2022-05-19,237.3983,252.5986,176.4233,-13.089,-13.964
2022-05-20,237.2472,252.4378,176.8657,-13.144,-13.749
2022-05-23,238.8294,254.1212,178.3794,-12.565,-13.01
2022-05-24,237.8541,253.0836,178.21,-12.922,-13.093
2022-05-25,238.7854,254.0745,179.1343,-12.581,-12.642
2022-05-26,240.9935,256.4239,180.8371,-11.773,-11.812
2022-05-27,243.4498,259.0375,183.2533,-10.873,-10.633
2022-05-31,243.7653,259.3732,182.4604,-10.758,-11.02
2022-06-01,242.6297,258.1649,181.1764,-11.174,-11.646
2022-06-02,245.3994,261.1119,183.3035,-10.16,-10.609
2022-06-03,243.2685,258.8446,181.4744,-10.94,-11.501
2022-06-06,243.9964,259.6191,181.3878,-10.673,-11.543
2022-06-07,244.9772,260.6627,182.4423,-10.314,-11.029
2022-06-08,243.9442,259.5635,181.0615,-10.692,-11.702
2022-06-09,241.1823,256.6249,178.5418,-11.703,-12.931
2022-06-10,237.6799,252.8981,175.1835,-12.986,-14.569
2022-06-13,230.8424,245.6229,170.2451,-15.489,-16.977
2022-06-14,230.2622,245.0056,169.6154,-15.701,-17.284
2022-06-15,232.2907,247.1639,171.8799,-14.959,-16.18
2022-06-16,228.2667,242.8823,169.0144,-16.432,-17.577
2022-06-17,228.6535,243.2938,169.114,-16.29,-17.529
2022-06-21,231.1138,245.9116,170.8942,-15.389,-16.661
2022-06-22,230.326,245.0734,170.9819,-15.678,-16.618
2022-06-23,231.3607,246.1744,171.9652,-15.299,-16.138
2022-06-24,234.5661,249.585,174.7655,-14.126,-14.773
2022-06-27,233.9672,248.9477,174.122,-14.345,-15.087
2022-06-28,231.8719,246.7183,172.5394,-15.112,-15.858
2022-06-29,232.0595,246.9179,172.7764,-15.043,-15.743
2022-06-30,230.9435,245.7305,172.4486,-15.452,-15.903
2022-07-01,231.1486,246.4416,173.6933,-15.377,-15.296
2022-07-05,231.6142,246.9379,173.3011,-15.206,-15.487
2022-07-06,231.6914,247.0203,173.0711,-15.178,-15.599
2022-07-07,234.2476,249.7456,174.4944,-14.242,-14.905
2022-07-08,234.2551,249.7536,174.2498,-14.239,-15.024
2022-07-11,231.619,246.9431,173.0352,-15.205,-15.616
2022-07-12,230.1143,245.3389,172.4596,-15.755,-15.897
2022-07-13,230.5752,245.8302,172.3157,-15.587,-15.967
2022-07-14,230.3134,245.5511,171.458,-15.682,-16.386
2022-07-15,232.3202,247.6907,173.4268,-14.948,-15.426
2022-07-18,232.7891,248.1906,172.8467,-14.776,-15.708
2022-07-19,236.1179,251.7396,175.4886,-13.557,-14.42
2022-07-20,236.7388,252.4016,175.6966,-13.33,-14.319
2022-07-21,238.2364,253.9983,177.3834,-12.782,-13.496
2022-07-22,236.8461,252.516,177.1149,-13.291,-13.627
2022-07-25,236.0989,251.7194,177.1632,-13.564,-13.603
2022-07-26,234.5849,250.1052,175.9069,-14.119,-14.216
2022-07-27,238.9845,254.7959,178.7061,-12.508,-12.851
2022-07-28,241.0133,256.9589,180.3333,-11.765,-12.057
2022-07-29,242.6247,258.6769,181.6935,-11.175,-11.394
2022-08-01,241.9536,257.9614,181.673,-11.421,-11.404
2022-08-02,240.6641,256.5866,180.0289,-11.893,-12.206
2022-08-03,242.99,259.0664,181.7711,-11.042,-11.356
2022-08-04,243.0936,259.1768,182.0734,-11.004,-11.209
2022-08-05,242.6342,258.6871,180.942,-11.172,-11.761
2022-08-08,243.2793,259.3749,181.2941,-10.936,-11.589
2022-08-09,242.1029,258.1206,180.6524,-11.366,-11.902
2022-08-10,244.926,261.1305,183.1556,-10.333,-10.681
2022-08-11,244.7262,260.9174,182.8134,-10.406,-10.848
2022-08-12,247.156,263.508,184.7373,-9.516,-9.91
2022-08-15,247.3868,263.7541,184.9378,-9.432,-9.812
2022-08-16,247.2922,263.6533,185.003,-9.467,-9.78
2022-08-17,245.7594,262.019,183.7981,-10.028,-10.368
2022-08-18,246.1143,262.3974,184.0272,-9.898,-10.256
2022-08-19,242.6896,258.7462,182.0246,-11.152,-11.233
2022-08-22,240.2515,256.1468,179.5771,-12.044,-12.426
2022-08-23,240.2922,256.1901,179.4641,-12.029,-12.481
2022-08-24,240.4808,256.3912,179.5848,-11.96,-12.423
2022-08-25,242.5881,258.6379,181.5249,-11.189,-11.476
2022-08-26,237.5425,253.2585,177.9493,-13.036,-13.22
2022-08-29,236.6678,252.3259,177.047,-13.356,-13.66
2022-08-30,235.0461,250.597,175.9955,-13.95,-14.173
2022-08-31,234.2326,249.7295,175.0038,-14.248,-14.656
2022-09-01,234.2202,249.7164,174.4797,-14.252,-14.912
2022-09-02,233.1219,248.5454,173.6882,-14.654,-15.298
2022-09-06,231.7023,247.0319,172.6159,-15.174,-15.821
2022-09-07,234.0195,249.5024,174.6726,-14.326,-14.818
2022-09-08,234.4719,249.9848,174.9491,-14.16,-14.683
2022-09-09,237.8253,253.56,176.7794,-12.932,-13.791
2022-09-12,239.5698,255.42,177.9682,-12.294,-13.211
2022-09-13,232.9906,248.4055,173.1803,-14.702,-15.546
2022-09-14,233.5388,248.9899,173.6988,-14.502,-15.293
2022-09-15,231.4927,246.8084,172.3564,-15.251,-15.948
2022-09-16,230.6043,245.8612,171.468,-15.576,-16.381
2022-09-19,231.2107,246.5078,172.126,-15.354,-16.06
2022-09-20,229.575,244.7639,170.5202,-15.953,-16.843
2022-09-21,227.6941,242.7585,168.9933,-16.641,-17.588
2022-09-22,226.8173,241.8237,167.6163,-16.962,-18.259
2022-09-23,224.6286,239.4902,165.3092,-17.764,-19.384
2022-09-26,223.2031,237.9703,163.3228,-18.286,-20.353
2022-09-27,222.892,237.6387,162.7001,-18.399,-20.657
2022-09-28,225.4984,240.4176,165.6159,-17.445,-19.235
2022-09-29,222.9111,237.6591,163.3728,-18.392,-20.329
2022-09-30,221.3114,235.9535,162.1073,-18.978,-20.946
2022-10-03,224.0617,239.3645,165.0518,-17.971,-19.51
2022-10-04,227.9266,243.4933,168.4122,-16.556,-17.871
2022-10-05,227.3647,242.8931,167.6429,-16.762,-18.246
2022-10-06,226.1657,241.6123,166.2085,-17.201,-18.946
2022-10-07,222.7004,237.9102,163.3885,-18.47,-20.321
2022-10-10,221.3407,236.4577,162.3501,-18.967,-20.827
2022-10-11,220.3193,235.3666,161.5057,-19.341,-21.239
2022-10-12,220.2582,235.3013,161.3275,-19.364,-21.326
2022-10-13,222.6236,237.8282,163.3115,-18.498,-20.358
2022-10-14,219.9369,234.958,160.9895,-19.481,-21.491
2022-10-17,222.9459,238.1725,163.6041,-18.38,-20.216
2022-10-18,223.8041,239.0893,164.704,-18.066,-19.679
2022-10-19,222.7644,237.9786,163.2349,-18.446,-20.396
2022-10-20,222.0685,237.2352,162.293,-18.701,-20.855
2022-10-21,224.6513,239.9944,164.563,-17.755,-19.748
2022-10-24,225.3709,240.7631,164.9311,-17.492,-19.569
2022-10-25,227.8505,243.412,167.217,-16.584,-18.454
2022-10-26,227.3404,242.8671,167.3402,-16.771,-18.394
2022-10-27,226.3577,241.8173,167.0439,-17.131,-18.538
2022-10-28,228.739,244.3613,168.689,-16.259,-17.736
2022-10-31,227.715,243.2673,167.7253,-16.634,-18.206
2022-11-01,227.5128,243.0514,167.8779,-16.708,-18.132
2022-11-02,224.5442,239.8799,165.5708,-17.795,-19.257
2022-11-03,223.2677,238.5162,164.479,-18.262,-19.789
2022-11-04,226.2299,241.6808,166.7579,-17.177,-18.678
2022-11-07,226.7826,242.2713,167.2662,-16.975,-18.43
2022-11-08,226.4959,241.965,168.3,-17.08,-17.926
2022-11-09,222.7603,237.9742,166.4085,-18.448,-18.848
2022-11-10,230.3969,246.1323,173.1498,-15.652,-15.561
2022-11-11,231.5105,247.322,174.5577,-15.244,-14.874
2022-11-14,230.2348,245.9592,173.4128,-15.711,-15.432
2022-11-15,231.7872,247.6176,174.8303,-15.143,-14.741
2022-11-16,230.4809,246.2222,174.3864,-15.621,-14.958
2022-11-17,230.1305,245.8478,173.9334,-15.749,-15.179
2022-11-18,230.2472,245.9724,174.0973,-15.707,-15.099
2022-11-21,229.0278,244.6698,173.5399,-16.153,-15.37
2022-11-22,230.8041,246.5675,175.2638,-15.503,-14.53
2022-11-23,232.0425,247.8904,176.4954,-15.049,-13.929
2022-11-25,231.7974,247.6286,176.5725,-15.139,-13.892
2022-11-28,229.8908,245.5917,174.9169,-15.837,-14.699
2022-11-29,229.9855,245.6929,174.8344,-15.803,-14.739
2022-11-30,234.4857,250.5004,178.3048,-14.155,-13.047
2022-12-01,234.9208,250.9652,179.0667,-13.996,-12.675
2022-12-02,234.8722,250.9133,179.27,-14.014,-12.576
2022-12-05,232.388,248.2595,176.8996,-14.923,-13.732
2022-12-06,230.9584,246.7322,175.9005,-15.446,-14.219
2022-12-07,230.6927,246.4484,176.263,-15.544,-14.042
2022-12-08,231.8638,247.6995,176.9028,-15.115,-13.73
2022-12-09,230.9984,246.7749,175.9273,-15.432,-14.206
2022-12-12,232.136,247.9903,176.9748,-15.015,-13.695
2022-12-13,233.8369,249.8073,178.4139,-14.393,-12.994
2022-12-14,233.2186,249.1468,178.0886,-14.619,-13.152
2022-12-15,229.5403,245.2173,175.435,-15.966,-14.446
2022-12-16,228.1665,243.7496,174.2123,-16.468,-15.043
2022-12-19,226.8617,242.3557,173.1634,-16.946,-15.554
2022-12-20,227.4297,242.9625,172.9444,-16.738,-15.661
2022-12-21,228.9516,244.5884,174.4893,-16.181,-14.907
2022-12-22,227.0909,242.6006,173.203,-16.862,-15.535
2022-12-23,227.4286,242.9614,173.4689,-16.739,-15.405
2022-12-27,226.8969,242.3933,172.878,-16.933,-15.693
2022-12-28,225.3604,240.752,171.4884,-17.496,-16.371
2022-12-29,227.7405,243.2946,173.5569,-16.624,-15.362
2022-12-30,227.1727,242.688,172.7163,-16.832,-15.772
2023-01-03,226.7878,242.7623,173.0501,-16.973,-15.609
2023-01-04,228.1938,244.2674,174.5343,-16.458,-14.885
2023-01-05,226.7494,242.7212,173.3931,-16.987,-15.442
2023-01-06,229.912,246.1066,176.5433,-15.829,-13.906
2023-01-09,230.4756,246.7099,176.8782,-15.623,-13.742
2023-01-10,231.3942,247.6932,177.2457,-15.287,-13.563
2023-01-11,233.2104,249.6373,178.7417,-14.622,-12.834
2023-01-12,234.9121,251.4589,179.9981,-13.999,-12.221
2023-01-13,236.1763,252.8122,180.244,-13.536,-12.101
2023-01-17,236.8344,253.5166,180.0644,-13.295,-12.189
2023-01-18,235.1965,251.7633,179.35,-13.895,-12.537
2023-01-19,235.2274,251.7964,178.7699,-13.883,-12.82
2023-01-20,238.2752,255.0589,180.1118,-12.768,-12.166
2023-01-23,239.9369,256.8377,180.9901,-12.159,-11.737
2023-01-24,239.8543,256.7492,181.2374,-12.19,-11.617
2023-01-25,240.3213,257.2491,181.5032,-12.019,-11.487
2023-01-26,241.5454,258.5594,182.2749,-11.57,-11.111
2023-01-27,241.822,258.8555,182.3195,-11.469,-11.089
2023-01-30,239.7047,256.5891,180.8072,-12.244,-11.826
2023-01-31,241.295,258.2914,182.3496,-11.662,-11.074
2023-02-01,243.8438,261.0197,183.9667,-10.729,-10.286
2023-02-02,245.2061,262.478,184.9852,-10.23,-9.789
2023-02-03,242.8673,259.9745,183.0973,-11.087,-10.71
2023-02-06,241.2705,258.2652,181.8358,-11.671,-11.325
2023-02-07,243.4044,260.5493,182.9489,-10.89,-10.782
2023-02-08,241.8099,258.8426,182.0853,-11.474,-11.203
2023-02-09,240.2071,257.1269,181.2277,-12.06,-11.621
2023-02-10,239.6545,256.5353,180.9342,-12.263,-11.764
2023-02-13,241.341,258.3407,182.2923,-11.645,-11.102
2023-02-14,241.8187,258.852,182.0305,-11.47,-11.23
2023-02-15,243.2944,260.4317,181.939,-10.93,-11.274
2023-02-16,241.2522,258.2456,180.4819,-11.678,-11.985
2023-02-17,241.4798,258.4892,180.412,-11.594,-12.019
2023-02-21,238.735,255.5511,177.9096,-12.599,-13.239
2023-02-22,238.2629,255.0458,177.7663,-12.772,-13.309
2023-02-23,238.8452,255.669,178.5658,-12.559,-12.919
2023-02-24,236.476,253.1329,176.8043,-13.426,-13.778
2023-02-27,237.594,254.3297,177.5151,-13.017,-13.432
2023-02-28,236.8124,253.493,177.0092,-13.303,-13.679
2023-03-01,237.1069,253.8082,176.7034,-13.195,-13.828
2023-03-02,237.7734,254.5217,177.1716,-12.951,-13.599
2023-03-03,239.2219,256.0722,179.3023,-12.421,-12.56
2023-03-06,239.2924,256.1477,179.1464,-12.395,-12.636
2023-03-07,236.5963,253.2617,177.3106,-13.382,-13.532
2023-03-08,236.6524,253.3217,177.5317,-13.362,-13.424
2023-03-09,233.6033,250.0579,176.0234,-14.478,-14.159
2023-03-10,232.0206,248.3638,175.5324,-15.057,-14.399
2023-03-13,234.8632,251.4065,175.8078,-14.017,-14.264
2023-03-14,237.2346,253.945,176.8335,-13.149,-13.764
2023-03-15,235.8605,252.4741,176.1932,-13.652,-14.076
2023-03-16,238.6574,255.468,177.5594,-12.628,-13.41
2023-03-17,239.3911,256.2534,176.9416,-12.359,-13.712
2023-03-20,240.7762,257.7361,177.7006,-11.852,-13.341
2023-03-21,242.52,259.6027,178.8631,-11.214,-12.774
2023-03-22,240.6692,257.6215,178.1979,-11.891,-13.099
2023-03-23,242.2842,259.3503,178.6718,-11.3,-12.868
2023-03-24,241.8326,258.8669,179.1983,-11.465,-12.611
2023-03-27,241.5466,258.5607,178.7603,-11.57,-12.825
2023-03-28,241.6554,258.6772,178.6556,-11.53,-12.876
2023-03-29,244.1792,261.3788,180.0951,-10.606,-12.174
2023-03-30,245.1789,262.4489,181.0278,-10.24,-11.719
2023-03-31,246.9767,264.3733,182.5449,-9.582,-10.979
2023-04-03,246.6533,264.5562,183.409,-9.7,-10.558
2023-04-04,246.6113,264.5112,183.273,-9.716,-10.624
2023-04-05,245.9124,263.7615,183.0368,-9.972,-10.739
2023-04-06,246.3888,264.2725,183.4202,-9.797,-10.552
2023-04-10,247.0321,264.9626,183.0305,-9.562,-10.742
2023-04-11,247.3918,265.3484,183.2353,-9.43,-10.642
2023-04-12,247.0483,264.9799,183.1226,-9.556,-10.697
2023-04-13,249.2238,267.3133,184.5093,-8.759,-10.021
2023-04-14,248.6622,266.7109,183.8785,-8.965,-10.329
2023-04-17,248.4004,266.4301,183.7324,-9.061,-10.4
2023-04-18,249.0245,267.0995,184.011,-8.832,-10.264
2023-04-19,247.9578,265.9554,183.6831,-9.223,-10.424
2023-04-20,247.2675,265.215,183.5763,-9.476,-10.476
2023-04-21,246.6698,264.5739,183.4968,-9.694,-10.515
2023-04-24,247.0592,264.9916,183.9343,-9.552,-10.301
2023-04-25,245.2697,263.0722,182.6586,-10.207,-10.923
2023-04-26,245.1157,262.907,182.1248,-10.263,-11.184
2023-04-27,248.1291,266.1392,183.708,-9.16,-10.412
2023-04-28,249.1712,267.2568,184.8229,-8.779,-9.868
2023-05-01,248.2966,266.3188,183.9444,-9.099,-10.296
2023-05-02,247.6604,265.6364,183.4388,-9.332,-10.543
2023-05-03,247.3362,265.2887,183.2826,-9.45,-10.619
2023-05-04,246.7651,264.6761,182.7173,-9.66,-10.895
2023-05-05,249.1938,267.2812,184.3041,-8.77,-10.121
2023-05-08,248.3606,266.3874,184.0235,-9.075,-10.258
2023-05-09,247.8532,265.8432,183.4536,-9.261,-10.536
2023-05-10,248.4376,266.4701,184.1948,-9.047,-10.174
2023-05-11,248.013,266.0146,184.1717,-9.203,-10.186
2023-05-12,247.4726,265.435,183.5197,-9.401,-10.504
2023-05-15,248.5348,266.5743,183.9754,-9.012,-10.281
2023-05-16,247.3873,265.3435,182.9587,-9.432,-10.777
2023-05-17,248.8523,266.9148,183.8949,-8.895,-10.321
2023-05-18,249.4313,267.5359,184.202,-8.683,-10.171
2023-05-19,249.4345,267.5393,184.0104,-8.682,-10.264
2023-05-22,249.6555,267.7763,184.1438,-8.601,-10.199
2023-05-23,248.2586,266.2781,182.8163,-9.113,-10.847
2023-05-24,246.5175,264.4106,181.6278,-9.75,-11.426
2023-05-25,247.6699,265.6466,181.9056,-9.328,-11.291
2023-05-26,250.0927,268.2452,183.3794,-8.441,-10.572
2023-05-30,250.7589,268.9599,183.5358,-8.197,-10.496
2023-05-31,249.691,267.8144,183.0228,-8.588,-10.746
2023-06-01,251.2231,269.4577,184.4957,-8.027,-10.028
2023-06-02,252.7957,271.1445,185.7276,-7.452,-9.427
2023-06-05,251.9222,270.2076,185.4246,-7.772,-9.575
2023-06-06,253.0747,271.4437,185.9924,-7.35,-9.298
2023-06-07,251.4046,269.6524,185.0556,-7.961,-9.755
2023-06-08,252.8896,271.2451,186.1946,-7.417,-9.199
2023-06-09,253.1544,271.5292,186.1997,-7.32,-9.197
2023-06-12,254.3923,272.857,187.1863,-6.867,-8.716
2023-06-13,255.1652,273.686,187.7285,-6.584,-8.451
2023-06-14,255.2467,273.7734,188.0006,-6.554,-8.318
2023-06-15,257.4669,276.1548,189.7994,-5.742,-7.441
2023-06-16,257.3237,276.0011,189.2562,-5.794,-7.706
2023-06-20,257.2407,275.9121,188.4366,-5.824,-8.106
2023-06-21,257.1614,275.827,188.1605,-5.853,-8.24
2023-06-22,257.5218,276.2136,187.8947,-5.722,-8.37
2023-06-23,256.6945,275.3262,186.936,-6.024,-8.838
2023-06-26,255.9969,274.578,186.7989,-6.28,-8.904
2023-06-27,257.713,276.4186,187.8298,-5.652,-8.402
2023-06-28,257.6289,276.3284,188.0538,-5.682,-8.292
2023-06-29,257.5834,276.2796,187.7384,-5.699,-8.446
2023-06-30,259.3722,278.1983,189.3049,-5.044,-7.682
2023-07-03,259.4857,278.8778,189.3901,-5.003,-7.641
2023-07-05,258.593,277.9183,188.543,-5.329,-8.054
2023-07-06,256.6847,275.8674,186.7702,-6.028,-8.918
2023-07-07,256.7704,275.9596,186.9115,-5.997,-8.85
2023-07-10,257.1485,276.3659,187.4342,-5.858,-8.595
2023-07-11,258.2385,277.5374,188.4369,-5.459,-8.106
2023-07-12,260.0112,279.4426,190.3293,-4.81,-7.183
2023-07-13,262.2187,281.8151,191.9567,-4.002,-6.389
2023-07-14,261.4537,280.9929,191.3242,-4.282,-6.698
2023-07-17,262.086,281.6724,191.6957,-4.051,-6.516
2023-07-18,262.9775,282.6305,192.4882,-3.724,-6.13
2023-07-19,263.2213,282.8925,192.8129,-3.635,-5.972
2023-07-20,261.5859,281.135,191.7274,-4.234,-6.501
2023-07-21,261.5733,281.1214,191.8497,-4.238,-6.441
2023-07-24,261.6978,281.2552,192.1326,-4.193,-6.303
2023-07-25,262.2428,281.8409,192.4263,-3.993,-6.16
2023-07-26,262.5458,282.1666,192.8238,-3.882,-5.966
2023-07-27,261.0822,280.5936,191.3984,-4.418,-6.661
2023-07-28,263.2571,282.9311,192.8919,-3.622,-5.933
2023-07-31,263.4117,283.0972,193.1782,-3.565,-5.793
2023-08-01,262.7504,282.3865,192.0026,-3.807,-6.367
2023-08-02,260.0592,279.4942,189.9255,-4.793,-7.38
2023-08-03,259.6389,279.0424,189.1999,-4.946,-7.734
2023-08-04,259.3281,278.7084,189.5435,-5.06,-7.566
2023-08-07,260.4378,279.9011,190.3255,-4.654,-7.185
2023-08-08,259.8737,279.2947,189.9476,-4.861,-7.369
2023-08-09,258.9697,278.3232,189.4929,-5.191,-7.591
2023-08-10,258.878,278.2247,189.2199,-5.225,-7.724
2023-08-11,258.3071,277.6111,188.6113,-5.434,-8.021
2023-08-14,258.7514,278.0886,188.7778,-5.271,-7.939
2023-08-15,256.9771,276.1818,187.2669,-5.921,-8.676
2023-08-16,255.4703,274.5624,186.2075,-6.473,-9.193
2023-08-17,253.6237,272.5777,185.3642,-7.149,-9.604
2023-08-18,253.3795,272.3153,185.5294,-7.238,-9.524
2023-08-21,254.4463,273.4618,185.774,-6.847,-9.404
2023-08-22,254.0915,273.0805,185.5907,-6.977,-9.494
2023-08-23,256.1499,275.2927,187.5066,-6.224,-8.559
2023-08-24,254.1226,273.1139,185.9109,-6.966,-9.337
2023-08-25,254.9547,274.0082,186.6012,-6.661,-9.001
2023-08-28,256.0479,275.1831,187.5762,-6.261,-8.525
2023-08-29,259.0107,278.3673,189.5909,-5.176,-7.543
2023-08-30,259.3828,278.7672,189.8658,-5.04,-7.409
2023-08-31,258.5365,277.8577,189.6769,-5.35,-7.501
2023-09-01,258.6638,277.9945,189.6345,-5.303,-7.522
2023-09-05,258.1389,277.4303,188.5645,-5.496,-8.043
2023-09-06,257.1104,276.3249,187.8223,-5.872,-8.405
2023-09-07,256.6629,275.8441,187.6382,-6.036,-8.495
2023-09-08,256.8263,276.0196,187.7431,-5.976,-8.444
2023-09-11,257.7324,276.9935,188.5463,-5.644,-8.052
2023-09-12,257.2162,276.4387,188.0326,-5.833,-8.303
2023-09-13,257.5529,276.8006,188.1563,-5.71,-8.242
2023-09-14,258.9396,278.2908,189.1022,-5.202,-7.781
2023-09-15,257.5339,276.7801,187.9081,-5.717,-8.364
2023-09-18,257.734,276.9952,187.9329,-5.644,-8.351
2023-09-19,257.601,276.8522,187.5958,-5.693,-8.516
2023-09-20,256.2197,275.3678,186.6757,-6.198,-8.964
2023-09-21,253.5584,272.5076,184.3634,-7.173,-10.092
2023-09-22,253.671,272.6286,184.6319,-7.131,-9.961
2023-09-25,253.7204,272.6816,184.2637,-7.113,-10.141
2023-09-26,251.7345,270.5473,182.5867,-7.84,-10.959
2023-09-27,251.8332,270.6534,182.3274,-7.804,-11.085
2023-09-28,252.9855,271.8918,183.1665,-7.382,-10.676
2023-09-29,252.6343,271.5144,182.8849,-7.511,-10.813
2023-10-02,252.0073,271.3833,181.9052,-7.74,-11.291
2023-10-03,249.9106,269.1254,179.8887,-8.508,-12.274
2023-10-04,250.8661,270.1544,180.8722,-8.158,-11.795
2023-10-05,250.7327,270.0106,181.1093,-8.207,-11.679
2023-10-06,252.7461,272.1789,182.1359,-7.47,-11.178
2023-10-09,253.5358,273.0293,183.2866,-7.181,-10.617
2023-10-10,254.3538,273.9102,184.0869,-6.881,-10.227
2023-10-11,254.8832,274.4803,184.8885,-6.688,-9.836
2023-10-12,253.8773,273.3971,183.4534,-7.056,-10.536
2023-10-13,253.5175,273.0096,183.1389,-7.188,-10.689
2023-10-16,255.547,275.1951,183.8069,-6.445,-10.364
2023-10-17,255.4017,275.0387,183.3084,-6.498,-10.607
2023-10-18,253.4711,272.9597,181.3726,-7.204,-11.551
2023-10-19,252.7052,272.1348,180.1871,-7.485,-12.129
2023-10-20,251.5796,270.9228,179.165,-7.897,-12.627
2023-10-23,253.0398,272.4951,179.298,-7.362,-12.562
2023-10-24,254.4662,274.0313,180.331,-6.84,-12.059
2023-10-25,252.7285,272.1599,178.4268,-7.476,-12.987
2023-10-26,251.1125,270.4197,177.8348,-8.068,-13.276
2023-10-27,250.9764,270.2731,177.4261,-8.118,-13.475
2023-10-30,252.5464,271.9639,178.5237,-7.543,-12.94
2023-10-31,253.1103,272.5711,178.9535,-7.337,-12.73
2023-11-01,255.1412,274.7582,180.7891,-6.593,-11.835
2023-11-02,257.4134,277.2051,183.31,-5.761,-10.606
2023-11-03,258.7902,278.6877,184.9162,-5.257,-9.823
2023-11-06,259.1123,279.0346,184.7023,-5.139,-9.927
2023-11-07,259.7144,279.683,185.0563,-4.919,-9.754
2023-11-08,259.6782,279.644,185.2404,-4.932,-9.664
2023-11-09,259.215,279.1452,184.0525,-5.102,-10.244
2023-11-10,261.3699,281.4657,185.5396,-4.313,-9.519
2023-11-13,260.9189,280.98,185.5173,-4.478,-9.529
2023-11-14,263.3094,283.5544,188.7905,-3.603,-7.933
2023-11-15,264.5855,284.9285,188.6084,-3.136,-8.022
2023-11-16,263.9249,284.2172,188.9953,-3.377,-7.833
2023-11-17,264.437,284.7687,189.6039,-3.19,-7.537
2023-11-20,266.0065,286.4588,190.5092,-2.615,-7.095
2023-11-21,264.858,285.2221,190.2407,-3.036,-7.226
2023-11-22,266.2183,286.6869,190.6735,-2.538,-7.015
2023-11-24,266.3246,286.8013,190.5629,-2.499,-7.069
2023-11-27,266.0288,286.4829,190.7641,-2.607,-6.971
2023-11-28,266.8272,287.3427,191.2866,-2.315,-6.716
2023-11-29,266.8049,287.3186,191.6128,-2.323,-6.557
2023-11-30,266.8946,287.4152,191.6994,-2.29,-6.515
2023-12-01,268.3434,288.9754,193.1205,-1.76,-5.822
2023-12-04,268.6261,289.2798,192.0772,-1.656,-6.33
2023-12-05,269.5593,290.2848,192.4164,-1.315,-6.165
2023-12-06,269.1229,289.8148,192.3534,-1.474,-6.196
2023-12-07,269.84,290.5871,193.1328,-1.212,-5.816
2023-12-08,270.5718,291.3751,193.0894,-0.944,-5.837
2023-12-11,269.8119,290.5568,193.4875,-1.222,-5.643
2023-12-12,270.4514,291.2455,194.1435,-0.988,-5.323
2023-12-13,273.6422,294.6816,196.7591,0.0,-4.047
2023-12-14,274.4876,295.5921,197.9736,0.0,-3.455
2023-12-15,273.7361,294.7827,197.3789,-0.274,-3.745
2023-12-18,274.6568,295.7743,197.7509,0.0,-3.563
2023-12-19,275.5651,296.7524,198.7464,0.0,-3.078
2023-12-20,274.2717,295.3595,197.3224,-0.469,-3.772
2023-12-21,276.0346,297.258,198.7824,0.0,-3.06
2023-12-22,276.3759,297.6255,198.9332,0.0,-2.987
2023-12-26,276.4796,297.7371,199.5403,0.0,-2.691
2023-12-27,277.702,299.0535,200.4311,0.0,-2.256
2023-12-28,277.1461,298.4549,200.2741,-0.2,-2.333
2023-12-29,276.4439,297.6988,199.9027,-0.453,-2.514
2024-01-02,275.2818,297.0413,198.5997,-0.872,-3.15
2024-01-03,273.3903,295.0004,197.8272,-1.553,-3.526
2024-01-04,273.4362,295.0499,197.2401,-1.536,-3.813
2024-01-05,273.3519,294.9589,197.1292,-1.566,-3.867
2024-01-08,276.4187,298.2681,198.9272,-0.462,-2.99
2024-01-09,275.6884,297.4801,198.3359,-0.725,-3.278
2024-01-10,276.7754,298.653,198.8924,-0.334,-3.007
2024-01-11,276.9152,298.8038,199.2988,-0.283,-2.809
2024-01-12,276.4252,298.2751,199.6364,-0.46,-2.644
2024-01-16,275.0981,296.8431,198.081,-0.938,-3.403
2024-01-17,273.6718,295.3041,197.0236,-1.451,-3.918
2024-01-18,274.5602,296.2627,197.9112,-1.131,-3.485
2024-01-19,276.6606,298.5292,199.0856,-0.375,-2.913
2024-01-22,276.4743,298.3281,199.3803,-0.442,-2.769
2024-01-23,276.5262,298.3841,199.4647,-0.423,-2.728
2024-01-24,276.8492,298.7327,199.6453,-0.307,-2.64
2024-01-25,277.6996,299.6503,200.5778,-0.001,-2.185
2024-01-26,278.3342,300.3351,200.533,0.0,-2.207
2024-01-29,280.0572,302.1942,201.6313,0.0,-1.671
2024-01-30,279.8531,301.974,201.5899,-0.073,-1.691
2024-01-31,277.5692,299.5096,200.3745,-0.888,-2.284
2024-02-01,280.0277,302.1624,202.2911,-0.011,-1.349
2024-02-02,280.7083,302.8968,202.1413,0.0,-1.422
2024-02-05,279.6121,301.7139,201.0326,-0.391,-1.963
2024-02-06,280.7281,302.9182,202.0752,0.0,-1.455
2024-02-07,282.008,304.2993,202.6124,0.0,-1.193
2024-02-08,282.4499,304.7761,202.3585,0.0,-1.317
2024-02-09,283.9774,306.4243,202.9346,0.0,-1.036
2024-02-12,284.7831,307.2937,203.0352,0.0,-0.987
2024-02-13,281.6114,303.8713,200.4566,-1.114,-2.244
2024-02-14,284.1997,306.6642,202.0247,-0.205,-1.479
2024-02-15,285.4567,308.0205,203.1965,0.0,-0.908
2024-02-16,284.7519,307.26,202.5965,-0.247,-1.2
2024-02-20,284.103,306.5599,202.3575,-0.474,-1.317
2024-02-21,283.8022,306.2353,202.265,-0.58,-1.362
2024-02-22,287.3946,310.1116,204.469,0.0,-0.287
2024-02-23,287.354,310.0678,204.8116,-0.014,-0.12
2024-02-26,287.9789,310.7421,204.2671,0.0,-0.386
2024-02-27,289.0797,311.9299,204.3805,0.0,-0.33
2024-02-28,289.6824,312.5802,204.1266,0.0,-0.454
2024-02-29,291.1115,314.1223,204.662,0.0,-0.193
2024-03-01,293.8219,317.047,206.2781,0.0,0.0
2024-03-04,295.239,318.5761,205.8655,0.0,-0.2
2024-03-05,291.8237,314.8908,205.2761,-1.157,-0.486
2024-03-06,294.8672,318.1749,206.3947,-0.126,0.0
2024-03-07,296.9097,320.3788,207.7685,0.0,0.0
2024-03-08,296.1872,319.5993,207.2024,-0.243,-0.272
2024-03-11,296.6831,320.1343,206.9602,-0.076,-0.389
2024-03-12,297.896,321.4431,207.9785,0.0,0.0
2024-03-13,298.4919,322.0861,207.6534,0.0,-0.156
2024-03-14,296.4387,319.8706,206.7307,-0.688,-0.6
2024-03-15,295.3476,318.6933,206.0445,-1.053,-0.93
2024-03-18,295.6285,318.9964,206.4912,-0.959,-0.715
2024-03-19,295.6186,318.9857,207.1979,-0.963,-0.375
2024-03-20,298.1003,321.6635,208.5429,-0.131,0.0
2024-03-21,298.551,322.1499,208.9083,0.0,0.0
2024-03-22,297.8564,321.4004,208.8963,-0.233,-0.006
2024-03-25,299.8536,323.5555,208.4809,0.0,-0.205
2024-03-26,298.9892,322.6227,208.3004,-0.288,-0.291
2024-03-27,299.9918,323.7045,209.5663,0.0,0.0
2024-03-28,301.3089,325.1258,209.443,0.0,-0.059
2024-04-01,300.478,324.8789,208.6852,-0.276,-0.42
2024-04-02,298.8466,323.115,207.8718,-0.817,-0.809
2024-04-03,299.2889,323.5933,208.1852,-0.67,-0.659
2024-04-04,297.8499,322.0375,207.0491,-1.148,-1.201
2024-04-05,299.408,323.722,207.6586,-0.631,-0.91
2024-04-08,300.8135,325.2417,207.8307,-0.164,-0.828
2024-04-09,300.6188,325.0312,208.3455,-0.229,-0.583
2024-04-10,299.1332,323.4249,205.978,-0.722,-1.712
2024-04-11,301.006,325.4498,206.7182,-0.101,-1.359
2024-04-12,297.3527,321.4998,205.0497,-1.313,-2.155
2024-04-15,295.2996,319.28,203.2797,-1.994,-3.0
2024-04-16,294.4246,318.3339,202.4684,-2.285,-3.387
2024-04-17,292.8016,316.5791,202.4033,-2.823,-3.418
2024-04-18,293.0721,316.8716,202.0074,-2.734,-3.607
2024-04-19,292.002,315.7146,201.4284,-3.089,-3.883
2024-04-22,293.374,317.198,202.5683,-2.633,-3.339
2024-04-23,295.4018,319.3905,204.1168,-1.96,-2.6
2024-04-24,294.7991,318.7389,203.7937,-2.161,-2.755
2024-04-25,294.4265,318.336,203.1513,-2.284,-3.061
2024-04-26,296.759,320.858,204.4768,-1.51,-2.429
2024-04-29,296.9713,321.0875,205.2608,-1.44,-2.054
2024-04-30,293.4019,317.2282,203.0943,-2.624,-3.088
2024-05-01,292.4266,316.1737,203.0929,-2.948,-3.089
2024-05-02,294.3399,318.2424,204.8671,-2.313,-2.242
2024-05-03,297.064,321.1877,206.6569,-1.409,-1.388
2024-05-06,299.0165,323.2987,207.7935,-0.761,-0.846
2024-05-07,299.1883,323.4846,208.0467,-0.704,-0.725
2024-05-08,298.9507,323.2276,207.7973,-0.783,-0.844
2024-05-09,300.3074,324.6945,208.7506,-0.332,-0.389
2024-05-10,300.1535,324.5281,208.6769,-0.383,-0.424
2024-05-13,300.8837,325.3176,208.8213,-0.141,-0.355
2024-05-14,301.5772,326.0674,209.7246,0.0,0.0
2024-05-15,304.6896,329.4325,211.7103,0.0,0.0
2024-05-16,304.1716,328.8725,211.2631,-0.17,-0.211
2024-05-17,305.2921,330.084,211.3673,0.0,-0.162
2024-05-20,306.4215,331.3051,211.3697,0.0,-0.161
2024-05-21,306.3922,331.2734,211.6471,-0.01,-0.03
2024-05-22,305.5051,330.3143,210.9687,-0.299,-0.35
2024-05-23,303.4715,328.1155,209.8092,-0.963,-0.898
2024-05-24,305.1248,329.9031,210.8158,-0.423,-0.423
2024-05-28,305.4476,330.2521,210.4754,-0.318,-0.583
2024-05-29,303.3698,328.0056,208.8604,-0.996,-1.346
2024-05-30,302.8305,327.4225,208.9176,-1.172,-1.319
2024-05-31,303.2923,327.9218,210.1563,-1.021,-0.734
2024-06-03,304.2991,329.0103,210.8937,-0.693,-0.386
2024-06-04,304.019,328.7075,211.0329,-0.784,-0.32
2024-06-05,306.9815,331.9106,212.6604,0.0,0.0
2024-06-06,307.0983,332.0368,212.7918,0.0,0.0
2024-06-07,305.5631,330.377,211.5188,-0.5,-0.598
2024-06-10,306.4878,331.3767,211.7825,-0.199,-0.474
2024-06-11,306.3925,331.2738,211.9332,-0.23,-0.403
2024-06-12,308.1055,333.1259,213.4782,0.0,0.0
2024-06-13,307.9133,332.9181,213.5699,-0.062,0.0
2024-06-14,308.1254,333.1474,213.5315,0.0,-0.018
2024-06-17,309.7478,334.9015,214.0533,0.0,0.0
2024-06-18,309.9926,335.1662,214.7723,0.0,0.0
2024-06-20,310.086,335.2671,214.3376,0.0,-0.202
2024-06-21,309.108,334.2098,213.9199,-0.315,-0.397
2024-06-24,307.7811,332.7752,214.0392,-0.743,-0.341
2024-06-25,309.0236,334.1185,214.4483,-0.343,-0.151
2024-06-26,308.6193,333.6814,213.8981,-0.473,-0.407
2024-06-27,309.3218,334.4409,214.2624,-0.246,-0.237
2024-06-28,308.4591,333.5082,213.563,-0.525,-0.563
2024-07-01,309.4044,335.2007,213.3582,-0.22,-0.658
2024-07-02,310.1221,335.9782,214.326,0.0,-0.208
2024-07-03,311.3949,337.3571,215.7131,0.0,0.0
2024-07-05,311.9209,337.9269,216.8427,0.0,0.0
2024-07-08,311.6536,337.6373,216.7989,-0.086,-0.02
2024-07-09,312.2215,338.2526,216.7809,0.0,-0.028
2024-07-10,313.9537,340.1292,218.2027,0.0,0.0
2024-07-11,312.6773,338.7464,218.0813,-0.407,-0.056
2024-07-12,313.7834,339.9447,219.2294,-0.054,0.0
2024-07-15,315.2529,341.5368,218.854,0.0,-0.171
2024-07-16,317.1239,343.5638,219.9354,0.0,0.0
2024-07-17,313.7067,339.8616,218.4403,-1.078,-0.68
2024-07-18,312.0764,338.0954,217.1318,-1.592,-1.275
2024-07-19,311.3234,337.2796,216.0364,-1.829,-1.773
2024-07-22,313.4203,339.5513,217.2924,-1.168,-1.202
2024-07-23,311.9839,337.9952,216.897,-1.621,-1.382
2024-07-24,307.8609,333.5285,214.1119,-2.921,-2.648
2024-07-25,306.2668,331.8014,213.661,-3.424,-2.853
2024-07-26,309.2729,335.0582,215.4922,-2.476,-2.02
2024-07-29,309.0326,334.7979,215.4783,-2.551,-2.027
2024-07-30,307.8437,333.5098,215.159,-2.926,-2.172
2024-07-31,311.2892,337.2426,217.6839,-1.84,-1.024
2024-08-01,307.5795,333.2236,215.8405,-3.01,-1.862
2024-08-02,304.1215,329.4772,214.5553,-4.1,-2.446
2024-08-05,296.9554,321.7137,210.9534,-6.36,-4.084
2024-08-06,298.3111,323.1825,211.3418,-5.932,-3.907
2024-08-07,297.0505,321.8167,210.792,-6.33,-4.157
2024-08-08,302.217,327.414,213.3322,-4.701,-3.002
2024-08-09,303.3567,328.6487,214.141,-4.341,-2.635
2024-08-12,303.6972,329.0176,214.3742,-4.234,-2.529
2024-08-13,307.1228,332.7288,216.7219,-3.154,-1.461
2024-08-14,306.7886,332.3667,217.1747,-3.259,-1.255
2024-08-15,309.1434,334.9179,218.8016,-2.517,-0.516
2024-08-16,310.8986,336.8194,219.4586,-1.963,-0.217
2024-08-19,312.5334,338.5905,220.8988,-1.448,0.0
2024-08-20,312.3639,338.4069,220.8035,-1.501,-0.043
2024-08-21,313.6836,339.8366,221.6631,-1.085,0.0
2024-08-22,311.371,337.3312,220.2388,-1.814,-0.643
2024-08-23,314.592,340.8207,222.3561,-0.798,0.0
2024-08-26,313.7428,339.9007,221.8313,-1.066,-0.236
2024-08-27,313.734,339.8912,222.105,-1.069,-0.113
2024-08-28,311.6562,337.6401,221.3077,-1.724,-0.471
2024-08-29,311.8589,337.8598,221.3035,-1.66,-0.473
2024-08-30,312.8557,338.9397,222.077,-1.346,-0.126
2024-09-03,309.2467,335.0298,219.9072,-2.484,-1.101
2024-09-04,309.0856,334.8553,219.9948,-2.535,-1.062
2024-09-05,308.6577,334.3917,220.0675,-2.67,-1.029
2024-09-06,304.7449,330.1526,217.9241,-3.904,-1.993
2024-09-09,307.6645,333.3156,219.4448,-2.983,-1.309
2024-09-10,308.7647,334.5076,219.9205,-2.636,-1.095
2024-09-11,310.53,336.42,221.0018,-2.079,-0.609
2024-09-12,312.4202,338.4679,222.0509,-1.483,-0.137
2024-09-13,313.9005,340.0716,222.8291,-1.016,0.0
2024-09-16,313.8853,340.0551,223.492,-1.021,0.0
2024-09-17,314.1593,340.352,223.2717,-0.935,-0.099
2024-09-18,313.2097,339.3232,222.5608,-1.234,-0.417
2024-09-19,317.5567,344.0326,224.9622,0.0,0.0
2024-09-20,317.3998,343.8627,224.4556,-0.049,-0.225
2024-09-23,318.0948,344.6156,224.8509,0.0,-0.049
2024-09-24,319.9752,346.6528,225.8425,0.0,0.0
2024-09-25,318.964,345.5573,224.9762,-0.316,-0.384
2024-09-26,321.2507,348.0346,226.45,0.0,0.0
2024-09-27,320.9457,347.7042,226.3902,-0.095,-0.026
2024-09-30,320.2168,346.9145,226.3373,-0.322,-0.05
2024-10-01,318.2154,345.4372,225.6398,-0.945,-0.358
2024-10-02,318.1274,345.3416,225.6468,-0.972,-0.355
2024-10-03,317.1551,344.2861,224.6025,-1.275,-0.816
2024-10-04,318.4286,345.6685,225.178,-0.878,-0.562
2024-10-07,317.1288,344.2576,224.0079,-1.283,-1.078
2024-10-08,317.6528,344.8264,224.5619,-1.12,-0.834
2024-10-09,317.9132,345.109,224.8889,-1.039,-0.689
2024-10-10,317.463,344.6204,224.6579,-1.179,-0.791
2024-10-11,319.4935,346.8246,225.4692,-0.547,-0.433
2024-10-14,321.0891,348.5567,226.1848,-0.05,-0.117
2024-10-15,319.6904,347.0383,225.1205,-0.486,-0.587
2024-10-16,320.722,348.1582,225.8494,-0.165,-0.265
2024-10-17,320.2137,347.6063,225.358,-0.323,-0.482
2024-10-18,321.8917,349.4279,226.1164,0.0,-0.147
2024-10-21,320.7203,348.1563,224.9291,-0.364,-0.672
2024-10-22,320.6263,348.0542,224.727,-0.393,-0.761
2024-10-23,318.1069,345.3193,223.2789,-1.176,-1.4
2024-10-24,319.433,346.7589,223.7207,-0.764,-1.205
2024-10-25,319.0795,346.3751,223.3845,-0.874,-1.354
2024-10-28,320.2939,347.6934,223.8542,-0.496,-1.146
2024-10-29,321.7219,349.2436,223.9187,-0.053,-1.118
2024-10-30,320.5845,348.0089,223.2991,-0.406,-1.391
2024-10-31,316.6853,343.7761,221.2355,-1.617,-2.303
2024-11-01,316.9639,344.0786,221.3319,-1.531,-2.26
2024-11-04,316.3471,343.409,221.6209,-1.722,-2.133
2024-11-05,318.9973,346.2859,223.3956,-0.899,-1.349
2024-11-06,322.6597,350.2616,224.4014,0.0,-0.905
2024-11-07,325.5834,353.4354,226.5301,0.0,0.0
2024-11-08,325.2665,353.0914,226.3809,-0.097,-0.066
2024-11-11,327.1565,355.1431,226.2324,0.0,-0.131
2024-11-12,326.3738,354.2935,224.7025,-0.239,-0.807
2024-11-13,326.0448,353.9363,224.4974,-0.34,-0.897
2024-11-14,324.309,352.052,223.8254,-0.87,-1.194
2024-11-15,323.1889,350.8361,222.5299,-1.213,-1.766
2024-11-18,324.5465,352.3098,223.2701,-0.798,-1.439
2024-11-19,325.5982,353.4515,223.7798,-0.476,-1.214
2024-11-20,326.1542,354.0551,223.6122,-0.306,-1.288
2024-11-21,327.8853,355.9342,224.0547,0.0,-1.093
2024-11-22,328.9802,357.1228,224.5519,0.0,-0.873
2024-11-25,328.1235,356.1928,225.8063,-0.26,-0.32
2024-11-26,327.6943,355.7269,225.9603,-0.391,-0.252
2024-11-27,328.6674,356.7833,226.0897,-0.095,-0.194
2024-11-29,330.3923,358.6557,227.3622,0.0,0.0
2024-12-02,330.7467,359.0404,227.7661,0.0,0.0
2024-12-03,330.9436,359.2542,227.7633,0.0,-0.001
2024-12-04,333.2081,361.7123,228.675,0.0,0.0
2024-12-05,332.8071,361.2771,228.7933,-0.12,0.0
2024-12-06,334.1967,362.7856,229.1501,0.0,0.0
2024-12-09,332.4207,360.8576,228.621,-0.531,-0.231
2024-12-10,331.7834,360.1658,227.7771,-0.722,-0.599
2024-12-11,334.8867,363.5346,228.5687,0.0,-0.254
2024-12-12,333.0136,361.5012,227.3303,-0.559,-0.794
2024-12-13,333.0715,361.5641,226.8658,-0.542,-0.997
2024-12-16,334.9351,363.5871,227.1903,0.0,-0.855
2024-12-17,334.4223,363.0304,226.6472,-0.153,-1.092
2024-12-18,327.0695,355.0486,222.1345,-2.348,-3.062
2024-12-19,325.578,353.4295,221.857,-2.794,-3.183
2024-12-20,327.2715,355.2679,223.2245,-2.288,-2.586
2024-12-23,327.4584,355.4708,223.8559,-2.232,-2.31
2024-12-24,330.7105,359.0011,225.0858,-1.261,-1.774
2024-12-26,329.8985,358.1196,225.2305,-1.504,-1.711
2024-12-27,327.8007,355.8424,223.9687,-2.13,-2.261
2024-12-30,326.0811,353.9757,222.9777,-2.643,-2.694
2024-12-31,325.4078,353.2447,222.4062,-2.845,-2.943
2025-01-02,325.5231,354.0781,222.1449,-2.81,-3.057
2025-01-03,327.523,356.2534,223.4134,-2.213,-2.503
2025-01-06,329.2366,358.1173,224.1975,-1.701,-2.161
2025-01-07,326.3755,355.0053,222.6673,-2.556,-2.829
2025-01-08,326.3235,354.9487,222.7887,-2.571,-2.776
2025-01-10,324.1666,352.6026,220.2366,-3.215,-3.89
2025-01-13,323.6546,352.0457,220.0979,-3.368,-3.95
2025-01-14,324.3413,352.7926,220.5136,-3.163,-3.769
2025-01-15,328.3799,357.1856,223.356,-1.957,-2.529
2025-01-16,328.36,357.1639,223.5389,-1.963,-2.449
2025-01-17,330.9269,359.9559,224.6444,-1.197,-1.966
2025-01-21,332.7991,361.9923,226.4996,-0.638,-1.157
2025-01-22,333.5142,362.7702,226.736,-0.424,-1.053
2025-01-23,334.1083,363.4164,227.4045,-0.247,-0.762
2025-01-24,334.0507,363.3537,227.5251,-0.264,-0.709
2025-01-27,330.5353,359.53,226.4389,-1.314,-1.183
2025-01-28,332.3251,361.4768,227.2051,-0.779,-0.849
2025-01-29,332.3002,361.4497,226.7603,-0.787,-1.043
2025-01-30,333.9645,363.26,227.9122,-0.29,-0.54
2025-01-31,332.4851,361.6508,226.8377,-0.731,-1.009
2025-02-03,331.3949,360.465,225.8586,-1.057,-1.436
2025-02-04,332.7364,361.9242,227.1665,-0.656,-0.866
2025-02-05,333.4454,362.6954,228.3025,-0.445,-0.37
2025-02-06,334.0551,363.3585,228.7372,-0.263,-0.18
2025-02-07,332.3319,361.4842,227.2673,-0.777,-0.822
2025-02-10,334.6282,363.982,228.3142,-0.092,-0.365
2025-02-11,334.0997,363.407,228.3308,-0.249,-0.358
2025-02-12,334.0811,363.3868,227.6961,-0.255,-0.634
2025-02-13,336.2379,365.7328,229.7031,0.0,0.0
2025-02-14,336.3258,365.8285,230.0824,0.0,0.0
2025-02-18,336.9572,366.5152,230.2941,0.0,0.0
2025-02-19,337.2447,366.828,230.3257,0.0,0.0
2025-02-20,337.3199,366.9098,230.3329,0.0,0.0
2025-02-21,334.021,363.3215,228.8438,-0.978,-0.646
2025-02-24,332.7849,361.977,228.303,-1.344,-0.881
2025-02-25,330.7454,359.7585,228.6874,-1.949,-0.714
2025-02-26,330.5983,359.5985,229.0235,-1.993,-0.569
2025-02-27,326.9563,355.637,226.8281,-3.072,-1.522
2025-02-28,328.8796,357.7291,228.4649,-2.502,-0.811
2025-03-03,327.0631,355.7532,227.28,-3.041,-1.325
2025-03-04,325.9369,354.5282,225.973,-3.375,-1.893
2025-03-05,328.7813,357.6221,227.8093,-2.531,-1.096
2025-03-06,325.3765,353.9187,225.7431,-3.541,-1.993
2025-03-07,326.0302,354.6297,226.52,-3.347,-1.655
2025-03-10,319.6189,347.656,223.5373,-5.248,-2.95
2025-03-11,319.6852,347.7281,222.4526,-5.228,-3.421
2025-03-12,320.9273,349.0792,222.9999,-4.86,-3.184
2025-03-13,318.9874,346.969,221.879,-5.435,-3.67
2025-03-14,323.2086,351.5606,224.2116,-4.183,-2.658
2025-03-17,324.9038,353.4044,225.6148,-3.681,-2.048
2025-03-18,323.2715,351.629,224.7458,-4.165,-2.426
2025-03-19,325.591,354.1519,226.0429,-3.477,-1.863
2025-03-20,324.6248,353.101,225.5048,-3.764,-2.096
2025-03-21,324.352,352.8043,225.2176,-3.844,-2.221
2025-03-24,327.1202,355.8153,226.4024,-3.024,-1.706
2025-03-25,327.8506,356.6098,226.8814,-2.807,-1.498
2025-03-26,325.417,353.9627,225.1605,-3.529,-2.246
2025-03-27,325.5736,354.133,224.9909,-3.482,-2.319
2025-03-28,322.163,350.4232,223.2288,-4.493,-3.084
2025-03-31,322.5426,350.8361,223.5955,-4.381,-2.925
2025-04-01,323.3383,352.4065,224.3351,-4.145,-2.604
2025-04-02,324.4634,353.6327,224.9182,-3.811,-2.351
2025-04-03,316.7187,345.1918,220.175,-6.107,-4.41
2025-04-04,307.5249,335.1714,212.5707,-8.833,-7.712
2025-04-07,304.1693,331.5141,210.0189,-9.828,-8.819
2025-04-08,301.8056,328.938,208.0668,-10.528,-9.667
2025-04-09,316.9603,345.455,218.4983,-6.036,-5.138
2025-04-10,311.4821,339.4844,214.0537,-7.66,-7.068
2025-04-11,315.573,343.943,216.5856,-6.447,-5.968
2025-04-14,317.2127,345.7302,218.4198,-5.961,-5.172
2025-04-15,317.3223,345.8497,218.6354,-5.928,-5.079
2025-04-16,315.1364,343.4673,216.7593,-6.576,-5.893
2025-04-17,315.5254,343.8912,217.1269,-6.461,-5.733
2025-04-21,313.3978,341.5724,214.4732,-7.092,-6.886
2025-04-22,317.733,346.2973,217.5202,-5.807,-5.563
2025-04-23,320.0495,348.822,219.2591,-5.12,-4.808
2025-04-24,323.8847,353.002,222.1356,-3.983,-3.559
2025-04-25,325.3528,354.6021,223.1088,-3.548,-3.136
2025-04-28,325.6932,354.9731,223.6491,-3.447,-2.902
2025-04-29,326.5732,355.9322,224.5595,-3.186,-2.507
2025-04-30,326.3647,355.705,224.4915,-3.248,-2.536
2025-05-01,327.0865,356.4916,224.7545,-3.034,-2.422
2025-05-02,329.5549,359.1819,226.5519,-2.302,-1.642
2025-05-05,329.0566,358.6388,226.1288,-2.45,-1.825
2025-05-06,328.9352,358.5066,225.4782,-2.486,-2.108
2025-05-07,329.1498,358.7404,225.7799,-2.422,-1.977
2025-05-08,330.252,359.9417,225.7782,-2.095,-1.977
2025-05-09,330.9946,360.751,225.9909,-1.875,-1.885
2025-05-12,334.7528,364.8472,229.151,-0.761,-0.513
2025-05-13,336.7415,367.0147,229.8204,-0.171,-0.223
2025-05-14,336.2856,366.5177,229.5946,-0.307,-0.321
2025-05-15,337.595,367.9449,230.9082,0.0,0.0
2025-05-16,338.4164,368.8401,231.6362,0.0,0.0
2025-05-19,339.301,369.8043,232.0332,0.0,0.0
2025-05-20,339.5411,370.0659,231.6875,0.0,-0.149
2025-05-21,337.4158,367.7496,229.3273,-0.626,-1.166
2025-05-22,337.8984,368.2755,229.5367,-0.484,-1.076
2025-05-23,337.2964,367.6194,229.2,-0.661,-1.221
2025-05-27,340.436,371.0413,231.9887,0.0,-0.019
2025-05-28,338.5952,369.035,230.8354,-0.541,-0.516
2025-05-29,339.2733,369.774,231.7249,-0.342,-0.133
2025-05-30,338.7059,369.1556,231.6766,-0.508,-0.154
2025-06-02,340.4512,371.0578,232.5249,0.0,0.0
2025-06-03,341.2291,371.9056,232.7267,0.0,0.0
2025-06-04,341.9783,372.7222,233.536,0.0,0.0
2025-06-05,340.4631,371.0708,232.9831,-0.443,-0.237
2025-06-06,341.7804,372.5065,233.6025,-0.058,0.0
2025-06-09,343.1094,373.955,233.9557,0.0,0.0
2025-06-10,344.3239,375.2787,234.8543,0.0,0.0
2025-06-11,344.353,375.3104,234.9141,0.0,0.0
2025-06-12,345.1746,376.2059,235.8835,0.0,0.0
2025-06-13,342.932,373.7616,233.8257,-0.65,-0.872
2025-06-16,344.9584,375.9702,234.9,-0.063,-0.417
2025-06-17,342.7386,373.5509,233.7565,-0.706,-0.902
2025-06-18,342.5464,373.3414,233.8441,-0.761,-0.865
2025-06-20,341.8009,372.5289,233.253,-0.977,-1.115
2025-06-23,343.6545,374.5491,234.8259,-0.44,-0.448
2025-06-24,346.5546,377.7099,236.8943,0.0,0.0
2025-06-25,347.128,378.3349,236.8371,0.0,-0.024
2025-06-26,348.9188,380.2866,238.3523,0.0,0.0
2025-06-27,349.0113,380.3875,238.8336,0.0,0.0
2025-06-30,350.5014,382.0116,239.8139,0.0,0.0
2025-07-01,349.1614,381.3137,239.712,-0.382,-0.042
2025-07-02,350.8344,383.1407,240.1857,0.0,0.0
2025-07-03,351.7655,384.1576,240.8941,0.0,0.0
2025-07-07,349.7208,381.9246,239.2049,-0.581,-0.701
2025-07-08,349.8547,382.0708,239.3939,-0.543,-0.623
2025-07-09,351.7005,384.0866,240.5589,-0.018,-0.139
2025-07-10,352.2271,384.6617,240.9251,0.0,0.0
2025-07-11,352.3612,384.8082,239.8502,0.0,-0.446
2025-07-14,352.9293,385.4286,240.0766,0.0,-0.352
2025-07-15,351.5122,383.881,239.1325,-0.402,-0.744
2025-07-16,352.9419,385.4424,239.8413,0.0,-0.45
2025-07-17,353.9039,386.4929,240.6219,0.0,-0.126
2025-07-18,353.7394,386.3133,240.6168,-0.046,-0.128
2025-07-21,354.876,387.5545,241.3568,0.0,0.0
2025-07-22,355.5233,388.2615,241.7149,0.0,0.0
2025-07-23,356.6901,389.5357,243.2158,0.0,0.0
2025-07-24,356.4874,389.3144,242.8325,-0.057,-0.158
2025-07-25,356.4185,389.2391,243.3832,-0.076,0.0
2025-07-28,355.8848,388.6562,242.571,-0.226,-0.334
2025-07-29,355.832,388.5986,242.7832,-0.241,-0.247
2025-07-30,354.6636,387.3225,242.0679,-0.568,-0.54
2025-07-31,353.8558,386.4404,241.3223,-0.795,-0.847
2025-08-01,351.3112,383.6615,240.3753,-1.508,-1.236
2025-08-04,354.7333,387.3986,242.4915,-0.549,-0.366
2025-08-05,353.8957,386.4839,242.1846,-0.783,-0.492
2025-08-06,355.6105,388.3566,243.1428,-0.303,-0.099
2025-08-07,356.7016,389.5482,243.3915,0.0,0.0
2025-08-08,357.646,390.5796,244.0929,0.0,0.0
2025-08-11,357.3369,390.2421,243.803,-0.086,-0.119
2025-08-12,359.6942,392.8164,245.4114,0.0,0.0
2025-08-13,361.3466,394.621,246.4327,0.0,0.0
2025-08-14,359.8356,392.9708,245.9368,-0.418,-0.201
2025-08-15,359.2807,392.3649,245.8117,-0.572,-0.252
2025-08-18,359.2179,392.2963,245.7407,-0.589,-0.281
2025-08-19,357.157,390.0456,245.247,-1.159,-0.481
2025-08-20,357.0968,389.9799,245.1133,-1.176,-0.535
2025-08-21,355.8783,388.6492,244.2997,-1.513,-0.866
2025-08-22,360.481,393.6756,247.0999,-0.24,0.0
2025-08-25,358.3511,391.3496,246.0589,-0.829,-0.421
2025-08-26,359.1567,392.2294,246.5477,-0.606,-0.223
2025-08-27,359.5781,392.6896,246.7234,-0.489,-0.152
2025-08-28,360.6963,393.9107,247.3974,-0.18,0.0
2025-08-29,358.7967,391.8362,246.4763,-0.706,-0.372
2025-09-02,358.2781,391.2699,245.1846,-0.849,-0.894
2025-09-03,359.9167,393.0594,246.1128,-0.396,-0.519
2025-09-04,361.1172,394.3704,247.505,-0.063,0.0
2025-09-05,362.2146,395.5689,248.0165,0.0,0.0
2025-09-08,363.8504,397.3554,249.0713,0.0,0.0
2025-09-09,363.9886,397.5062,249.0695,0.0,-0.001
2025-09-10,365.1781,398.8053,249.6229,0.0,0.0
2025-09-11,367.2194,401.0346,251.2285,0.0,0.0
2025-09-12,367.5986,401.4487,250.9215,0.0,-0.122
2025-09-15,369.1213,403.1116,252.0333,0.0,0.0
2025-09-16,369.3694,403.3826,251.953,0.0,-0.032
2025-09-17,368.6902,402.6408,251.6291,-0.184,-0.16
2025-09-18,369.7588,403.8078,251.9021,0.0,-0.052
2025-09-19,370.1632,404.2495,252.2467,0.0,0.0
2025-09-22,371.0311,405.1973,252.789,0.0,0.0
2025-09-23,370.393,404.5004,252.3728,-0.172,-0.165
2025-09-24,369.5908,403.6243,251.531,-0.388,-0.498
2025-09-25,367.9529,401.8356,250.6413,-0.83,-0.85
2025-09-26,368.9373,402.9107,251.4256,-0.564,-0.539
2025-09-29,371.1777,405.3573,252.2372,0.0,-0.218
2025-09-30,372.0064,406.2624,252.802,0.0,0.0
2025-10-01,372.998,408.1616,253.7698,0.0,0.0
2025-10-02,374.0347,409.2961,254.0875,0.0,0.0
2025-10-03,374.6515,409.971,254.3516,0.0,0.0
2025-10-06,376.8457,412.3721,254.5766,0.0,0.0
2025-10-07,375.596,411.0046,254.005,-0.332,-0.225
2025-10-08,378.0413,413.6804,254.7942,0.0,0.0
2025-10-09,376.0843,411.5389,254.0028,-0.518,-0.311
2025-10-10,369.1442,403.9445,250.482,-2.353,-1.692
2025-10-13,373.8373,409.08,252.9054,-1.112,-0.741
2025-10-14,373.0458,408.2139,252.9204,-1.321,-0.735
2025-10-15,374.6461,409.9651,253.7352,-0.898,-0.416
2025-10-16,374.5514,409.8615,253.6772,-0.923,-0.438
2025-10-17,374.4275,409.7258,254.0628,-0.956,-0.287
2025-10-20,378.6209,414.3146,255.7601,0.0,0.0
2025-10-21,376.746,412.263,255.381,-0.495,-0.148
2025-10-22,375.0665,410.4252,254.9071,-0.939,-0.334
2025-10-23,376.6408,412.1479,255.5714,-0.523,-0.074
2025-10-24,378.3388,414.0059,256.7168,-0.075,0.0
2025-10-27,380.9932,416.9105,258.3939,0.0,0.0
2025-10-28,381.1884,417.1241,258.7206,0.0,0.0
2025-10-29,380.3878,416.248,258.1006,-0.21,-0.24
2025-10-30,377.8933,413.5184,256.4917,-0.864,-0.862
2025-10-31,378.8,414.5106,256.6378,-0.627,-0.805
2025-11-03,378.9707,414.6974,256.8678,-0.582,-0.716
2025-11-04,374.4363,409.7355,255.039,-1.771,-1.423
2025-11-05,376.0555,411.5073,255.4045,-1.347,-1.282
2025-11-06,373.4489,408.655,254.5087,-2.03,-1.628
2025-11-07,374.1133,409.3821,254.6576,-1.856,-1.57
2025-11-10,378.6322,414.3269,256.8522,-0.671,-0.722
2025-11-11,378.895,414.6145,257.6527,-0.602,-0.413
2025-11-12,379.5071,415.2843,257.8625,-0.441,-0.332
2025-11-13,375.0686,410.4274,255.3008,-1.605,-1.322
2025-11-14,373.7299,408.9625,255.0826,-1.957,-1.406
2025-11-17,371.2351,406.2325,253.5412,-2.611,-2.002
2025-11-18,369.9176,404.7908,252.3437,-2.957,-2.465
2025-11-19,370.0627,404.9495,252.5351,-2.919,-2.391
2025-11-20,366.5987,401.159,250.4923,-3.827,-3.18
2025-11-21,367.9395,402.6263,252.2268,-3.476,-2.51
2025-11-24,372.2201,407.3103,254.1059,-2.353,-1.784
2025-11-25,373.6016,408.8221,255.7511,-1.99,-1.148
2025-11-26,375.9415,411.3825,257.0508,-1.376,-0.645
2025-11-28,377.2808,412.8482,257.685,-1.025,-0.4
2025-12-01,375.2018,410.5732,256.6087,-1.57,-0.816
2025-12-02,376.7318,412.2474,256.9624,-1.169,-0.68
2025-12-03,377.7582,413.3705,257.6816,-0.9,-0.402
2025-12-04,377.5251,413.1155,257.687,-0.961,-0.4
2025-12-05,377.4131,412.993,257.8615,-0.99,-0.332
2025-12-08,377.0247,412.5679,257.2916,-1.092,-0.552
2025-12-09,377.5639,413.1579,257.0699,-0.951,-0.638
2025-12-10,379.1801,414.9265,258.5999,-0.527,-0.047
2025-12-11,379.4931,415.269,258.9935,-0.445,0.0
2025-12-12,376.8268,412.3514,257.1903,-1.144,-0.696
2025-12-15,375.8046,411.2328,257.3426,-1.412,-0.637
2025-12-16,375.6154,411.0258,256.9636,-1.462,-0.784
2025-12-17,373.3664,408.5648,255.4592,-2.052,-1.365
2025-12-18,375.0918,410.4527,256.8648,-1.599,-0.822
2025-12-19,377.9099,413.5365,257.9543,-0.86,-0.401
2025-12-22,379.5983,415.3841,258.8737,-0.417,-0.046
2025-12-23,380.8147,416.7152,259.6692,-0.098,0.0
2025-12-24,381.3205,417.2687,260.3086,0.0,0.0
2025-12-26,382.127,418.1512,260.4868,0.0,0.0
2025-12-29,380.0488,415.8771,260.0992,-0.544,-0.149
2025-12-30,380.0406,415.8681,260.0173,-0.546,-0.18
2025-12-31,378.278,413.9394,258.7574,-1.007,-0.664
2026-01-02,379.1503,415.7254,259.6632,-0.779,-0.316
2026-01-05,382.5996,419.5074,261.101,0.0,0.0
2026-01-06,383.7559,420.7752,261.9051,0.0,0.0
2026-01-07,382.6684,419.5828,261.4127,-0.283,-0.188
2026-01-08,382.2914,419.1695,261.2472,-0.382,-0.251
2026-01-09,384.1264,421.1814,262.5495,0.0,0.0
2026-01-12,385.8643,423.087,263.1156,0.0,0.0
2026-01-13,385.9347,423.1643,262.6951,0.0,-0.16
2026-01-14,386.3186,423.5852,262.628,0.0,-0.185
2026-01-15,386.0642,423.3062,262.8407,-0.066,-0.104
2026-01-16,385.5282,422.7185,262.613,-0.205,-0.191
2026-01-20,381.4261,418.2207,259.4758,-1.266,-1.383
2026-01-21,384.877,422.0045,261.5445,-0.373,-0.597
2026-01-22,386.6737,423.9745,262.457,0.0,-0.25
2026-01-23,387.4002,424.771,262.9204,0.0,-0.074
2026-01-26,388.2049,425.6534,263.8106,0.0,0.0
2026-01-27,391.5229,429.2914,265.0081,0.0,0.0
2026-01-28,392.7581,430.6459,264.7028,0.0,-0.115
2026-01-29,391.4723,429.236,264.6413,-0.327,-0.138
2026-01-30,385.9796,423.2134,263.3761,-1.726,-0.616
2026-02-02,384.597,421.6975,264.1507,-2.078,-0.324
2026-02-03,384.9363,422.0695,263.4033,-1.992,-0.606
2026-02-04,382.8122,419.7405,262.7853,-2.532,-0.839
2026-02-05,377.4483,413.8592,261.2864,-3.898,-1.404
2026-02-06,384.7181,421.8303,264.5114,-2.047,-0.187
2026-02-09,387.4566,424.8329,265.7875,-1.35,0.0
2026-02-10,386.4865,423.7692,265.9377,-1.597,0.0
2026-02-11,387.1523,424.4992,266.1516,-1.427,0.0
2026-02-12,382.6566,419.5699,264.411,-2.572,-0.654
2026-02-13,384.7656,421.8824,264.9707,-2.035,-0.444
2026-02-17,383.5348,420.5329,265.0216,-2.348,-0.425
2026-02-18,385.1345,422.2869,265.623,-1.941,-0.199
2026-02-19,385.0581,422.2031,265.3085,-1.96,-0.317
2026-02-20,387.9761,425.4025,266.7147,-1.218,0.0
2026-02-23,386.0853,423.3293,265.5826,-1.699,-0.424
2026-02-24,387.6428,425.0371,266.6185,-1.302,-0.036
2026-02-25,390.921,428.6315,268.0036,-0.468,0.0
2026-02-26,389.4562,427.0254,267.4023,-0.841,-0.224
2026-02-27,389.1699,426.7115,267.0294,-0.914,-0.363
2026-03-02,388.9793,426.5025,265.6771,-0.962,-0.868
2026-03-03,382.9573,419.8996,262.6987,-2.495,-1.979
2026-03-04,386.2644,423.5257,263.8996,-1.653,-1.531
2026-03-05,383.2967,420.2717,261.993,-2.409,-2.243
2026-03-06,381.4718,418.2708,259.9617,-2.874,-3.001
2026-03-09,383.9287,420.9647,261.8087,-2.248,-2.311
2026-03-10,384.2446,421.3111,261.4236,-2.168,-2.455
2026-03-11,383.9568,420.9955,260.7908,-2.241,-2.691
2026-03-12,379.8311,416.4718,257.7613,-3.291,-3.822
2026-03-13,378.1643,414.6442,256.5993,-3.716,-4.255
2026-03-16,381.7486,418.5743,259.0493,-2.803,-3.341
2026-03-17,383.0123,419.9599,259.7741,-2.481,-3.071
2026-03-18,378.1643,414.6443,257.0147,-3.716,-4.1
2026-03-19,375.9379,412.2031,256.7896,-4.283,-4.184
2026-03-20,370.5516,406.2972,252.8853,-5.654,-5.641
2026-03-23,372.7446,408.7017,255.6343,-5.096,-4.615
2026-03-24,371.3165,407.1358,254.5962,-5.459,-5.003
2026-03-25,374.2003,410.2978,256.3072,-4.725,-4.364
2026-03-26,368.5067,404.0551,252.639,-6.175,-5.733
2026-03-27,366.5081,401.8636,250.6186,-6.684,-6.487
2026-03-30,366.2652,401.5973,250.7616,-6.745,-6.434
2026-03-31,372.876,408.8458,255.4413,-5.062,-4.687
2026-04-01,374.4257,411.3678,256.8915,-4.668,-4.146
2026-04-02,373.835,410.7188,256.8811,-4.818,-4.15
2026-04-06,375.6268,412.6873,257.5109,-4.362,-3.915
2026-04-07,375.8265,412.9068,257.7604,-4.311,-3.822
2026-04-08,382.3517,420.0757,262.6983,-2.65,-1.98
2026-04-09,383.581,421.4263,263.2633,-2.337,-1.769
2026-04-10,384.0769,421.9711,263.1708,-2.21,-1.803
2026-04-13,386.1411,424.239,264.8508,-1.685,-1.176
2026-04-14,389.5648,428.0005,267.0156,-0.813,-0.369
2026-04-15,390.8682,429.4324,267.6425,-0.481,-0.135
2026-04-16,391.5899,430.2254,267.7172,-0.297,-0.107
2026-04-17,394.8781,433.838,270.2172,0.0,0.0
2026-04-20,393.9552,432.824,269.7567,-0.234,-0.17
2026-04-21,391.3214,429.9304,267.6428,-0.901,-0.953
2026-04-22,395.3388,434.3442,269.3617,0.0,-0.317
2026-04-23,393.5305,432.3575,268.1529,-0.457,-0.764
2026-04-24,396.2344,435.3282,269.7264,0.0,-0.182
2026-04-27,396.0442,435.1191,269.6446,-0.048,-0.212
2026-04-28,394.2524,433.1506,268.7646,-0.5,-0.538
2026-04-29,394.0777,432.9587,267.8645,-0.544,-0.871
2026-04-30,396.5966,435.726,270.3141,0.0,0.0
2026-05-01,398.0339,437.3051,270.7287,0.0,0.0
2026-05-04,397.3593,436.564,269.4921,-0.169,-0.457
2026-05-05,400.4022,439.9071,271.328,0.0,0.0
2026-05-06,404.7922,444.7302,274.8257,0.0,0.0
2026-05-07,403.2978,443.0885,273.2901,-0.369,-0.559
2026-05-08,406.787,446.9219,275.2778,0.0,0.0
2026-05-11,407.9761,448.2283,275.2529,0.0,-0.009
2026-05-12,405.6999,445.7275,274.0317,-0.558,-0.453
2026-05-13,407.327,447.5151,275.2763,-0.159,-0.001
2026-05-14,409.1034,449.4668,276.1183,0.0,0.0
2026-05-15,404.0872,443.9557,272.8486,-1.226,-1.184
2026-05-18,403.3869,443.1863,272.9664,-1.397,-1.141
2026-05-19,401.3747,440.9756,271.4089,-1.889,-1.706
2026-05-20,404.7905,444.7284,274.0688,-1.054,-0.742
2026-05-21,405.4774,445.4831,274.6693,-0.886,-0.525
2026-05-22,405.467,445.4716,275.151,-0.889,-0.35
2026-05-26,408.9449,449.2927,277.3002,-0.039,0.0
2026-05-27,408.0339,448.2918,277.2171,-0.261,-0.03
2026-05-28,409.2121,449.5863,278.1808,0.0,0.0
2026-05-29,409.9043,450.3467,278.5533,0.0,0.0
2026-06-01,410.6142,451.1266,278.9821,0.0,0.0
2026-06-02,410.4844,450.9841,279.605,-0.032,0.0
2026-06-03,408.1807,448.4531,278.0011,-0.593,-0.574
2026-06-04,407.67,447.892,278.7023,-0.717,-0.323
2026-06-05,396.7802,435.9278,273.0183,-3.369,-2.356
2026-06-08,399.6218,439.0498,273.748,-2.677,-2.095
2026-06-09,398.0847,437.361,273.6867,-3.051,-2.117
2026-06-10,393.6929,432.5359,270.9666,-4.121,-3.09
2026-06-11,400.4856,439.9988,275.2889,-2.467,-1.544
2026-06-12,401.7055,441.3391,276.0241,-2.17,-1.281
2026-06-15,407.8829,448.1259,279.0009,-0.665,-0.216
2026-06-16,405.2639,445.2486,278.2255,-1.303,-0.493
2026-06-17,402.1358,441.8118,276.103,-2.065,-1.252
2026-06-18,405.79,445.8265,278.1985,-1.175,-0.503
2026-06-22,405.6341,445.6552,277.7675,-1.213,-0.657
2026-06-23,398.5656,437.8893,274.4471,-2.934,-1.845
2026-06-24,397.286,436.4835,274.7519,-3.246,-1.736
2026-06-25,398.3976,437.7047,275.3179,-2.975,-1.533
2026-06-26,396.7089,435.8495,274.4185,-3.386,-1.855
2026-06-29,400.3784,439.881,276.6176,-2.493,-1.068
2026-06-30,402.3467,442.0435,277.5644,-2.013,-0.73
2026-07-01,399.9559,440.2974,276.562,-2.596,-1.088
2026-07-02,399.7661,440.0884,276.7389,-2.642,-1.025
2026-07-06,403.7213,444.4426,278.5824,-1.679,-0.366
2026-07-07,400.9173,441.3558,276.5831,-2.362,-1.081
2026-07-08,400.0972,440.4529,275.9249,-2.561,-1.316
2026-07-09,402.6124,443.2219,277.2987,-1.949,-0.825
2026-07-10,403.6324,444.3448,278.0058,-1.7,-0.572
2026-07-13,399.642,439.9519,275.7166,-2.672,-1.391
2026-07-14,402.445,443.0375,277.0118,-1.99,-0.927
2026-07-15,403.0125,443.6623,277.8447,-1.851,-0.63
2026-07-16,400.1441,440.5046,276.6339,-2.55,-1.063
2026-07-17,398.2257,438.3927,275.135,-3.017,-1.599
2026-07-20,398.2945,438.4684,274.5119,-3.0,-1.822
2026-07-21,402.2259,442.7963,276.0802,-2.043,-1.261
2026-07-22,401.7614,442.2851,275.7688,-2.156,-1.372
2026-07-23,398.4071,438.5924,273.6346,-2.973,-2.135
2026-07-24,397.3582,437.4377,273.6685,-3.228,-2.123
2026-07-27,397.7193,437.8352,274.1768,-3.14,-1.941
2026-07-28,396.1501,436.1077,274.366,-3.523,-1.874
2026-07-29,392.8284,432.451,271.7432,-4.331,-2.812
2026-07-30,398.0207,438.167,275.1534,-3.067,-1.592
2026-07-31,398.0863,438.2392,275.5338,-3.051,-1.456
